{
	"textures": {
		"2": "block/white_stained_glass",
		"3": "block/black_shulker_box"
	},
	"elements": [
		{
			"from": [4.5, 0, 10],
			"to": [12, 4.5, 10.5],
			"faces": {
				"north": {"uv": [0, 0, 7.5, 4.5], "texture": "#3"},
				"east": {"uv": [0, 0, 0.5, 4.5], "texture": "#3"},
				"south": {"uv": [0, 0, 7.5, 4.5], "texture": "#3"},
				"west": {"uv": [0, 0, 0.5, 4.5], "texture": "#3"},
				"up": {"uv": [0, 0, 7.5, 0.5], "texture": "#3"},
				"down": {"uv": [0, 0, 7.5, 0.5], "texture": "#3"}
			}
		},
		{
			"from": [5.5, 0.45, 15.25],
			"to": [11, 3.95, 15.75],
			"faces": {
				"north": {"uv": [0, 0, 5.5, 3.5], "texture": "#3"},
				"east": {"uv": [0, 0, 0.5, 3.5], "texture": "#3"},
				"south": {"uv": [0, 0, 5.5, 3.5], "texture": "#3"},
				"west": {"uv": [0, 0, 0.5, 3.5], "texture": "#3"},
				"up": {"uv": [0, 0, 5.5, 0.5], "texture": "#3"},
				"down": {"uv": [0, 0, 5.5, 0.5], "texture": "#3"}
			}
		},
		{
			"from": [7, 1, 10.5],
			"to": [9.5, 3.5, 15.5],
			"faces": {
				"north": {"uv": [0, 0, 2.5, 2.5], "texture": "#3"},
				"east": {"uv": [0, 0, 5, 2.5], "texture": "#3"},
				"south": {"uv": [0, 0, 2.5, 2.5], "texture": "#3"},
				"west": {"uv": [0, 0, 5, 2.5], "texture": "#3"},
				"up": {"uv": [0, 0, 2.5, 5], "texture": "#3"},
				"down": {"uv": [0, 0, 2.5, 5], "texture": "#3"}
			}
		},
		{
			"from": [6.5, 0.5, -6],
			"to": [10, 4, 10],
			"faces": {
				"north": {"uv": [0, 0, 3.5, 3.5], "texture": "#2"},
				"east": {"uv": [0, 0, 16, 3.5], "texture": "#2"},
				"west": {"uv": [0, 0, 16, 3.5], "texture": "#2"},
				"up": {"uv": [1, 0, 4.5, 16], "texture": "#2"},
				"down": {"uv": [0, 0, 3.5, 16], "texture": "#2"}
			}
		},
		{
			"from": [7, 1, -6.5],
			"to": [9.5, 3.5, -6],
			"faces": {
				"north": {"uv": [0, 0, 2.5, 2.5], "texture": "#2"},
				"east": {"uv": [0, 0, 0.5, 2.5], "texture": "#2"},
				"west": {"uv": [0, 0, 0.5, 2.5], "texture": "#2"},
				"up": {"uv": [0, 0, 2.5, 0.5], "texture": "#2"},
				"down": {"uv": [0, 0, 2.5, 0.5], "texture": "#2"}
			}
		},
		{
			"from": [7.5, 1.5, -7],
			"to": [9, 3, -6.5],
			"faces": {
				"north": {"uv": [0, 0, 1.5, 1.5], "texture": "#2"},
				"east": {"uv": [0, 0, 0.5, 1.5], "texture": "#2"},
				"west": {"uv": [0, 0, 0.5, 1.5], "texture": "#2"},
				"up": {"uv": [0, 0, 1.5, 0.5], "texture": "#2"},
				"down": {"uv": [0, 0, 1.5, 0.5], "texture": "#2"}
			}
		},
		{
			"from": [8, 2, -12],
			"to": [8.5, 2.5, -7],
			"faces": {
				"north": {"uv": [0, 0, 0.5, 0.5], "texture": "#2"},
				"east": {"uv": [0, 0, 5, 0.5], "texture": "#2"},
				"west": {"uv": [0, 0, 5, 0.5], "texture": "#2"},
				"up": {"uv": [0, 0, 0.5, 5], "texture": "#2"},
				"down": {"uv": [0, 0, 0.5, 5], "texture": "#2"}
			}
		}
	],
	"display": {
		"thirdperson_righthand": {
			"rotation": [121, 0, 0],
			"translation": [0, -1, 0.75],
			"scale": [0.25, 0.25, 0.25]
		},
		"thirdperson_lefthand": {
			"rotation": [121, 0, 0],
			"translation": [0, -1, 0.75],
			"scale": [0.25, 0.25, 0.25]
		},
		"firstperson_righthand": {
			"rotation": [78, 0, 0],
			"translation": [1.5, 0, 0],
			"scale": [0.5, 0.5, 0.4]
		},
		"firstperson_lefthand": {
			"rotation": [78, 0, 0],
			"translation": [1.5, 0, 0],
			"scale": [0.5, 0.5, 0.4]
		},
		"ground": {
			"translation": [0, 2.75, 0],
			"scale": [0.3, 0.3, 0.3]
		},
		"gui": {
			"rotation": [90, 38, 0],
			"translation": [1.25, -2.75, 0],
			"scale": [0.6, 0.6, 0.6]
		},
		"head": {
			"rotation": [-90, -55.75, -90],
			"translation": [-9.25, 7.5, 0.75],
			"scale": [0.25, 0.25, 0.25]
		},
		"fixed": {
			"rotation": [90, -38, 0],
			"translation": [-1, -2, 2.75],
			"scale": [0.6, 0.6, 0.6]
		}
	},
	"groups": [
		{
			"name": "base",
			"origin": [0, 0, 0],
			"color": 0,
			"children": [0, 1, 2]
		},
		{
			"name": "bottle",
			"origin": [0, 0, 0],
			"color": 0,
			"children": [3, 4, 5, 6]
		}
	]
}
