{
	"credit": "Made with Blockbench",
	"textures": {
		"0": "block/iron_block",
		"1": "block/hopper_top",
		"2": "block/hopper_inside",
		"3": "block/hopper_outside",
		"4": "block/fire_0",
		"5": "block/fire_1",
		"6": "block/magma",
		"particle": "block/iron_block"
	},
	"elements": [
		{
			"from": [5.3, 3.9, -1.5],
			"to": [10.45, 13.6, 4.5],
			"faces": {
				"north": {"uv": [0, 0, 16, 16], "texture": "#0"},
				"east": {"uv": [0, 6, 16, 15], "texture": "#0"},
				"south": {"uv": [0, 0, 16, 16], "texture": "#0"},
				"west": {"uv": [0, 0, 7, 16], "texture": "#0"},
				"up": {"uv": [0, 4, 16, 16], "texture": "#0"},
				"down": {"uv": [0, 8, 16, 16], "rotation": 90, "texture": "#0"}
			}
		},
		{
			"name": "north",
			"from": [0.5, -4.1, 0.6],
			"to": [3.3, 0.6, 0.6],
			"faces": {
				"north": {"uv": [0, 0, 16, 16], "rotation": 180, "texture": "#5"},
				"south": {"uv": [0, 0, 16, 16], "rotation": 180, "texture": "#5"}
			}
		},
		{
			"name": "south",
			"from": [0.5, -4.1, 3.4],
			"to": [3.3, 0.6, 3.4],
			"faces": {
				"north": {"uv": [0, 0, 16, 16], "rotation": 180, "texture": "#5"},
				"south": {"uv": [0, 0, 16, 16], "rotation": 180, "texture": "#5"}
			}
		},
		{
			"name": "west",
			"from": [0.5, -4.1, 0.6],
			"to": [0.5, 0.6, 3.4],
			"faces": {
				"east": {"uv": [0, 0, 16, 16], "rotation": 180, "texture": "#5"},
				"west": {"uv": [0, 0, 16, 16], "rotation": 180, "texture": "#5"}
			}
		},
		{
			"name": "east",
			"from": [3.3, -4.1, 0.6],
			"to": [3.3, 0.6, 3.4],
			"faces": {
				"east": {"uv": [0, 0, 16, 16], "rotation": 180, "texture": "#5"},
				"west": {"uv": [0, 0, 16, 16], "rotation": 180, "texture": "#5"}
			}
		},
		{
			"name": "north",
			"from": [0.4, -4.1, 0.5],
			"to": [3.4, 0.6, 0.5],
			"faces": {
				"north": {"uv": [0, 0, 16, 16], "rotation": 180, "texture": "#4"},
				"south": {"uv": [0, 0, 16, 16], "rotation": 180, "texture": "#4"}
			}
		},
		{
			"name": "south",
			"from": [0.4, -4.1, 3.5],
			"to": [3.4, 0.6, 3.5],
			"faces": {
				"north": {"uv": [0, 0, 16, 16], "rotation": 180, "texture": "#4"},
				"south": {"uv": [0, 0, 16, 16], "rotation": 180, "texture": "#4"}
			}
		},
		{
			"name": "east",
			"from": [0.4, -4.1, 0.5],
			"to": [0.4, 0.6, 3.5],
			"faces": {
				"east": {"uv": [0, 0, 16, 16], "rotation": 180, "texture": "#4"},
				"west": {"uv": [0, 0, 16, 16], "rotation": 180, "texture": "#4"}
			}
		},
		{
			"name": "west",
			"from": [3.4, -4.1, 0.5],
			"to": [3.4, 0.6, 3.5],
			"faces": {
				"east": {"uv": [0, 0, 16, 16], "rotation": 180, "texture": "#4"},
				"west": {"uv": [0, 0, 16, 16], "rotation": 180, "texture": "#4"}
			}
		},
		{
			"from": [0.65, 0.4, 0.5],
			"to": [3.65, 0.5, 3.5],
			"faces": {
				"north": {"uv": [0, 0, 5, 0.1], "texture": "#3"},
				"east": {"uv": [0, 0, 5, 0.1], "texture": "#3"},
				"south": {"uv": [0, 0, 5, 0.1], "texture": "#3"},
				"west": {"uv": [0, 0, 5, 0.1], "texture": "#3"},
				"up": {"uv": [0, 0, 5, 5], "texture": "#0"},
				"down": {"uv": [0, 0, 16, 16], "texture": "#6"}
			}
		},
		{
			"from": [-0.35, 0.8, -0.5],
			"to": [4.65, 2.9, 4.5],
			"faces": {
				"north": {"uv": [0, 0, 5, 2.2], "texture": "#0"},
				"east": {"uv": [0, 0, 5, 2.2], "texture": "#0"},
				"south": {"uv": [0, 0, 5, 2.2], "texture": "#0"},
				"west": {"uv": [0, 0, 5, 2.2], "texture": "#0"},
				"up": {"uv": [0, 0, 5, 5], "texture": "#0"},
				"down": {"uv": [0, 0, 16, 16], "texture": "#2"}
			}
		},
		{
			"from": [0.65, 2.9, 0.5],
			"to": [3.65, 4.9, 3.5],
			"faces": {
				"north": {"uv": [0, 0, 3, 2], "texture": "#0"},
				"east": {"uv": [0, 0, 3, 2], "texture": "#0"},
				"south": {"uv": [0, 0, 3, 2], "texture": "#0"},
				"west": {"uv": [0, 0, 3, 2], "texture": "#0"},
				"up": {"uv": [0, 0, 3, 3], "texture": "#0"}
			}
		},
		{
			"from": [-0.35, 4.9, -0.5],
			"to": [4.65, 11.9, 4.5],
			"faces": {
				"north": {"uv": [0, 0, 5, 7], "texture": "#0"},
				"east": {"uv": [11, 0, 16, 7], "texture": "#0"},
				"south": {"uv": [5, 0, 10, 7], "texture": "#0"},
				"west": {"uv": [11, 0, 16, 7], "texture": "#0"},
				"up": {"uv": [11, 11, 16, 16], "texture": "#0"},
				"down": {"uv": [11, 11, 16, 16], "texture": "#0"}
			}
		},
		{
			"from": [3.75, 6.9, 0.4],
			"to": [6.75, 10.9, 3.4],
			"faces": {
				"north": {"uv": [0, 0, 1, 4], "texture": "#0"},
				"east": {"uv": [0, 0, 3, 4], "texture": "#0"},
				"south": {"uv": [0, 0, 1, 4], "texture": "#0"},
				"west": {"uv": [0, 0, 3, 4], "texture": "#0"},
				"up": {"uv": [0, 0, 3, 1], "rotation": 90, "texture": "#0"},
				"down": {"uv": [0, 0, 3, 1], "rotation": 270, "texture": "#0"}
			}
		},
		{
			"from": [-0.35, 0.6, -0.5],
			"to": [0.65, 0.8, 4.5],
			"faces": {
				"north": {"uv": [0, 0, 5, 0.1], "texture": "#0"},
				"east": {"uv": [0, 0, 5, 0.1], "texture": "#3"},
				"south": {"uv": [0, 0, 5, 0.1], "texture": "#0"},
				"west": {"uv": [0, 0, 5, 0.1], "texture": "#0"},
				"up": {"uv": [0, 0, 5, 5], "texture": "#0"},
				"down": {"uv": [0, 0, 3, 16], "texture": "#1"}
			}
		},
		{
			"from": [3.65, 0.6, -0.5],
			"to": [4.65, 0.8, 4.5],
			"faces": {
				"north": {"uv": [0, 0, 5, 0.1], "texture": "#0"},
				"east": {"uv": [0, 0, 5, 0.1], "texture": "#0"},
				"south": {"uv": [0, 0, 5, 0.1], "texture": "#0"},
				"west": {"uv": [0, 0, 5, 0.1], "texture": "#3"},
				"up": {"uv": [0, 0, 5, 5], "texture": "#0"},
				"down": {"uv": [13, 0, 16, 16], "texture": "#1"}
			}
		},
		{
			"from": [0.65, 0.6, 3.5],
			"to": [3.65, 0.8, 4.5],
			"faces": {
				"north": {"uv": [0, 0, 5, 0.1], "texture": "#3"},
				"east": {"uv": [0, 0, 5, 0.1], "texture": "#3"},
				"south": {"uv": [0, 0, 5, 0.1], "texture": "#0"},
				"west": {"uv": [0, 0, 5, 0.1], "texture": "#3"},
				"up": {"uv": [0, 0, 5, 5], "texture": "#0"},
				"down": {"uv": [3, 0, 13, 3], "texture": "#1"}
			}
		},
		{
			"from": [0.65, 0.6, -0.5],
			"to": [3.65, 0.8, 0.5],
			"faces": {
				"north": {"uv": [0, 0, 5, 0.1], "texture": "#0"},
				"east": {"uv": [0, 0, 5, 0.1], "texture": "#3"},
				"south": {"uv": [0, 0, 5, 0.1], "texture": "#3"},
				"west": {"uv": [0, 0, 5, 0.1], "texture": "#3"},
				"up": {"uv": [0, 0, 5, 5], "texture": "#0"},
				"down": {"uv": [3, 13, 13, 16], "texture": "#1"}
			}
		},
		{
			"from": [0.65, 0.7, 0.5],
			"to": [3.65, 0.8, 3.5],
			"faces": {
				"north": {"uv": [0, 0, 5, 0.1], "texture": "#3"},
				"east": {"uv": [0, 0, 5, 0.1], "texture": "#3"},
				"south": {"uv": [0, 0, 5, 0.1], "texture": "#3"},
				"west": {"uv": [0, 0, 5, 0.1], "texture": "#3"},
				"up": {"uv": [0, 0, 5, 5], "texture": "#0"},
				"down": {"uv": [0, 0, 16, 16], "texture": "#2"}
			}
		},
		{
			"name": "north",
			"from": [12.4, -4.1, 0.5],
			"to": [15.4, 0.6, 0.5],
			"faces": {
				"north": {"uv": [0, 0, 16, 16], "rotation": 180, "texture": "#4"},
				"south": {"uv": [0, 0, 16, 16], "rotation": 180, "texture": "#4"}
			}
		},
		{
			"name": "south",
			"from": [12.4, -4.1, 3.5],
			"to": [15.4, 0.6, 3.5],
			"faces": {
				"north": {"uv": [0, 0, 16, 16], "rotation": 180, "texture": "#4"},
				"south": {"uv": [0, 0, 16, 16], "rotation": 180, "texture": "#4"}
			}
		},
		{
			"name": "east",
			"from": [12.4, -4.1, 0.5],
			"to": [12.4, 0.6, 3.5],
			"faces": {
				"east": {"uv": [0, 0, 16, 16], "rotation": 180, "texture": "#4"},
				"west": {"uv": [0, 0, 16, 16], "rotation": 180, "texture": "#4"}
			}
		},
		{
			"name": "west",
			"from": [15.4, -4.1, 0.5],
			"to": [15.4, 0.6, 3.5],
			"faces": {
				"east": {"uv": [0, 0, 16, 16], "rotation": 180, "texture": "#4"},
				"west": {"uv": [0, 0, 16, 16], "rotation": 180, "texture": "#4"}
			}
		},
		{
			"from": [12.35, 0.4, 0.5],
			"to": [15.35, 0.5, 3.5],
			"rotation": {"angle": 0, "axis": "y", "origin": [15, 0, 0]},
			"faces": {
				"north": {"uv": [5, 0, 0, 0.1], "texture": "#3"},
				"east": {"uv": [5, 0, 0, 0.1], "texture": "#3"},
				"south": {"uv": [5, 0, 0, 0.1], "texture": "#3"},
				"west": {"uv": [5, 0, 0, 0.1], "texture": "#3"},
				"up": {"uv": [5, 0, 0, 5], "texture": "#0"},
				"down": {"uv": [16, 0, 0, 16], "texture": "#6"}
			}
		},
		{
			"from": [11.35, 0.8, -0.5],
			"to": [16.35, 2.9, 4.5],
			"rotation": {"angle": 0, "axis": "y", "origin": [15, 0, 0]},
			"faces": {
				"north": {"uv": [5, 0, 0, 2.2], "texture": "#0"},
				"east": {"uv": [5, 0, 0, 2.2], "texture": "#0"},
				"south": {"uv": [5, 0, 0, 2.2], "texture": "#0"},
				"west": {"uv": [5, 0, 0, 2.2], "texture": "#0"},
				"up": {"uv": [5, 0, 0, 5], "texture": "#0"},
				"down": {"uv": [16, 0, 0, 16], "texture": "#2"}
			}
		},
		{
			"from": [12.35, 2.9, 0.5],
			"to": [15.35, 4.9, 3.5],
			"rotation": {"angle": 0, "axis": "y", "origin": [15, 0, 0]},
			"faces": {
				"north": {"uv": [3, 0, 0, 2], "texture": "#0"},
				"east": {"uv": [3, 0, 0, 2], "texture": "#0"},
				"south": {"uv": [3, 0, 0, 2], "texture": "#0"},
				"west": {"uv": [3, 0, 0, 2], "texture": "#0"},
				"up": {"uv": [3, 0, 0, 3], "texture": "#0"}
			}
		},
		{
			"from": [11.35, 4.9, -0.5],
			"to": [16.35, 11.9, 4.5],
			"rotation": {"angle": 0, "axis": "y", "origin": [15, 0, 0]},
			"faces": {
				"north": {"uv": [5, 0, 0, 7], "texture": "#0"},
				"east": {"uv": [16, 0, 11, 7], "texture": "#0"},
				"south": {"uv": [10, 0, 5, 7], "texture": "#0"},
				"west": {"uv": [16, 0, 11, 7], "texture": "#0"},
				"up": {"uv": [16, 11, 11, 16], "texture": "#0"},
				"down": {"uv": [16, 11, 11, 16], "texture": "#0"}
			}
		},
		{
			"from": [15.35, 0.6, -0.5],
			"to": [16.35, 0.8, 4.5],
			"rotation": {"angle": 0, "axis": "y", "origin": [15, 0, 0]},
			"faces": {
				"north": {"uv": [5, 0, 0, 0.1], "texture": "#0"},
				"east": {"uv": [5, 0, 0, 0.1], "texture": "#0"},
				"south": {"uv": [5, 0, 0, 0.1], "texture": "#0"},
				"west": {"uv": [5, 0, 0, 0.1], "texture": "#3"},
				"up": {"uv": [5, 0, 0, 5], "texture": "#0"},
				"down": {"uv": [3, 0, 0, 16], "texture": "#1"}
			}
		},
		{
			"from": [11.35, 0.6, -0.5],
			"to": [12.35, 0.8, 4.5],
			"rotation": {"angle": 0, "axis": "y", "origin": [15, 0, 0]},
			"faces": {
				"north": {"uv": [5, 0, 0, 0.1], "texture": "#0"},
				"east": {"uv": [5, 0, 0, 0.1], "texture": "#3"},
				"south": {"uv": [5, 0, 0, 0.1], "texture": "#0"},
				"west": {"uv": [5, 0, 0, 0.1], "texture": "#0"},
				"up": {"uv": [5, 0, 0, 5], "texture": "#0"},
				"down": {"uv": [16, 0, 13, 16], "texture": "#1"}
			}
		},
		{
			"from": [12.35, 0.6, 3.5],
			"to": [15.35, 0.8, 4.5],
			"rotation": {"angle": 0, "axis": "y", "origin": [15, 0, 0]},
			"faces": {
				"north": {"uv": [5, 0, 0, 0.1], "texture": "#3"},
				"east": {"uv": [5, 0, 0, 0.1], "texture": "#3"},
				"south": {"uv": [5, 0, 0, 0.1], "texture": "#0"},
				"west": {"uv": [5, 0, 0, 0.1], "texture": "#3"},
				"up": {"uv": [5, 0, 0, 5], "texture": "#0"},
				"down": {"uv": [13, 0, 3, 3], "texture": "#1"}
			}
		},
		{
			"from": [12.35, 0.6, -0.5],
			"to": [15.35, 0.8, 0.5],
			"rotation": {"angle": 0, "axis": "y", "origin": [15, 0, 0]},
			"faces": {
				"north": {"uv": [5, 0, 0, 0.1], "texture": "#0"},
				"east": {"uv": [5, 0, 0, 0.1], "texture": "#3"},
				"south": {"uv": [5, 0, 0, 0.1], "texture": "#3"},
				"west": {"uv": [5, 0, 0, 0.1], "texture": "#3"},
				"up": {"uv": [5, 0, 0, 5], "texture": "#0"},
				"down": {"uv": [13, 13, 3, 16], "texture": "#1"}
			}
		},
		{
			"from": [12.35, 0.7, 0.5],
			"to": [15.35, 0.8, 3.5],
			"rotation": {"angle": 0, "axis": "y", "origin": [15, 0, 0]},
			"faces": {
				"north": {"uv": [5, 0, 0, 0.1], "texture": "#3"},
				"east": {"uv": [5, 0, 0, 0.1], "texture": "#3"},
				"south": {"uv": [5, 0, 0, 0.1], "texture": "#3"},
				"west": {"uv": [5, 0, 0, 0.1], "texture": "#3"},
				"up": {"uv": [5, 0, 0, 5], "texture": "#0"},
				"down": {"uv": [16, 0, 0, 16], "texture": "#2"}
			}
		},
		{
			"from": [9.25, 6.9, 0.4],
			"to": [12.25, 10.9, 3.4],
			"faces": {
				"north": {"uv": [0, 0, 1, 4], "texture": "#0"},
				"east": {"uv": [0, 0, 3, 4], "texture": "#0"},
				"south": {"uv": [0, 0, 1, 4], "texture": "#0"},
				"west": {"uv": [0, 0, 3, 4], "texture": "#0"},
				"up": {"uv": [0, 0, 3, 1], "rotation": 90, "texture": "#0"},
				"down": {"uv": [0, 0, 3, 1], "rotation": 270, "texture": "#0"}
			}
		}
	],
	"display": {
		"thirdperson_righthand": {
			"rotation": [90, -180, 0],
			"translation": [-2.5, -2.5, 8],
			"scale": [0.85, 0.85, 0.85]
		},
		"thirdperson_lefthand": {
			"rotation": [90, -180, 0],
			"translation": [2.75, -2.5, 8],
			"scale": [0.85, 0.85, 0.85]
		},
		"firstperson_righthand": {
			"rotation": [50, -180, 0],
			"translation": [-8, 2.25, 16],
			"scale": [2, 2, 2]
		},
		"firstperson_lefthand": {
			"rotation": [50, -180, 0],
			"translation": [8, 2.25, 16],
			"scale": [2, 2, 2]
		},
		"head": {
			"translation": [0, -49.25, 12.75]
		}
	},
	"groups": [
		0,
		{
			"name": "base",
			"origin": [0, 0, 0],
			"color": 0,
			"children": []
		},
		{
			"name": "flame",
			"origin": [0, 0, 0],
			"color": 0,
			"children": [
				{
					"name": "interior",
					"origin": [0, 0, 0],
					"color": 0,
					"children": [1, 2, 3, 4]
				},
				{
					"name": "exterior",
					"origin": [0, 0, 0],
					"color": 0,
					"children": [5, 6, 7, 8]
				}
			]
		},
		{
			"name": "side-box",
			"origin": [0, 0, 0],
			"color": 0,
			"children": [9, 10, 11, 12, 13, 14, 15, 16, 17, 18]
		},
		{
			"name": "exterior",
			"origin": [0, 0, 0],
			"color": 0,
			"children": [19, 20, 21, 22]
		},
		{
			"name": "side-box",
			"origin": [0, 0, 0],
			"color": 0,
			"children": [23, 24, 25, 26, 27, 28, 29, 30, 31, 32]
		}
	]
}