{
	"credit": "Made with Blockbench",
	"textures": {
		"0": "block/diamond_block",
		"1": "block/iron_block",
		"2": "block/black_shulker_box",
		"3": "block/gold_block",
		"particle": "block/diamond_block"
	},
	"elements": [
		{
			"from": [4.75, 6.75, -2],
			"to": [11.25, 8.25, 1],
			"rotation": {"angle": 0, "axis": "y", "origin": [0, 0, -7]},
			"faces": {
				"north": {"uv": [0, 0, 6.5, 1.5], "texture": "#2"},
				"east": {"uv": [0, 0, 1, 1.5], "texture": "#2"},
				"south": {"uv": [0, 0, 6.5, 1.5], "texture": "#2"},
				"west": {"uv": [0, 0, 1, 1.5], "texture": "#2"},
				"up": {"uv": [0, 0, 6.5, 3], "texture": "#2"},
				"down": {"uv": [0, 0, 6.5, 1], "texture": "#2"}
			}
		},
		{
			"from": [7.38, 6.3, -1.98],
			"to": [11.63, 7.98, 1],
			"rotation": {"angle": -45, "axis": "z", "origin": [9.5, 3.5, -6.5]},
			"faces": {
				"north": {"uv": [4.25, 0, 8.5, 1.68], "texture": "#2"},
				"east": {"uv": [3.98, 0, 4.96, 1.68], "texture": "#2"},
				"south": {"uv": [4.25, 0, 8.5, 1.68], "texture": "#2"},
				"west": {"uv": [3.98, 0, 4.96, 1.68], "texture": "#2"},
				"up": {"uv": [4.25, 0, 8.5, 2.98], "texture": "#2"},
				"down": {"uv": [4.25, 0, 8.5, 0.98], "texture": "#2"}
			}
		},
		{
			"from": [4.37, 6.3, -1.98],
			"to": [8.62, 7.98, 1],
			"rotation": {"angle": 45, "axis": "z", "origin": [6.5, 3.5, -6.5]},
			"faces": {
				"north": {"uv": [0, 0, 4.25, 1.68], "texture": "#2"},
				"east": {"uv": [0, 0, 0.98, 1.68], "texture": "#2"},
				"south": {"uv": [0, 0, 4.25, 1.68], "texture": "#2"},
				"west": {"uv": [0, 0, 0.98, 1.68], "texture": "#2"},
				"up": {"uv": [0, 0, 4.25, 2.98], "texture": "#2"},
				"down": {"uv": [0, 0, 4.25, 0.98], "texture": "#2"}
			}
		},
		{
			"from": [1.75, -1.25, -2],
			"to": [3.25, 5.25, 1],
			"rotation": {"angle": 0, "axis": "y", "origin": [0, 0, -7]},
			"faces": {
				"north": {"uv": [0, 0, 1.5, 6.5], "texture": "#2"},
				"east": {"uv": [0, 0, 1, 6.5], "texture": "#2"},
				"south": {"uv": [0, 0, 1.5, 6.5], "texture": "#2"},
				"west": {"uv": [0, 0, 1, 6.5], "texture": "#2"},
				"up": {"uv": [0, 0, 1.5, 3], "texture": "#2"},
				"down": {"uv": [0, 0, 1.5, 1], "texture": "#2"}
			}
		},
		{
			"from": [0.25, 0.75, -2],
			"to": [1.75, 3.25, 12],
			"rotation": {"angle": 0, "axis": "y", "origin": [0, 0, -7]},
			"faces": {
				"north": {"uv": [0, 0, 1.5, 6.5], "texture": "#2"},
				"east": {"uv": [0, 0, 1, 6.5], "texture": "#2"},
				"south": {"uv": [0, 0, 1.5, 6.5], "texture": "#2"},
				"west": {"uv": [0, 0, 14, 2.5], "texture": "#2"},
				"up": {"uv": [0, 0, 1.5, 14], "texture": "#2"},
				"down": {"uv": [0, 0, 1.5, 1], "texture": "#2"}
			}
		},
		{
			"from": [12.75, -1.25, -2],
			"to": [14.25, 5.25, 1],
			"rotation": {"angle": 0, "axis": "y", "origin": [16, 0, -7]},
			"faces": {
				"north": {"uv": [1, 0, 2.5, 6.5], "texture": "#2"},
				"east": {"uv": [4, 0, 5, 6.5], "texture": "#2"},
				"south": {"uv": [1, 0, 2.5, 6.5], "texture": "#2"},
				"west": {"uv": [4, 0, 5, 6.5], "texture": "#2"},
				"up": {"uv": [1, 0, 2.5, 3], "texture": "#2"},
				"down": {"uv": [1, 0, 2.5, 1], "texture": "#2"}
			}
		},
		{
			"from": [7.38, -3.98, -1.98],
			"to": [11.63, -2.3, 1],
			"rotation": {"angle": 45, "axis": "z", "origin": [9.5, 0.5, -6.5]},
			"faces": {
				"north": {"uv": [4.25, 1.18, 8.5, 2.86], "texture": "#2"},
				"east": {"uv": [3.98, 1.18, 4.96, 2.86], "texture": "#2"},
				"south": {"uv": [4.25, 1.18, 8.5, 2.86], "texture": "#2"},
				"west": {"uv": [3.98, 1.18, 4.96, 2.86], "texture": "#2"},
				"up": {"uv": [4.25, 3.98, 8.5, 6.96], "texture": "#2"},
				"down": {"uv": [4.25, 3.98, 8.5, 4.96], "texture": "#2"}
			}
		},
		{
			"from": [4.75, -4.25, -2],
			"to": [11.25, -2.75, 1],
			"rotation": {"angle": 0, "axis": "y", "origin": [0, 4, -7]},
			"faces": {
				"north": {"uv": [0, 1, 6.5, 2.5], "texture": "#2"},
				"east": {"uv": [0, 1, 1, 2.5], "texture": "#2"},
				"south": {"uv": [0, 1, 6.5, 2.5], "texture": "#2"},
				"west": {"uv": [0, 1, 1, 2.5], "texture": "#2"},
				"up": {"uv": [0, 4, 6.5, 7], "texture": "#2"},
				"down": {"uv": [0, 4, 6.5, 5], "texture": "#2"}
			}
		},
		{
			"from": [4.37, -3.98, -1.98],
			"to": [8.62, -2.3, 1],
			"rotation": {"angle": -45, "axis": "z", "origin": [6.5, 0.5, -6.5]},
			"faces": {
				"north": {"uv": [0, 1.18, 4.25, 2.86], "texture": "#2"},
				"east": {"uv": [0, 1.18, 0.98, 2.86], "texture": "#2"},
				"south": {"uv": [0, 1.18, 4.25, 2.86], "texture": "#2"},
				"west": {"uv": [0, 1.18, 0.98, 2.86], "texture": "#2"},
				"up": {"uv": [0, 3.98, 4.25, 6.96], "texture": "#2"},
				"down": {"uv": [0, 3.98, 4.25, 4.96], "texture": "#2"}
			}
		},
		{
			"from": [4.75, 6.75, 9],
			"to": [11.25, 8.25, 12],
			"rotation": {"angle": 0, "axis": "y", "origin": [0, 0, 4]},
			"faces": {
				"north": {"uv": [0, 0, 6.5, 1.5], "texture": "#2"},
				"east": {"uv": [0, 0, 1, 1.5], "texture": "#2"},
				"south": {"uv": [0, 0, 6.5, 1.5], "texture": "#2"},
				"west": {"uv": [0, 0, 1, 1.5], "texture": "#2"},
				"up": {"uv": [0, 0, 6.5, 3], "texture": "#2"},
				"down": {"uv": [0, 0, 6.5, 1], "texture": "#2"}
			}
		},
		{
			"from": [7.38, 6.3, 9.02],
			"to": [11.63, 7.98, 12],
			"rotation": {"angle": -45, "axis": "z", "origin": [9.5, 3.5, 4.5]},
			"faces": {
				"north": {"uv": [4.25, 0, 8.5, 1.68], "texture": "#2"},
				"east": {"uv": [3.98, 0, 4.96, 1.68], "texture": "#2"},
				"south": {"uv": [4.25, 0, 8.5, 1.68], "texture": "#2"},
				"west": {"uv": [3.98, 0, 4.96, 1.68], "texture": "#2"},
				"up": {"uv": [4.25, 0, 8.5, 2.98], "texture": "#2"},
				"down": {"uv": [4.25, 0, 8.5, 0.98], "texture": "#2"}
			}
		},
		{
			"from": [4.37, 6.3, 9.02],
			"to": [8.62, 7.98, 12],
			"rotation": {"angle": 45, "axis": "z", "origin": [6.5, 3.5, 4.5]},
			"faces": {
				"north": {"uv": [0, 0, 4.25, 1.68], "texture": "#2"},
				"east": {"uv": [0, 0, 0.98, 1.68], "texture": "#2"},
				"south": {"uv": [0, 0, 4.25, 1.68], "texture": "#2"},
				"west": {"uv": [0, 0, 0.98, 1.68], "texture": "#2"},
				"up": {"uv": [0, 0, 4.25, 2.98], "texture": "#2"},
				"down": {"uv": [0, 0, 4.25, 0.98], "texture": "#2"}
			}
		},
		{
			"from": [1.75, -1.25, 9],
			"to": [3.25, 5.25, 12],
			"rotation": {"angle": 0, "axis": "y", "origin": [0, 0, 4]},
			"faces": {
				"north": {"uv": [0, 0, 1.5, 6.5], "texture": "#2"},
				"east": {"uv": [0, 0, 1, 6.5], "texture": "#2"},
				"south": {"uv": [0, 0, 1.5, 6.5], "texture": "#2"},
				"west": {"uv": [0, 0, 1, 6.5], "texture": "#2"},
				"up": {"uv": [0, 0, 1.5, 3], "texture": "#2"},
				"down": {"uv": [0, 0, 1.5, 1], "texture": "#2"}
			}
		},
		{
			"from": [12.75, -1.25, 9],
			"to": [14.25, 5.25, 12],
			"rotation": {"angle": 0, "axis": "y", "origin": [16, 0, 4]},
			"faces": {
				"north": {"uv": [1, 0, 2.5, 6.5], "texture": "#2"},
				"east": {"uv": [4, 0, 5, 6.5], "texture": "#2"},
				"south": {"uv": [1, 0, 2.5, 6.5], "texture": "#2"},
				"west": {"uv": [4, 0, 5, 6.5], "texture": "#2"},
				"up": {"uv": [1, 0, 2.5, 3], "texture": "#2"},
				"down": {"uv": [1, 0, 2.5, 1], "texture": "#2"}
			}
		},
		{
			"from": [7.38, -3.98, 9.02],
			"to": [11.63, -2.3, 12],
			"rotation": {"angle": 45, "axis": "z", "origin": [9.5, 0.5, 4.5]},
			"faces": {
				"north": {"uv": [4.25, 1.18, 8.5, 2.86], "texture": "#2"},
				"east": {"uv": [3.98, 1.18, 4.96, 2.86], "texture": "#2"},
				"south": {"uv": [4.25, 1.18, 8.5, 2.86], "texture": "#2"},
				"west": {"uv": [3.98, 1.18, 4.96, 2.86], "texture": "#2"},
				"up": {"uv": [4.25, 3.98, 8.5, 6.96], "texture": "#2"},
				"down": {"uv": [4.25, 3.98, 8.5, 4.96], "texture": "#2"}
			}
		},
		{
			"from": [4.75, -4.25, 9],
			"to": [11.25, -2.75, 12],
			"rotation": {"angle": 0, "axis": "y", "origin": [0, 4, 4]},
			"faces": {
				"north": {"uv": [0, 1, 6.5, 2.5], "texture": "#2"},
				"east": {"uv": [0, 1, 1, 2.5], "texture": "#2"},
				"south": {"uv": [0, 1, 6.5, 2.5], "texture": "#2"},
				"west": {"uv": [0, 1, 1, 2.5], "texture": "#2"},
				"up": {"uv": [0, 4, 6.5, 7], "texture": "#2"},
				"down": {"uv": [0, 4, 6.5, 5], "texture": "#2"}
			}
		},
		{
			"from": [4.37, -3.98, 9.02],
			"to": [8.62, -2.3, 12],
			"rotation": {"angle": -45, "axis": "z", "origin": [6.5, 0.5, 4.5]},
			"faces": {
				"north": {"uv": [0, 1.18, 4.25, 2.86], "texture": "#2"},
				"east": {"uv": [0, 1.18, 0.98, 2.86], "texture": "#2"},
				"south": {"uv": [0, 1.18, 4.25, 2.86], "texture": "#2"},
				"west": {"uv": [0, 1.18, 0.98, 2.86], "texture": "#2"},
				"up": {"uv": [0, 3.98, 4.25, 6.96], "texture": "#2"},
				"down": {"uv": [0, 3.98, 4.25, 4.96], "texture": "#2"}
			}
		},
		{
			"from": [3, -0.5, -8],
			"to": [4, 4.5, -5],
			"rotation": {"angle": 0, "axis": "y", "origin": [0, 0, -11]},
			"faces": {
				"north": {"uv": [0, 0, 1, 5], "texture": "#1"},
				"east": {"uv": [0, 0, 3, 5], "texture": "#1"},
				"south": {"uv": [0, 0, 1, 5], "texture": "#1"},
				"west": {"uv": [0, 0, 3, 5], "texture": "#1"},
				"up": {"uv": [0, 0, 1, 3], "texture": "#1"},
				"down": {"uv": [0, 0, 1, 3], "texture": "#1"}
			}
		},
		{
			"from": [5, 7, -5],
			"to": [11, 8, -1],
			"rotation": {"angle": 0, "axis": "y", "origin": [0, 0, -7]},
			"faces": {
				"north": {"uv": [0, 0, 6, 1], "texture": "#1"},
				"east": {"uv": [0, 0, 4, 1], "texture": "#1"},
				"south": {"uv": [0, 0, 6, 1], "texture": "#1"},
				"west": {"uv": [0, 0, 4, 1], "texture": "#1"},
				"up": {"uv": [0, 0, 6, 4], "texture": "#1"},
				"down": {"uv": [0, 0, 6, 4], "texture": "#1"}
			}
		},
		{
			"from": [4.37, 6.55, -4.98],
			"to": [8.62, 7.73, -1],
			"rotation": {"angle": 45, "axis": "z", "origin": [6.5, 3.5, -7.5]},
			"faces": {
				"north": {"uv": [0, 0, 4.25, 1.18], "texture": "#1"},
				"east": {"uv": [0, 0, 3.98, 1.18], "texture": "#1"},
				"south": {"uv": [0, 0, 4.25, 1.18], "texture": "#1"},
				"west": {"uv": [0, 0, 3.98, 1.18], "texture": "#1"},
				"up": {"uv": [0, 0, 4.25, 3.98], "texture": "#1"},
				"down": {"uv": [0, 0, 4.25, 3.98], "texture": "#1"}
			}
		},
		{
			"from": [13, -1, -5],
			"to": [14, 5, -1],
			"rotation": {"angle": 0, "axis": "y", "origin": [16, 0, -8]},
			"faces": {
				"north": {"uv": [1, 0, 2, 6], "texture": "#1"},
				"east": {"uv": [4, 0, 8, 6], "texture": "#1"},
				"south": {"uv": [1, 0, 2, 6], "texture": "#1"},
				"west": {"uv": [4, 0, 8, 6], "texture": "#1"},
				"up": {"uv": [1, 0, 2, 4], "texture": "#1"},
				"down": {"uv": [1, 0, 2, 4], "texture": "#1"}
			}
		},
		{
			"from": [7.38, 6.55, -4.98],
			"to": [11.63, 7.73, -1],
			"rotation": {"angle": -45, "axis": "z", "origin": [9.5, 3.5, -7.5]},
			"faces": {
				"north": {"uv": [4.25, 0, 8.5, 1.18], "texture": "#1"},
				"east": {"uv": [3.98, 0, 7.96, 1.18], "texture": "#1"},
				"south": {"uv": [4.25, 0, 8.5, 1.18], "texture": "#1"},
				"west": {"uv": [3.98, 0, 7.96, 1.18], "texture": "#1"},
				"up": {"uv": [4.25, 0, 8.5, 3.98], "texture": "#1"},
				"down": {"uv": [4.25, 0, 8.5, 3.98], "texture": "#1"}
			}
		},
		{
			"from": [5, -4, -5],
			"to": [11, -3, -1],
			"rotation": {"angle": 0, "axis": "y", "origin": [0, 4, -7]},
			"faces": {
				"north": {"uv": [0, 1, 6, 2], "texture": "#1"},
				"east": {"uv": [0, 1, 4, 2], "texture": "#1"},
				"south": {"uv": [0, 1, 6, 2], "texture": "#1"},
				"west": {"uv": [0, 1, 4, 2], "texture": "#1"},
				"up": {"uv": [0, 4, 6, 8], "texture": "#1"},
				"down": {"uv": [0, 4, 6, 8], "texture": "#1"}
			}
		},
		{
			"from": [4.37, -3.73, -4.98],
			"to": [8.62, -2.55, -1],
			"rotation": {"angle": -45, "axis": "z", "origin": [6.5, 0.5, -7.5]},
			"faces": {
				"north": {"uv": [0, 1.18, 4.25, 2.36], "texture": "#1"},
				"east": {"uv": [0, 1.18, 3.98, 2.36], "texture": "#1"},
				"south": {"uv": [0, 1.18, 4.25, 2.36], "texture": "#1"},
				"west": {"uv": [0, 1.18, 3.98, 2.36], "texture": "#1"},
				"up": {"uv": [0, 3.98, 4.25, 7.96], "texture": "#1"},
				"down": {"uv": [0, 3.98, 4.25, 7.96], "texture": "#1"}
			}
		},
		{
			"from": [7.38, -3.73, -4.98],
			"to": [11.63, -2.55, -1],
			"rotation": {"angle": 45, "axis": "z", "origin": [9.5, 0.5, -7.5]},
			"faces": {
				"north": {"uv": [4.25, 1.18, 8.5, 2.36], "texture": "#1"},
				"east": {"uv": [3.98, 1.18, 7.96, 2.36], "texture": "#1"},
				"south": {"uv": [4.25, 1.18, 8.5, 2.36], "texture": "#1"},
				"west": {"uv": [3.98, 1.18, 7.96, 2.36], "texture": "#1"},
				"up": {"uv": [4.25, 3.98, 8.5, 7.96], "texture": "#1"},
				"down": {"uv": [4.25, 3.98, 8.5, 7.96], "texture": "#1"}
			}
		},
		{
			"from": [2, -1, -5],
			"to": [3, 5, -1],
			"rotation": {"angle": 0, "axis": "y", "origin": [0, 0, -7]},
			"faces": {
				"north": {"uv": [0, 0, 1, 6], "texture": "#1"},
				"east": {"uv": [0, 0, 4, 6], "texture": "#1"},
				"south": {"uv": [0, 0, 1, 6], "texture": "#1"},
				"west": {"uv": [0, 0, 4, 6], "texture": "#1"},
				"up": {"uv": [0, 0, 1, 4], "texture": "#1"},
				"down": {"uv": [0, 0, 1, 4], "texture": "#1"}
			}
		},
		{
			"from": [4.75, 4.45, -7.98],
			"to": [8.27, 6.67, -5],
			"rotation": {"angle": 45, "axis": "z", "origin": [6.5, 3.5, -10.5]},
			"faces": {
				"north": {"uv": [0, 0, 3.52, 2.22], "texture": "#1"},
				"east": {"uv": [0, 0, 2.98, 2.22], "texture": "#1"},
				"south": {"uv": [0, 0, 3.52, 2.22], "texture": "#1"},
				"west": {"uv": [0, 0, 2.98, 2.22], "texture": "#1"},
				"up": {"uv": [0, 0, 3.52, 2.98], "texture": "#1"},
				"down": {"uv": [0, 0, 3.52, 2.98], "texture": "#1"}
			}
		},
		{
			"from": [7.73, -2.67, 10.02],
			"to": [11.25, -0.45, 13],
			"rotation": {"angle": 45, "axis": "z", "origin": [9.5, 0.5, 7.5]},
			"faces": {
				"north": {"uv": [3.52, 2.22, 7.04, 4.44], "texture": "#1"},
				"east": {"uv": [0.98, 2.22, 3.96, 4.44], "texture": "#1"},
				"south": {"uv": [3.52, 2.22, 7.04, 4.44], "texture": "#1"},
				"west": {"uv": [0.98, 2.22, 3.96, 4.44], "texture": "#1"},
				"up": {"uv": [3.52, 0.98, 7.04, 3.96], "texture": "#1"},
				"down": {"uv": [3.52, 0.98, 7.04, 3.96], "texture": "#1"}
			}
		},
		{
			"from": [5.5, -3, 10],
			"to": [10.5, 0, 12.96],
			"rotation": {"angle": 0, "axis": "y", "origin": [0, 4, 7]},
			"faces": {
				"north": {"uv": [0, 1, 5, 4], "texture": "#1"},
				"east": {"uv": [0, 1, 2.96, 4], "texture": "#1"},
				"south": {"uv": [0, 1, 5, 4], "texture": "#1"},
				"west": {"uv": [0, 1, 2.96, 4], "texture": "#1"},
				"up": {"uv": [0, 1, 5, 3.96], "texture": "#1"},
				"down": {"uv": [0, 1, 5, 3.96], "texture": "#1"}
			}
		},
		{
			"from": [4.75, -2.67, 10.02],
			"to": [8.27, -0.45, 13],
			"rotation": {"angle": -45, "axis": "z", "origin": [6.5, 0.5, 7.5]},
			"faces": {
				"north": {"uv": [0, 2.22, 3.52, 4.44], "texture": "#1"},
				"east": {"uv": [0, 2.22, 2.98, 4.44], "texture": "#1"},
				"south": {"uv": [0, 2.22, 3.52, 4.44], "texture": "#1"},
				"west": {"uv": [0, 2.22, 2.98, 4.44], "texture": "#1"},
				"up": {"uv": [0, 0.98, 3.52, 3.96], "texture": "#1"},
				"down": {"uv": [0, 0.98, 3.52, 3.96], "texture": "#1"}
			}
		},
		{
			"from": [3, -0.5, 10],
			"to": [4, 4.5, 13],
			"rotation": {"angle": 0, "axis": "y", "origin": [0, 0, 7]},
			"faces": {
				"north": {"uv": [0, 0, 1, 5], "texture": "#3"},
				"east": {"uv": [0, 0, 3, 5], "texture": "#3"},
				"south": {"uv": [0, 0, 1, 5], "texture": "#3"},
				"west": {"uv": [0, 0, 3, 5], "texture": "#3"},
				"up": {"uv": [0, 0, 1, 3], "texture": "#3"},
				"down": {"uv": [0, 0, 1, 3], "texture": "#3"}
			}
		},
		{
			"from": [12, -0.5, 10],
			"to": [13, 4.5, 13],
			"rotation": {"angle": 0, "axis": "y", "origin": [16, 0, 8]},
			"faces": {
				"north": {"uv": [1, 0, 2, 5], "texture": "#3"},
				"east": {"uv": [1, 0, 4, 5], "texture": "#3"},
				"south": {"uv": [1, 0, 2, 5], "texture": "#3"},
				"west": {"uv": [1, 0, 4, 5], "texture": "#3"},
				"up": {"uv": [1, 0, 2, 3], "texture": "#3"},
				"down": {"uv": [1, 0, 2, 3], "texture": "#3"}
			}
		},
		{
			"from": [7.73, 4.45, 10.02],
			"to": [11.25, 6.67, 13],
			"rotation": {"angle": -45, "axis": "z", "origin": [9.5, 3.5, 7.5]},
			"faces": {
				"north": {"uv": [3.52, 0, 7.04, 2.22], "texture": "#3"},
				"east": {"uv": [0.98, 0, 3.96, 2.22], "texture": "#3"},
				"south": {"uv": [3.52, 0, 7.04, 2.22], "texture": "#3"},
				"west": {"uv": [0.98, 0, 3.96, 2.22], "texture": "#3"},
				"up": {"uv": [3.52, 0, 7.04, 2.98], "texture": "#3"},
				"down": {"uv": [3.52, 0, 7.04, 2.98], "texture": "#3"}
			}
		},
		{
			"from": [5.5, 4, 10],
			"to": [10.5, 7, 12.96],
			"rotation": {"angle": 0, "axis": "y", "origin": [0, 0, 7]},
			"faces": {
				"north": {"uv": [0, 0, 5, 3], "texture": "#3"},
				"east": {"uv": [0, 0, 2.96, 3], "texture": "#3"},
				"south": {"uv": [0, 0, 5, 3], "texture": "#3"},
				"west": {"uv": [0, 0, 2.96, 3], "texture": "#3"},
				"up": {"uv": [0, 0, 5, 2.96], "texture": "#3"},
				"down": {"uv": [0, 0, 5, 2.96], "texture": "#3"}
			}
		},
		{
			"from": [4.75, 4.45, 10.02],
			"to": [8.27, 6.67, 13],
			"rotation": {"angle": 45, "axis": "z", "origin": [6.5, 3.5, 7.5]},
			"faces": {
				"north": {"uv": [0, 0, 3.52, 2.22], "texture": "#3"},
				"east": {"uv": [0, 0, 2.98, 2.22], "texture": "#3"},
				"south": {"uv": [0, 0, 3.52, 2.22], "texture": "#3"},
				"west": {"uv": [0, 0, 2.98, 2.22], "texture": "#3"},
				"up": {"uv": [0, 0, 3.52, 2.98], "texture": "#3"},
				"down": {"uv": [0, 0, 3.52, 2.98], "texture": "#3"}
			}
		},
		{
			"from": [5.5, 6, -8],
			"to": [10.5, 7, -5],
			"rotation": {"angle": 0, "axis": "y", "origin": [0, 0, -11]},
			"faces": {
				"north": {"uv": [0, 0, 5, 1], "texture": "#1"},
				"east": {"uv": [0, 0, 3, 1], "texture": "#1"},
				"south": {"uv": [0, 0, 5, 1], "texture": "#1"},
				"west": {"uv": [0, 0, 3, 1], "texture": "#1"},
				"up": {"uv": [0, 0, 5, 3], "texture": "#1"},
				"down": {"uv": [0, 0, 5, 3], "texture": "#1"}
			}
		},
		{
			"from": [4.75, -2.67, -7.98],
			"to": [8.27, -0.45, -5],
			"rotation": {"angle": -45, "axis": "z", "origin": [6.5, 0.5, -10.5]},
			"faces": {
				"north": {"uv": [0, 2.22, 3.52, 4.44], "texture": "#1"},
				"east": {"uv": [0, 2.22, 2.98, 4.44], "texture": "#1"},
				"south": {"uv": [0, 2.22, 3.52, 4.44], "texture": "#1"},
				"west": {"uv": [0, 2.22, 2.98, 4.44], "texture": "#1"},
				"up": {"uv": [0, 0.98, 3.52, 3.96], "texture": "#1"},
				"down": {"uv": [0, 0.98, 3.52, 3.96], "texture": "#1"}
			}
		},
		{
			"from": [5.5, -3, -8],
			"to": [10.5, -2, -5],
			"rotation": {"angle": 0, "axis": "y", "origin": [0, 4, -11]},
			"faces": {
				"north": {"uv": [0, 1, 5, 2], "texture": "#1"},
				"east": {"uv": [0, 1, 3, 2], "texture": "#1"},
				"south": {"uv": [0, 1, 5, 2], "texture": "#1"},
				"west": {"uv": [0, 1, 3, 2], "texture": "#1"},
				"up": {"uv": [0, 1, 5, 4], "texture": "#1"},
				"down": {"uv": [0, 1, 5, 4], "texture": "#1"}
			}
		},
		{
			"from": [7.73, -2.67, -7.98],
			"to": [11.25, -0.45, -5],
			"rotation": {"angle": 45, "axis": "z", "origin": [9.5, 0.5, -10.5]},
			"faces": {
				"north": {"uv": [3.52, 2.22, 7.04, 4.44], "texture": "#1"},
				"east": {"uv": [0.98, 2.22, 3.96, 4.44], "texture": "#1"},
				"south": {"uv": [3.52, 2.22, 7.04, 4.44], "texture": "#1"},
				"west": {"uv": [0.98, 2.22, 3.96, 4.44], "texture": "#1"},
				"up": {"uv": [3.52, 0.98, 7.04, 3.96], "texture": "#1"},
				"down": {"uv": [3.52, 0.98, 7.04, 3.96], "texture": "#1"}
			}
		},
		{
			"from": [12, -0.5, -8],
			"to": [13, 4.5, -5],
			"rotation": {"angle": 0, "axis": "y", "origin": [16, 0, -10]},
			"faces": {
				"north": {"uv": [1, 0, 2, 5], "texture": "#1"},
				"east": {"uv": [1, 0, 4, 5], "texture": "#1"},
				"south": {"uv": [1, 0, 2, 5], "texture": "#1"},
				"west": {"uv": [1, 0, 4, 5], "texture": "#1"},
				"up": {"uv": [1, 0, 2, 3], "texture": "#1"},
				"down": {"uv": [1, 0, 2, 3], "texture": "#1"}
			}
		},
		{
			"from": [7.73, 4.45, -7.98],
			"to": [11.25, 6.67, -5],
			"rotation": {"angle": -45, "axis": "z", "origin": [9.5, 3.5, -10.5]},
			"faces": {
				"north": {"uv": [3.52, 0, 7.04, 2.22], "texture": "#1"},
				"east": {"uv": [0.98, 0, 3.96, 2.22], "texture": "#1"},
				"south": {"uv": [3.52, 0, 7.04, 2.22], "texture": "#1"},
				"west": {"uv": [0.98, 0, 3.96, 2.22], "texture": "#1"},
				"up": {"uv": [3.52, 0, 7.04, 2.98], "texture": "#1"},
				"down": {"uv": [3.52, 0, 7.04, 2.98], "texture": "#1"}
			}
		},
		{
			"from": [5.09, 4.45, -10.98],
			"to": [7.92, 5.61, -8],
			"rotation": {"angle": 45, "axis": "z", "origin": [6.5, 3.5, -12.5]},
			"faces": {
				"north": {"uv": [0, 0, 2.83, 1.16], "texture": "#1"},
				"east": {"uv": [0, 0, 2.98, 1.16], "texture": "#1"},
				"south": {"uv": [0, 0, 2.83, 1.16], "texture": "#1"},
				"west": {"uv": [0, 0, 2.98, 1.16], "texture": "#1"},
				"up": {"uv": [0, 0, 2.83, 2.98], "texture": "#1"},
				"down": {"uv": [0, 0, 2.83, 2.98], "texture": "#1"}
			}
		},
		{
			"from": [6, 5, -11],
			"to": [10, 6, -8],
			"rotation": {"angle": 0, "axis": "y", "origin": [0, 0, -13]},
			"faces": {
				"north": {"uv": [0, 0, 4, 1], "texture": "#1"},
				"east": {"uv": [0, 0, 3, 1], "texture": "#1"},
				"south": {"uv": [0, 0, 4, 1], "texture": "#1"},
				"west": {"uv": [0, 0, 3, 1], "texture": "#1"},
				"up": {"uv": [0, 0, 4, 3], "texture": "#1"},
				"down": {"uv": [0, 0, 4, 3], "texture": "#1"}
			}
		},
		{
			"from": [5.5, 6, -9.38],
			"to": [6.75, 6.75, -8.13],
			"rotation": {"angle": 45, "axis": "y", "origin": [8, 3.5, -10.63]},
			"faces": {
				"north": {"uv": [0, 0, 1.25, 0.75], "texture": "#0"},
				"east": {"uv": [0, 0, 1.25, 0.75], "texture": "#0"},
				"south": {"uv": [0, 0, 1.25, 0.75], "texture": "#0"},
				"west": {"uv": [0, 0, 1.25, 0.75], "texture": "#0"},
				"up": {"uv": [0, 0, 1.25, 1.25], "texture": "#0"},
				"down": {"uv": [0, 0, 1.25, 1.25], "texture": "#0"}
			}
		},
		{
			"from": [3, 7, -7.5],
			"to": [5, 7.75, -5.5],
			"rotation": {"angle": 45, "axis": "y", "origin": [8, 3.5, -10.5]},
			"faces": {
				"north": {"uv": [0, 0, 2, 0.75], "texture": "#0"},
				"east": {"uv": [0, 0, 2, 0.75], "texture": "#0"},
				"south": {"uv": [0, 0, 2, 0.75], "texture": "#0"},
				"west": {"uv": [0, 0, 2, 0.75], "texture": "#0"},
				"up": {"uv": [0, 0, 2, 2], "texture": "#0"},
				"down": {"uv": [0, 0, 2, 2], "texture": "#0"}
			}
		},
		{
			"from": [3, -3.75, -7.5],
			"to": [5, -3, -5.5],
			"rotation": {"angle": 45, "axis": "y", "origin": [8, 3.5, -10.5]},
			"faces": {
				"north": {"uv": [0, 0, 2, 0.75], "texture": "#0"},
				"east": {"uv": [0, 0, 2, 0.75], "texture": "#0"},
				"south": {"uv": [0, 0, 2, 0.75], "texture": "#0"},
				"west": {"uv": [0, 0, 2, 0.75], "texture": "#0"},
				"up": {"uv": [0, 0, 2, 2], "texture": "#0"},
				"down": {"uv": [0, 0, 2, 2], "texture": "#0"}
			}
		},
		{
			"from": [8.08, 4.45, -10.98],
			"to": [10.91, 5.61, -8],
			"rotation": {"angle": -45, "axis": "z", "origin": [9.5, 3.5, -12.5]},
			"faces": {
				"north": {"uv": [2.83, 0, 5.66, 1.16], "texture": "#1"},
				"east": {"uv": [0.98, 0, 3.96, 1.16], "texture": "#1"},
				"south": {"uv": [2.83, 0, 5.66, 1.16], "texture": "#1"},
				"west": {"uv": [0.98, 0, 3.96, 1.16], "texture": "#1"},
				"up": {"uv": [2.83, 0, 5.66, 2.98], "texture": "#1"},
				"down": {"uv": [2.83, 0, 5.66, 2.98], "texture": "#1"}
			}
		},
		{
			"from": [3.25, -1.25, -9.63],
			"to": [4, 0, -8.38],
			"rotation": {"angle": -45, "axis": "x", "origin": [6.5, 2, -11.63]},
			"faces": {
				"north": {"uv": [0, 0, 0.75, 1.25], "texture": "#0"},
				"east": {"uv": [0, 0, 1.25, 1.25], "texture": "#0"},
				"south": {"uv": [0, 0, 0.75, 1.25], "texture": "#0"},
				"west": {"uv": [0, 0, 1.25, 1.25], "texture": "#0"},
				"up": {"uv": [0, 0, 0.75, 1.25], "texture": "#0"},
				"down": {"uv": [0, 0, 0.75, 1.25], "texture": "#0"}
			}
		},
		{
			"from": [2.25, -1.25, -6.75],
			"to": [3, 0.25, -5.25],
			"rotation": {"angle": -45, "axis": "x", "origin": [6.5, 2, -8.5]},
			"faces": {
				"north": {"uv": [0, 0, 0.75, 1.5], "texture": "#0"},
				"east": {"uv": [0, 0, 1.5, 1.5], "texture": "#0"},
				"south": {"uv": [0, 0, 0.75, 1.5], "texture": "#0"},
				"west": {"uv": [0, 0, 1.5, 1.5], "texture": "#0"},
				"up": {"uv": [0, 0, 0.75, 1.5], "texture": "#0"},
				"down": {"uv": [0, 0, 0.75, 1.5], "texture": "#0"}
			}
		},
		{
			"from": [13, -1.25, -6.75],
			"to": [13.75, 0.25, -5.25],
			"rotation": {"angle": -45, "axis": "x", "origin": [6.5, 2, -8.5]},
			"faces": {
				"north": {"uv": [0, 0, 0.75, 1.5], "texture": "#0"},
				"east": {"uv": [0, 0, 1.5, 1.5], "texture": "#0"},
				"south": {"uv": [0, 0, 0.75, 1.5], "texture": "#0"},
				"west": {"uv": [0, 0, 1.5, 1.5], "texture": "#0"},
				"up": {"uv": [0, 0, 0.75, 1.5], "texture": "#0"},
				"down": {"uv": [0, 0, 0.75, 1.5], "texture": "#0"}
			}
		},
		{
			"from": [4, 0, -11],
			"to": [5, 4, -8],
			"rotation": {"angle": 0, "axis": "y", "origin": [0, 0, -13]},
			"faces": {
				"north": {"uv": [0, 0, 1, 4], "texture": "#1"},
				"east": {"uv": [0, 0, 3, 4], "texture": "#1"},
				"south": {"uv": [0, 0, 1, 4], "texture": "#1"},
				"west": {"uv": [0, 0, 3, 4], "texture": "#1"},
				"up": {"uv": [0, 0, 1, 3], "texture": "#1"},
				"down": {"uv": [0, 0, 1, 3], "texture": "#1"}
			}
		},
		{
			"from": [5.09, -1.61, -10.98],
			"to": [7.92, -0.45, -8],
			"rotation": {"angle": -45, "axis": "z", "origin": [6.5, 0.5, -12.5]},
			"faces": {
				"north": {"uv": [0, 1.16, 2.83, 2.32], "texture": "#1"},
				"east": {"uv": [0, 1.16, 2.98, 2.32], "texture": "#1"},
				"south": {"uv": [0, 1.16, 2.83, 2.32], "texture": "#1"},
				"west": {"uv": [0, 1.16, 2.98, 2.32], "texture": "#1"},
				"up": {"uv": [0, 0.98, 2.83, 3.96], "texture": "#1"},
				"down": {"uv": [0, 0.98, 2.83, 3.96], "texture": "#1"}
			}
		},
		{
			"from": [4.5, -1.44822, -8.79789],
			"to": [11.5, 5.55178, -7.29789],
			"rotation": {"angle": 0, "axis": "y", "origin": [9.875, 3.67678, -9.92289]},
			"faces": {
				"north": {"uv": [0, 0, 7, 7], "rotation": 90, "texture": "#0"},
				"east": {"uv": [0, 0, 1.5, 7], "texture": "#0"},
				"south": {"uv": [0, 0, 7, 7], "rotation": 270, "texture": "#0"},
				"west": {"uv": [0, 0, 1.5, 7], "rotation": 180, "texture": "#0"},
				"up": {"uv": [0, 0, 1.5, 7], "rotation": 270, "texture": "#0"},
				"down": {"uv": [0, 0, 1.5, 7], "rotation": 270, "texture": "#0"}
			}
		},
		{
			"from": [3.75, -2.19822, -5.41789],
			"to": [12.25, 6.30178, -3.91789],
			"rotation": {"angle": 0, "axis": "y", "origin": [9.875, 3.67678, -10.79289]},
			"faces": {
				"north": {"uv": [0, 0, 8.5, 8.5], "rotation": 90, "texture": "#0"},
				"east": {"uv": [0, 0, 1.5, 8.5], "texture": "#0"},
				"south": {"uv": [0, 0, 8.5, 8.5], "rotation": 270, "texture": "#0"},
				"west": {"uv": [0, 0, 1.5, 8.5], "rotation": 180, "texture": "#0"},
				"up": {"uv": [0, 0, 1.5, 8.5], "rotation": 270, "texture": "#0"},
				"down": {"uv": [0, 0, 1.5, 8.5], "rotation": 270, "texture": "#0"}
			}
		},
		{
			"from": [6, -2, -11],
			"to": [10, -1, -8],
			"rotation": {"angle": 0, "axis": "y", "origin": [0, 4, -13]},
			"faces": {
				"north": {"uv": [0, 1, 4, 2], "texture": "#1"},
				"east": {"uv": [0, 1, 3, 2], "texture": "#1"},
				"south": {"uv": [0, 1, 4, 2], "texture": "#1"},
				"west": {"uv": [0, 1, 3, 2], "texture": "#1"},
				"up": {"uv": [0, 1, 4, 4], "texture": "#1"},
				"down": {"uv": [0, 1, 4, 4], "texture": "#1"}
			}
		},
		{
			"from": [5.5, -2.75, -9.38],
			"to": [6.75, -2, -8.13],
			"rotation": {"angle": 45, "axis": "y", "origin": [8, 12.5, -10.63]},
			"faces": {
				"north": {"uv": [0, 0.75, 1.25, 1.5], "texture": "#0"},
				"east": {"uv": [0, 0.75, 1.25, 1.5], "texture": "#0"},
				"south": {"uv": [0, 0.75, 1.25, 1.5], "texture": "#0"},
				"west": {"uv": [0, 0.75, 1.25, 1.5], "texture": "#0"},
				"up": {"uv": [0, 1.25, 1.25, 2.5], "texture": "#0"},
				"down": {"uv": [0, 1.25, 1.25, 2.5], "texture": "#0"}
			}
		},
		{
			"from": [12, -1.25, -9.63],
			"to": [12.75, 0, -8.38],
			"rotation": {"angle": -45, "axis": "x", "origin": [9.5, 2, -11.63]},
			"faces": {
				"north": {"uv": [0.75, 0, 1.5, 1.25], "texture": "#0"},
				"east": {"uv": [1.25, 0, 2.5, 1.25], "texture": "#0"},
				"south": {"uv": [0.75, 0, 1.5, 1.25], "texture": "#0"},
				"west": {"uv": [1.25, 0, 2.5, 1.25], "texture": "#0"},
				"up": {"uv": [0.75, 0, 1.5, 1.25], "texture": "#0"},
				"down": {"uv": [0.75, 0, 1.5, 1.25], "texture": "#0"}
			}
		},
		{
			"from": [11, 0, -11],
			"to": [12, 4, -8],
			"rotation": {"angle": 0, "axis": "y", "origin": [16, 0, -13]},
			"faces": {
				"north": {"uv": [1, 0, 2, 4], "texture": "#1"},
				"east": {"uv": [1, 0, 4, 4], "texture": "#1"},
				"south": {"uv": [1, 0, 2, 4], "texture": "#1"},
				"west": {"uv": [1, 0, 4, 4], "texture": "#1"},
				"up": {"uv": [1, 0, 2, 3], "texture": "#1"},
				"down": {"uv": [1, 0, 2, 3], "texture": "#1"}
			}
		},
		{
			"from": [8.08, -1.61, -10.98],
			"to": [10.91, -0.45, -8],
			"rotation": {"angle": 45, "axis": "z", "origin": [9.5, 0.5, -12.5]},
			"faces": {
				"north": {"uv": [2.83, 1.16, 5.66, 2.32], "texture": "#1"},
				"east": {"uv": [0.98, 1.16, 3.96, 2.32], "texture": "#1"},
				"south": {"uv": [2.83, 1.16, 5.66, 2.32], "texture": "#1"},
				"west": {"uv": [0.98, 1.16, 3.96, 2.32], "texture": "#1"},
				"up": {"uv": [2.83, 0.98, 5.66, 3.96], "texture": "#1"},
				"down": {"uv": [2.83, 0.98, 5.66, 3.96], "texture": "#1"}
			}
		},
		{
			"from": [5.44, 3.47, -12.98],
			"to": [7.57, 4.55, -11],
			"rotation": {"angle": 45, "axis": "z", "origin": [6.5, 3.5, -12.5]},
			"faces": {
				"north": {"uv": [0, 0, 2.13, 1.08], "texture": "#1"},
				"east": {"uv": [0, 0, 1.98, 1.08], "texture": "#1"},
				"south": {"uv": [0, 0, 2.13, 1.08], "texture": "#1"},
				"west": {"uv": [0, 0, 1.98, 1.08], "texture": "#1"},
				"up": {"uv": [0, 0, 2.13, 1.98], "texture": "#1"},
				"down": {"uv": [0, 0, 2.13, 1.98], "texture": "#1"}
			}
		},
		{
			"from": [8.43, 3.47, -12.98],
			"to": [10.56, 4.55, -11],
			"rotation": {"angle": -45, "axis": "z", "origin": [9.5, 3.5, -12.5]},
			"faces": {
				"north": {"uv": [2.13, 0, 4.26, 1.08], "texture": "#1"},
				"east": {"uv": [0.98, 0, 2.96, 1.08], "texture": "#1"},
				"south": {"uv": [2.13, 0, 4.26, 1.08], "texture": "#1"},
				"west": {"uv": [0.98, 0, 2.96, 1.08], "texture": "#1"},
				"up": {"uv": [2.13, 0, 4.26, 1.98], "texture": "#1"},
				"down": {"uv": [2.13, 0, 4.26, 1.98], "texture": "#1"}
			}
		},
		{
			"from": [6.5, 4, -13],
			"to": [9.5, 5, -11],
			"rotation": {"angle": 0, "axis": "y", "origin": [0, 0, -13]},
			"faces": {
				"north": {"uv": [0, 0, 3, 1], "texture": "#1"},
				"east": {"uv": [0, 0, 2, 1], "texture": "#1"},
				"south": {"uv": [0, 0, 3, 1], "texture": "#1"},
				"west": {"uv": [0, 0, 2, 1], "texture": "#1"},
				"up": {"uv": [0, 0, 3, 2], "texture": "#1"},
				"down": {"uv": [0, 0, 3, 2], "texture": "#1"}
			}
		},
		{
			"from": [10, 0.5, -13],
			"to": [11, 3.5, -11],
			"rotation": {"angle": 0, "axis": "y", "origin": [16, 0, -13]},
			"faces": {
				"north": {"uv": [1, 0, 2, 3], "texture": "#1"},
				"east": {"uv": [1, 0, 3, 3], "texture": "#1"},
				"south": {"uv": [1, 0, 2, 3], "texture": "#1"},
				"west": {"uv": [1, 0, 3, 3], "texture": "#1"},
				"up": {"uv": [1, 0, 2, 2], "texture": "#1"},
				"down": {"uv": [1, 0, 2, 2], "texture": "#1"}
			}
		},
		{
			"from": [8.43, -0.55, -12.98],
			"to": [10.56, 0.53, -11],
			"rotation": {"angle": 45, "axis": "z", "origin": [9.5, 0.5, -12.5]},
			"faces": {
				"north": {"uv": [2.13, 1.08, 4.26, 2.16], "texture": "#1"},
				"east": {"uv": [0.98, 1.08, 2.96, 2.16], "texture": "#1"},
				"south": {"uv": [2.13, 1.08, 4.26, 2.16], "texture": "#1"},
				"west": {"uv": [0.98, 1.08, 2.96, 2.16], "texture": "#1"},
				"up": {"uv": [2.13, 0.98, 4.26, 2.96], "texture": "#1"},
				"down": {"uv": [2.13, 0.98, 4.26, 2.96], "texture": "#1"}
			}
		},
		{
			"from": [6.5, -1, -13],
			"to": [9.5, 0, -11],
			"rotation": {"angle": 0, "axis": "y", "origin": [0, 4, -13]},
			"faces": {
				"north": {"uv": [0, 1, 3, 2], "texture": "#1"},
				"east": {"uv": [0, 1, 2, 2], "texture": "#1"},
				"south": {"uv": [0, 1, 3, 2], "texture": "#1"},
				"west": {"uv": [0, 1, 2, 2], "texture": "#1"},
				"up": {"uv": [0, 1, 3, 3], "texture": "#1"},
				"down": {"uv": [0, 1, 3, 3], "texture": "#1"}
			}
		},
		{
			"from": [5.44, -0.55, -12.98],
			"to": [7.57, 0.53, -11],
			"rotation": {"angle": -45, "axis": "z", "origin": [6.5, 0.5, -12.5]},
			"faces": {
				"north": {"uv": [0, 1.08, 2.13, 2.16], "texture": "#1"},
				"east": {"uv": [0, 1.08, 1.98, 2.16], "texture": "#1"},
				"south": {"uv": [0, 1.08, 2.13, 2.16], "texture": "#1"},
				"west": {"uv": [0, 1.08, 1.98, 2.16], "texture": "#1"},
				"up": {"uv": [0, 0.98, 2.13, 2.96], "texture": "#1"},
				"down": {"uv": [0, 0.98, 2.13, 2.96], "texture": "#1"}
			}
		},
		{
			"from": [5, 0.5, -13],
			"to": [6, 3.5, -11],
			"rotation": {"angle": 0, "axis": "y", "origin": [0, 0, -13]},
			"faces": {
				"north": {"uv": [0, 0, 1, 3], "texture": "#1"},
				"east": {"uv": [0, 0, 2, 3], "texture": "#1"},
				"south": {"uv": [0, 0, 1, 3], "texture": "#1"},
				"west": {"uv": [0, 0, 2, 3], "texture": "#1"},
				"up": {"uv": [0, 0, 1, 2], "texture": "#1"},
				"down": {"uv": [0, 0, 1, 2], "texture": "#1"}
			}
		},
		{
			"from": [4.25, -0.5, -12.25],
			"to": [5, 0.75, -11],
			"rotation": {"angle": -45, "axis": "x", "origin": [6.5, 2, -13.5]},
			"faces": {
				"north": {"uv": [0, 0, 0.75, 1.25], "texture": "#0"},
				"east": {"uv": [0, 0, 1.25, 1.25], "texture": "#0"},
				"south": {"uv": [0, 0, 0.75, 1.25], "texture": "#0"},
				"west": {"uv": [0, 0, 1.25, 1.25], "texture": "#0"},
				"up": {"uv": [0, 0, 0.75, 1.25], "texture": "#0"},
				"down": {"uv": [0, 0, 0.75, 1.25], "texture": "#0"}
			}
		},
		{
			"from": [5.25, -0.69822, -11.66789],
			"to": [10.75, 4.80178, -10.16789],
			"rotation": {"angle": 0, "axis": "y", "origin": [9.875, 3.67678, -11.79289]},
			"faces": {
				"north": {"uv": [0, 0, 5.5, 5.5], "rotation": 90, "texture": "#0"},
				"east": {"uv": [0, 0, 1.5, 5.5], "texture": "#0"},
				"south": {"uv": [0, 0, 5.5, 5.5], "rotation": 270, "texture": "#0"},
				"west": {"uv": [0, 0, 1.5, 5.5], "rotation": 180, "texture": "#0"},
				"up": {"uv": [0, 0, 1.5, 5.5], "rotation": 270, "texture": "#0"},
				"down": {"uv": [0, 0, 1.5, 5.5], "rotation": 270, "texture": "#0"}
			}
		},
		{
			"from": [6.25, 5, -12],
			"to": [7.5, 5.75, -10.75],
			"rotation": {"angle": 45, "axis": "y", "origin": [8, 3.5, -12.5]},
			"faces": {
				"north": {"uv": [0, 0, 1.25, 0.75], "texture": "#0"},
				"east": {"uv": [0, 0, 1.25, 0.75], "texture": "#0"},
				"south": {"uv": [0, 0, 1.25, 0.75], "texture": "#0"},
				"west": {"uv": [0, 0, 1.25, 0.75], "texture": "#0"},
				"up": {"uv": [0, 0, 1.25, 1.25], "texture": "#0"},
				"down": {"uv": [0, 0, 1.25, 1.25], "texture": "#0"}
			}
		},
		{
			"from": [11, -0.5, -12.25],
			"to": [11.75, 0.75, -11],
			"rotation": {"angle": -45, "axis": "x", "origin": [9.5, 2, -13.5]},
			"faces": {
				"north": {"uv": [0.75, 0, 1.5, 1.25], "texture": "#0"},
				"east": {"uv": [1.25, 0, 2.5, 1.25], "texture": "#0"},
				"south": {"uv": [0.75, 0, 1.5, 1.25], "texture": "#0"},
				"west": {"uv": [1.25, 0, 2.5, 1.25], "texture": "#0"},
				"up": {"uv": [0.75, 0, 1.5, 1.25], "texture": "#0"},
				"down": {"uv": [0.75, 0, 1.5, 1.25], "texture": "#0"}
			}
		},
		{
			"from": [6.25, -1.75, -12],
			"to": [7.5, -1, -10.75],
			"rotation": {"angle": 45, "axis": "y", "origin": [8, 12.5, -12.5]},
			"faces": {
				"north": {"uv": [0, 0.75, 1.25, 1.5], "texture": "#0"},
				"east": {"uv": [0, 0.75, 1.25, 1.5], "texture": "#0"},
				"south": {"uv": [0, 0.75, 1.25, 1.5], "texture": "#0"},
				"west": {"uv": [0, 0.75, 1.25, 1.5], "texture": "#0"},
				"up": {"uv": [0, 1.25, 1.25, 2.5], "texture": "#0"},
				"down": {"uv": [0, 1.25, 1.25, 2.5], "texture": "#0"}
			}
		},
		{
			"from": [6, 1, -14],
			"to": [7, 3, -13],
			"rotation": {"angle": 0, "axis": "y", "origin": [0, 0, -14]},
			"faces": {
				"north": {"uv": [0, 0, 1, 2], "texture": "#1"},
				"east": {"uv": [0, 0, 1, 2], "texture": "#1"},
				"south": {"uv": [0, 0, 1, 2], "texture": "#1"},
				"west": {"uv": [0, 0, 1, 2], "texture": "#1"},
				"up": {"uv": [0, 0, 1, 1], "texture": "#1"},
				"down": {"uv": [0, 0, 1, 1], "texture": "#1"}
			}
		},
		{
			"from": [5.79, 2.45, -13.98],
			"to": [7.21, 3.49, -13],
			"rotation": {"angle": 45, "axis": "z", "origin": [6.5, 3.5, -13.5]},
			"faces": {
				"north": {"uv": [0, 0, 1.42, 1.04], "texture": "#1"},
				"east": {"uv": [0, 0, 0.98, 1.04], "texture": "#1"},
				"south": {"uv": [0, 0, 1.42, 1.04], "texture": "#1"},
				"west": {"uv": [0, 0, 0.98, 1.04], "texture": "#1"},
				"up": {"uv": [0, 0, 1.42, 0.98], "texture": "#1"},
				"down": {"uv": [0, 0, 1.42, 0.98], "texture": "#1"}
			}
		},
		{
			"from": [7, 3, -14],
			"to": [9, 4, -13],
			"rotation": {"angle": 0, "axis": "y", "origin": [0, 0, -14]},
			"faces": {
				"north": {"uv": [0, 0, 2, 1], "texture": "#1"},
				"east": {"uv": [0, 0, 1, 1], "texture": "#1"},
				"south": {"uv": [0, 0, 2, 1], "texture": "#1"},
				"west": {"uv": [0, 0, 1, 1], "texture": "#1"},
				"up": {"uv": [0, 0, 2, 1], "texture": "#1"},
				"down": {"uv": [0, 0, 2, 1], "texture": "#1"}
			}
		},
		{
			"from": [8.79, 2.45, -13.98],
			"to": [10.21, 3.49, -13],
			"rotation": {"angle": -45, "axis": "z", "origin": [9.5, 3.5, -13.5]},
			"faces": {
				"north": {"uv": [1.42, 0, 2.84, 1.04], "texture": "#1"},
				"east": {"uv": [0.98, 0, 1.96, 1.04], "texture": "#1"},
				"south": {"uv": [1.42, 0, 2.84, 1.04], "texture": "#1"},
				"west": {"uv": [0.98, 0, 1.96, 1.04], "texture": "#1"},
				"up": {"uv": [1.42, 0, 2.84, 0.98], "texture": "#1"},
				"down": {"uv": [1.42, 0, 2.84, 0.98], "texture": "#1"}
			}
		},
		{
			"from": [9, 1, -14],
			"to": [10, 3, -13],
			"rotation": {"angle": 0, "axis": "y", "origin": [16, 0, -14]},
			"faces": {
				"north": {"uv": [1, 0, 2, 2], "texture": "#1"},
				"east": {"uv": [1, 0, 2, 2], "texture": "#1"},
				"south": {"uv": [1, 0, 2, 2], "texture": "#1"},
				"west": {"uv": [1, 0, 2, 2], "texture": "#1"},
				"up": {"uv": [1, 0, 2, 1], "texture": "#1"},
				"down": {"uv": [1, 0, 2, 1], "texture": "#1"}
			}
		},
		{
			"from": [5.79, 0.51, -13.98],
			"to": [7.21, 1.55, -13],
			"rotation": {"angle": -45, "axis": "z", "origin": [6.5, 0.5, -13.5]},
			"faces": {
				"north": {"uv": [0, 1.04, 1.42, 2.08], "texture": "#1"},
				"east": {"uv": [0, 1.04, 0.98, 2.08], "texture": "#1"},
				"south": {"uv": [0, 1.04, 1.42, 2.08], "texture": "#1"},
				"west": {"uv": [0, 1.04, 0.98, 2.08], "texture": "#1"},
				"up": {"uv": [0, 0.98, 1.42, 1.96], "texture": "#1"},
				"down": {"uv": [0, 0.98, 1.42, 1.96], "texture": "#1"}
			}
		},
		{
			"from": [7, 0, -14],
			"to": [9, 1, -13],
			"rotation": {"angle": 0, "axis": "y", "origin": [0, 4, -14]},
			"faces": {
				"north": {"uv": [0, 1, 2, 2], "texture": "#1"},
				"east": {"uv": [0, 1, 1, 2], "texture": "#1"},
				"south": {"uv": [0, 1, 2, 2], "texture": "#1"},
				"west": {"uv": [0, 1, 1, 2], "texture": "#1"},
				"up": {"uv": [0, 1, 2, 2], "texture": "#1"},
				"down": {"uv": [0, 1, 2, 2], "texture": "#1"}
			}
		},
		{
			"from": [8.79, 0.51, -13.98],
			"to": [10.21, 1.55, -13],
			"rotation": {"angle": 45, "axis": "z", "origin": [9.5, 0.5, -13.5]},
			"faces": {
				"north": {"uv": [1.42, 1.04, 2.84, 2.08], "texture": "#1"},
				"east": {"uv": [0.98, 1.04, 1.96, 2.08], "texture": "#1"},
				"south": {"uv": [1.42, 1.04, 2.84, 2.08], "texture": "#1"},
				"west": {"uv": [0.98, 1.04, 1.96, 2.08], "texture": "#1"},
				"up": {"uv": [1.42, 0.98, 2.84, 1.96], "texture": "#1"},
				"down": {"uv": [1.42, 0.98, 2.84, 1.96], "texture": "#1"}
			}
		},
		{
			"from": [5.25, 0.25, -14],
			"to": [6, 1.5, -12.75],
			"rotation": {"angle": -45, "axis": "x", "origin": [6.5, 2, -14.5]},
			"faces": {
				"north": {"uv": [0, 0, 0.75, 1.25], "texture": "#0"},
				"east": {"uv": [0, 0, 1.25, 1.25], "texture": "#0"},
				"south": {"uv": [0, 0, 0.75, 1.25], "texture": "#0"},
				"west": {"uv": [0, 0, 1.25, 1.25], "texture": "#0"},
				"up": {"uv": [0, 0, 0.75, 1.25], "texture": "#0"},
				"down": {"uv": [0, 0, 0.75, 1.25], "texture": "#0"}
			}
		},
		{
			"from": [6.25, 0.30178, -13.41789],
			"to": [9.75, 3.80178, -12.16789],
			"rotation": {"angle": 0, "axis": "y", "origin": [9.875, 3.67678, -12.79289]},
			"faces": {
				"north": {"uv": [0, 0, 3.5, 3.5], "rotation": 90, "texture": "#0"},
				"east": {"uv": [0, 0, 1.25, 3.5], "texture": "#0"},
				"south": {"uv": [0, 0, 3.5, 3.5], "rotation": 270, "texture": "#0"},
				"west": {"uv": [0, 0, 1.25, 3.5], "rotation": 180, "texture": "#0"},
				"up": {"uv": [0, 0, 1.25, 3.5], "rotation": 270, "texture": "#0"},
				"down": {"uv": [0, 0, 1.25, 3.5], "rotation": 270, "texture": "#0"}
			}
		},
		{
			"from": [7, 4, -13.75],
			"to": [8.25, 4.75, -12.5],
			"rotation": {"angle": 45, "axis": "y", "origin": [8, 3.5, -13.5]},
			"faces": {
				"north": {"uv": [0, 0, 1.25, 0.75], "texture": "#0"},
				"east": {"uv": [0, 0, 1.25, 0.75], "texture": "#0"},
				"south": {"uv": [0, 0, 1.25, 0.75], "texture": "#0"},
				"west": {"uv": [0, 0, 1.25, 0.75], "texture": "#0"},
				"up": {"uv": [0, 0, 1.25, 1.25], "texture": "#0"},
				"down": {"uv": [0, 0, 1.25, 1.25], "texture": "#0"}
			}
		},
		{
			"from": [10, 0.25, -14],
			"to": [10.75, 1.5, -12.75],
			"rotation": {"angle": -45, "axis": "x", "origin": [9.5, 2, -14.5]},
			"faces": {
				"north": {"uv": [0.75, 0, 1.5, 1.25], "texture": "#0"},
				"east": {"uv": [1.25, 0, 2.5, 1.25], "texture": "#0"},
				"south": {"uv": [0.75, 0, 1.5, 1.25], "texture": "#0"},
				"west": {"uv": [1.25, 0, 2.5, 1.25], "texture": "#0"},
				"up": {"uv": [0.75, 0, 1.5, 1.25], "texture": "#0"},
				"down": {"uv": [0.75, 0, 1.5, 1.25], "texture": "#0"}
			}
		},
		{
			"from": [7, -0.75, -13.75],
			"to": [8.25, 0, -12.5],
			"rotation": {"angle": 45, "axis": "y", "origin": [8, 12.5, -13.5]},
			"faces": {
				"north": {"uv": [0, 0.75, 1.25, 1.5], "texture": "#0"},
				"east": {"uv": [0, 0.75, 1.25, 1.5], "texture": "#0"},
				"south": {"uv": [0, 0.75, 1.25, 1.5], "texture": "#0"},
				"west": {"uv": [0, 0.75, 1.25, 1.5], "texture": "#0"},
				"up": {"uv": [0, 1.25, 1.25, 2.5], "texture": "#0"},
				"down": {"uv": [0, 1.25, 1.25, 2.5], "texture": "#0"}
			}
		},
		{
			"from": [7.75, 0.25, -14.5],
			"to": [9, 1, -13.25],
			"rotation": {"angle": 45, "axis": "y", "origin": [8, 12.5, -13.5]},
			"faces": {
				"north": {"uv": [0, 0.75, 1.25, 1.5], "texture": "#0"},
				"east": {"uv": [0, 0.75, 1.25, 1.5], "texture": "#0"},
				"south": {"uv": [0, 0.75, 1.25, 1.5], "texture": "#0"},
				"west": {"uv": [0, 0.75, 1.25, 1.5], "texture": "#0"},
				"up": {"uv": [0, 1.25, 1.25, 2.5], "texture": "#0"},
				"down": {"uv": [0, 1.25, 1.25, 2.5], "texture": "#0"}
			}
		},
		{
			"from": [6.25, 1, -14.75],
			"to": [7, 2.25, -13.5],
			"rotation": {"angle": -45, "axis": "x", "origin": [6.5, 2, -14.5]},
			"faces": {
				"north": {"uv": [0, 0, 0.75, 1.25], "texture": "#0"},
				"east": {"uv": [0, 0, 1.25, 1.25], "texture": "#0"},
				"south": {"uv": [0, 0, 0.75, 1.25], "texture": "#0"},
				"west": {"uv": [0, 0, 1.25, 1.25], "texture": "#0"},
				"up": {"uv": [0, 0, 0.75, 1.25], "texture": "#0"},
				"down": {"uv": [0, 0, 0.75, 1.25], "texture": "#0"}
			}
		},
		{
			"from": [7.75, 3, -14.5],
			"to": [9, 3.75, -13.25],
			"rotation": {"angle": 45, "axis": "y", "origin": [8, 3.5, -13.5]},
			"faces": {
				"north": {"uv": [0, 0, 1.25, 0.75], "texture": "#0"},
				"east": {"uv": [0, 0, 1.25, 0.75], "texture": "#0"},
				"south": {"uv": [0, 0, 1.25, 0.75], "texture": "#0"},
				"west": {"uv": [0, 0, 1.25, 0.75], "texture": "#0"},
				"up": {"uv": [0, 0, 1.25, 1.25], "texture": "#0"},
				"down": {"uv": [0, 0, 1.25, 1.25], "texture": "#0"}
			}
		},
		{
			"from": [9, 1, -14.75],
			"to": [9.75, 2.25, -13.5],
			"rotation": {"angle": -45, "axis": "x", "origin": [9.5, 2, -14.5]},
			"faces": {
				"north": {"uv": [0.75, 0, 1.5, 1.25], "texture": "#0"},
				"east": {"uv": [1.25, 0, 2.5, 1.25], "texture": "#0"},
				"south": {"uv": [0.75, 0, 1.5, 1.25], "texture": "#0"},
				"west": {"uv": [1.25, 0, 2.5, 1.25], "texture": "#0"},
				"up": {"uv": [0.75, 0, 1.5, 1.25], "texture": "#0"},
				"down": {"uv": [0.75, 0, 1.5, 1.25], "texture": "#0"}
			}
		},
		{
			"from": [7, 1, -15],
			"to": [9, 3, -14],
			"rotation": {"angle": 0, "axis": "y", "origin": [0, 0, -14]},
			"faces": {
				"north": {"uv": [0, 0, 2, 2], "texture": "#1"},
				"east": {"uv": [0, 0, 1, 2], "texture": "#1"},
				"south": {"uv": [0, 0, 2, 2], "texture": "#1"},
				"west": {"uv": [0, 0, 1, 2], "texture": "#1"},
				"up": {"uv": [0, 0, 2, 1], "texture": "#1"},
				"down": {"uv": [0, 0, 2, 1], "texture": "#1"}
			}
		},
		{
			"from": [7.27, 1.18, -15.29],
			"to": [8.57, 2.48, -13.99],
			"rotation": {"angle": 45, "axis": "x", "origin": [8, 2, -14.5]},
			"faces": {
				"north": {"uv": [0, 0, 1.3, 1.3], "rotation": 180, "texture": "#0"},
				"east": {"uv": [0, 0, 1.3, 1.3], "rotation": 90, "texture": "#0"},
				"south": {"uv": [0, 0, 1.3, 1.3], "texture": "#0"},
				"west": {"uv": [0, 0, 1.3, 1.3], "rotation": 270, "texture": "#0"},
				"up": {"uv": [0, 0, 1.3, 1.3], "texture": "#0"},
				"down": {"uv": [0, 0, 1.3, 1.3], "rotation": 180, "texture": "#0"}
			}
		},
		{
			"from": [7.27, 1.32879, -15.3692],
			"to": [8.57, 2.62879, -14.0692],
			"rotation": {"angle": 45, "axis": "y", "origin": [7.92, 1.97879, -14.7192]},
			"faces": {
				"north": {"uv": [0, 0, 1.3, 1.3], "rotation": 90, "texture": "#0"},
				"east": {"uv": [0, 0, 1.3, 1.3], "rotation": 270, "texture": "#0"},
				"south": {"uv": [0, 0, 1.3, 1.3], "rotation": 90, "texture": "#0"},
				"west": {"uv": [0, 0, 1.3, 1.3], "rotation": 90, "texture": "#0"},
				"up": {"uv": [0, 0, 1.3, 1.3], "rotation": 180, "texture": "#0"},
				"down": {"uv": [0, 0, 1.3, 1.3], "texture": "#0"}
			}
		},
		{
			"from": [4.75, 4.45, 0.02],
			"to": [8.27, 6.67, 10],
			"rotation": {"angle": 45, "axis": "z", "origin": [6.5, 3.5, -2.5]},
			"faces": {
				"north": {"uv": [0, 0, 3.52, 2.22], "texture": "#1"},
				"east": {"uv": [0, 0, 5.98, 2.22], "texture": "#1"},
				"south": {"uv": [0, 0, 3.52, 2.22], "texture": "#1"},
				"west": {"uv": [0, 0, 5.98, 2.22], "texture": "#1"},
				"up": {"uv": [0, 0, 3.52, 15.98], "texture": "#1"},
				"down": {"uv": [0, 0, 3.52, 5.98], "texture": "#1"}
			}
		},
		{
			"from": [3, -0.5, 0],
			"to": [4, 4.5, 10],
			"rotation": {"angle": 0, "axis": "y", "origin": [0, 0, -3]},
			"faces": {
				"north": {"uv": [0, 0, 1, 5], "texture": "#1"},
				"east": {"uv": [0, 0, 16, 5], "texture": "#1"},
				"south": {"uv": [0, 0, 1, 5], "texture": "#1"},
				"west": {"uv": [0, 0, 16, 5], "texture": "#1"},
				"up": {"uv": [0, 0, 1, 16], "texture": "#1"},
				"down": {"uv": [0, 0, 1, 16], "texture": "#1"}
			}
		},
		{
			"from": [5.5, 6, 0],
			"to": [10.5, 7, 10],
			"rotation": {"angle": 0, "axis": "y", "origin": [0, 0, -3]},
			"faces": {
				"north": {"uv": [0, 0, 5, 1], "texture": "#1"},
				"east": {"uv": [0, 0, 6, 1], "texture": "#1"},
				"south": {"uv": [0, 0, 5, 1], "texture": "#1"},
				"west": {"uv": [0, 0, 6, 1], "texture": "#1"},
				"up": {"uv": [0, 0, 4, 16], "texture": "#1"},
				"down": {"uv": [0, 0, 5, 6], "texture": "#1"}
			}
		},
		{
			"from": [5.5, -3, 0],
			"to": [10.5, -2, 10],
			"rotation": {"angle": 0, "axis": "y", "origin": [0, 0, -3]},
			"faces": {
				"north": {"uv": [0, 0, 5, 1], "texture": "#1"},
				"east": {"uv": [0, 0, 6, 1], "texture": "#1"},
				"south": {"uv": [0, 0, 5, 1], "texture": "#1"},
				"west": {"uv": [0, 0, 6, 1], "texture": "#1"},
				"up": {"uv": [0, 0, 4, 16], "texture": "#1"},
				"down": {"uv": [0, 0, 5, 16], "texture": "#1"}
			}
		},
		{
			"from": [7.73, 4.45, 0.02],
			"to": [11.25, 6.67, 10],
			"rotation": {"angle": -45, "axis": "z", "origin": [9.5, 3.5, -2.5]},
			"faces": {
				"north": {"uv": [3.52, 0, 7.04, 2.22], "texture": "#1"},
				"east": {"uv": [0, 0, 5.98, 2.22], "texture": "#1"},
				"south": {"uv": [3.52, 0, 7.04, 2.22], "texture": "#1"},
				"west": {"uv": [0, 0, 5.98, 2.22], "texture": "#1"},
				"up": {"uv": [3.52, 0, 8.04, 16], "texture": "#1"},
				"down": {"uv": [3.52, 0, 7.04, 5.98], "texture": "#1"}
			}
		},
		{
			"from": [12, -0.5, 0],
			"to": [13, 4.5, 10],
			"rotation": {"angle": 0, "axis": "y", "origin": [16, 0, -2]},
			"faces": {
				"north": {"uv": [1, 0, 2, 5], "texture": "#1"},
				"east": {"uv": [0, 0, 16, 5], "texture": "#1"},
				"south": {"uv": [1, 0, 2, 5], "texture": "#1"},
				"west": {"uv": [0, 0, 16, 5], "texture": "#1"},
				"up": {"uv": [1, 0, 2, 16], "texture": "#1"},
				"down": {"uv": [1, 0, 2, 16], "texture": "#1"}
			}
		},
		{
			"from": [7.73, -2.67, 0.02],
			"to": [11.25, -0.45, 10],
			"rotation": {"angle": 45, "axis": "z", "origin": [9.5, 0.5, -2.5]},
			"faces": {
				"north": {"uv": [3.52, 2.22, 7.04, 4.44], "texture": "#1"},
				"east": {"uv": [0, 2.22, 16, 4.44], "texture": "#1"},
				"south": {"uv": [3.52, 2.22, 7.04, 4.44], "texture": "#1"},
				"west": {"uv": [0, 2.22, 16, 4.44], "texture": "#1"},
				"up": {"uv": [3.52, 0, 7.04, 16], "texture": "#1"},
				"down": {"uv": [3.52, 0, 7.04, 16], "texture": "#1"}
			}
		},
		{
			"from": [4.75, -2.67, 0.02],
			"to": [8.27, -0.45, 10],
			"rotation": {"angle": -45, "axis": "z", "origin": [6.5, 0.5, -2.5]},
			"faces": {
				"north": {"uv": [7.04, 2.22, 3.52, 4.44], "texture": "#1"},
				"east": {"uv": [16, 2.22, 0, 4.44], "texture": "#1"},
				"south": {"uv": [7.04, 2.22, 3.52, 4.44], "texture": "#1"},
				"west": {"uv": [16, 2.22, 0, 4.44], "texture": "#1"},
				"up": {"uv": [7.04, 0, 3.52, 16], "texture": "#1"},
				"down": {"uv": [7.04, 0, 3.52, 16], "texture": "#1"}
			}
		}
	],
	"display": {
		"thirdperson_righthand": {
			"translation": [0, 5.25, 3]
		},
		"firstperson_righthand": {
			"rotation": [15, 0, 0],
			"translation": [0, -6.25, 0]
		},
		"firstperson_lefthand": {
			"rotation": [15, 0, 0],
			"translation": [0, -6.25, 0]
		},
		"head": {
			"translation": [0, 6.25, -10],
			"scale": [4, 4, 4]
		}
	},
	"groups": [
		{
			"name": "layer_7",
			"origin": [6.5, 0.5, 6.5],
			"color": 0,
			"children": [
				0,
				1,
				2,
				3,
				4,
				5,
				6,
				7,
				8,
				{
					"name": "layer_7",
					"origin": [6.5, 0.5, 6.5],
					"color": 0,
					"children": [9, 10, 11, 12, 13, 14, 15, 16]
				}
			]
		},
		{
			"name": "layer_6",
			"origin": [9.5, 3.5, 0.5],
			"color": 0,
			"children": [17, 18, 19, 20, 21, 22, 23, 24, 25, 26, 27, 28, 29, 30, 31, 32, 33, 34, 35, 36, 37, 38, 39, 40]
		},
		{
			"name": "layer_5",
			"origin": [9.5, 0.5, 0.5],
			"color": 0,
			"children": [41, 42, 43, 44, 45, 46, 47, 48, 49, 50, 51, 52, 53, 54, 55, 56, 57, 58]
		},
		{
			"name": "layer_4",
			"origin": [8, 12.5, 0.5],
			"color": 0,
			"children": [59, 60, 61, 62, 63, 64, 65, 66, 67, 68, 69, 70, 71]
		},
		{
			"name": "layer_3",
			"origin": [8, 12.5, 0.5],
			"color": 0,
			"children": [72, 73, 74, 75, 76, 77, 78, 79, 80, 81, 82, 83, 84]
		},
		{
			"name": "layer_2",
			"origin": [0, 0, 0],
			"color": 0,
			"children": [85, 86, 87, 88, 89]
		},
		{
			"name": "layer_1",
			"origin": [7.92, 1.97879, -0.7192],
			"color": 0,
			"children": [90, 91]
		},
		92,
		93,
		94,
		95,
		96,
		97,
		98,
		99
	]
}