{
	"textures": {
		"3": "block/black_shulker_box",
		"6": "block/iron_block",
		"8": "block/gray_concrete_powder",
		"10": "block/diamond_block",
		"particle": "block/iron_block"
	},
	"elements": [
		{
			"from": [6, 0.2, 7],
			"to": [10, 4, 10],
			"faces": {
				"north": {"uv": [0, 0, 16, 16], "texture": "#6"},
				"east": {"uv": [0, 0, 4, 3.8], "texture": "#6"},
				"south": {"uv": [0, 0, 16, 16], "texture": "#6"},
				"west": {"uv": [0, 0, 4, 3.8], "texture": "#6"},
				"up": {"uv": [0, 0, 4, 3.8], "texture": "#6"},
				"down": {"uv": [0, 0, 16, 16], "texture": "#6"}
			}
		},
		{
			"from": [6.25, 0.2, 6.5],
			"to": [9.75, 4.55, 7],
			"faces": {
				"north": {"uv": [0, 0, 16, 16], "texture": "#6"},
				"east": {"uv": [0, 0, 16, 8], "rotation": 90, "texture": "#6"},
				"south": {"uv": [0, 0, 16, 8], "texture": "#6"},
				"west": {"uv": [0, 0, 16, 8], "rotation": 90, "texture": "#6"},
				"up": {"uv": [0, 0, 16, 8], "texture": "#6"},
				"down": {"uv": [0, 0, 16, 8], "texture": "#6"}
			}
		},
		{
			"from": [8.1, 4, 6.9],
			"to": [10, 5, 14],
			"faces": {
				"north": {"uv": [7, 13, 9, 15], "texture": "#6"},
				"east": {"uv": [7, 13, 9, 15], "texture": "#6"},
				"south": {"uv": [7, 13, 9, 15], "texture": "#6"},
				"west": {"uv": [7, 13, 9, 15], "texture": "#6"},
				"up": {"uv": [0, 0, 16, 16], "texture": "#6"},
				"down": {"uv": [7, 13, 9, 15], "texture": "#6"}
			}
		},
		{
			"from": [6, 4, 6.9],
			"to": [7.9, 5, 14],
			"faces": {
				"north": {"uv": [6, 13, 8, 15], "texture": "#6"},
				"east": {"uv": [6, 13, 8, 15], "texture": "#6"},
				"south": {"uv": [6, 13, 8, 15], "texture": "#6"},
				"west": {"uv": [6, 13, 8, 15], "texture": "#6"},
				"up": {"uv": [0, 0, 16, 16], "texture": "#6"},
				"down": {"uv": [6, 13, 8, 15], "texture": "#6"}
			}
		},
		{
			"from": [6, 3.9, 7.2],
			"to": [10, 4.1, 13.7],
			"faces": {
				"north": {"uv": [1, 0, 2, 1], "texture": "#6"},
				"east": {"uv": [1, 0, 2, 1], "texture": "#6"},
				"south": {"uv": [1, 0, 2, 1], "texture": "#6"},
				"west": {"uv": [1, 0, 2, 1], "texture": "#6"},
				"up": {"uv": [1, 0, 2, 1], "texture": "#6"},
				"down": {"uv": [0, 0, 16, 16], "texture": "#6"}
			}
		},
		{
			"from": [5, 0, 6.9],
			"to": [6, 4, 14],
			"faces": {
				"north": {"uv": [10, 12, 16, 16], "texture": "#6"},
				"east": {"uv": [0, 12, 16, 16], "texture": "#6"},
				"south": {"uv": [10, 12, 16, 16], "texture": "#6"},
				"west": {"uv": [0, 0, 16, 16], "rotation": 90, "texture": "#6"},
				"up": {"uv": [10, 12, 16, 16], "texture": "#6"},
				"down": {"uv": [0, 0, 16, 16], "texture": "#6"}
			}
		},
		{
			"from": [10, 0, 6.9],
			"to": [11, 4, 14],
			"faces": {
				"north": {"uv": [10, 12, 16, 16], "texture": "#6"},
				"east": {"uv": [0, 0, 16, 16], "rotation": 90, "texture": "#6"},
				"south": {"uv": [10, 12, 16, 16], "texture": "#6"},
				"west": {"uv": [0, 12, 16, 16], "texture": "#6"},
				"up": {"uv": [10, 12, 16, 15], "texture": "#6"},
				"down": {"uv": [0, 0, 16, 16], "texture": "#6"}
			}
		},
		{
			"from": [0.7, 6.3, 6.8],
			"to": [1.7, 7.8, 14.1],
			"rotation": {"angle": -45, "axis": "z", "origin": [0, 0, 0]},
			"faces": {
				"north": {"uv": [1, 3.2, 2, 4.7], "texture": "#6"},
				"east": {"uv": [4, 6.2, 11.3, 7.7], "texture": "#6"},
				"south": {"uv": [5, 6, 6, 7.5], "texture": "#6"},
				"west": {"uv": [0, 0, 15.7, 16], "rotation": 90, "texture": "#6"},
				"up": {"uv": [1, 4.2, 2, 11.5], "texture": "#6"},
				"down": {"uv": [3, 5.2, 4, 12.5], "texture": "#6"}
			}
		},
		{
			"from": [3.5, 9.6, 6.8],
			"to": [5, 10.6, 14.1],
			"rotation": {"angle": -45, "axis": "z", "origin": [0, 0, 0]},
			"faces": {
				"north": {"uv": [9, 12, 14.7, 13.5], "rotation": 90, "texture": "#6"},
				"east": {"uv": [9, 12, 14.7, 13.5], "rotation": 90, "texture": "#6"},
				"south": {"uv": [9, 12, 14.7, 13.5], "rotation": 90, "texture": "#6"},
				"west": {"uv": [9, 12, 14.7, 13.5], "rotation": 90, "texture": "#6"},
				"up": {"uv": [0, 0, 16, 16], "rotation": 180, "texture": "#6"},
				"down": {"uv": [9, 12, 14.7, 13.5], "rotation": 90, "texture": "#6"}
			}
		},
		{
			"from": [7, 1.7, 5.6],
			"to": [9, 3.5, 6],
			"faces": {
				"north": {"uv": [0, 0, 16, 16], "texture": "#3"},
				"east": {"uv": [0, 0, 16, 6.8], "texture": "#3"},
				"south": {"uv": [0, 0, 16, 16], "texture": "#3"},
				"west": {"uv": [0, 0, 16, 7], "texture": "#3"},
				"up": {"uv": [0, 0, 4, 3.8], "texture": "#3"},
				"down": {"uv": [0, 0, 16, 16], "texture": "#3"}
			}
		},
		{
			"from": [6.5, 0.45, 6],
			"to": [9.5, 4.5, 6.5],
			"faces": {
				"north": {"uv": [0, 0, 16, 16], "texture": "#3"},
				"east": {"uv": [0, 0, 4, 3.8], "texture": "#3"},
				"south": {"uv": [0, 0, 16, 16], "texture": "#3"},
				"west": {"uv": [0, 0, 4, 3.8], "texture": "#3"},
				"up": {"uv": [0, 0, 4, 3.8], "texture": "#3"},
				"down": {"uv": [0, 0, 16, 16], "texture": "#3"}
			}
		},
		{
			"from": [7.44426, 1.98239, -0.31],
			"to": [8.54426, 3.08239, 0.25],
			"rotation": {"angle": 22.5, "axis": "z", "origin": [7.99426, 2.53239, -1.65]},
			"faces": {
				"north": {"uv": [0, 0, 16, 16], "rotation": 180, "texture": "#3"},
				"east": {"uv": [0, 0, 16, 7], "rotation": 180, "texture": "#3"},
				"south": {"uv": [0, 0, 16, 16], "rotation": 180, "texture": "#3"},
				"west": {"uv": [0, 0, 16, 6.8], "rotation": 180, "texture": "#3"},
				"up": {"uv": [0, 0, 16, 16], "rotation": 180, "texture": "#3"},
				"down": {"uv": [0, 0, 4, 3.8], "rotation": 180, "texture": "#3"}
			}
		},
		{
			"from": [7.44426, 1.98239, 0.25],
			"to": [8.54426, 3.08239, 0.5],
			"rotation": {"angle": -22.5, "axis": "z", "origin": [7.99426, 2.53239, -1.4]},
			"faces": {
				"north": {"uv": [0, 0, 16, 16], "rotation": 270, "texture": "#10"},
				"east": {"uv": [0, 0, 4, 3.8], "rotation": 90, "texture": "#10"},
				"south": {"uv": [0, 0, 16, 16], "rotation": 90, "texture": "#10"},
				"west": {"uv": [0, 0, 16, 16], "rotation": 90, "texture": "#10"},
				"up": {"uv": [0, 0, 16, 7], "rotation": 90, "texture": "#10"},
				"down": {"uv": [0, 0, 16, 6.8], "rotation": 90, "texture": "#10"}
			}
		},
		{
			"from": [7.44426, 1.98239, 0.25],
			"to": [8.54426, 3.08239, 0.5],
			"rotation": {"angle": 22.5, "axis": "z", "origin": [7.99426, 2.53239, -1.4]},
			"faces": {
				"north": {"uv": [0, 0, 16, 16], "rotation": 180, "texture": "#10"},
				"east": {"uv": [0, 0, 16, 7], "rotation": 180, "texture": "#10"},
				"south": {"uv": [0, 0, 16, 16], "rotation": 180, "texture": "#10"},
				"west": {"uv": [0, 0, 16, 6.8], "rotation": 180, "texture": "#10"},
				"up": {"uv": [0, 0, 16, 16], "rotation": 180, "texture": "#10"},
				"down": {"uv": [0, 0, 4, 3.8], "rotation": 180, "texture": "#10"}
			}
		},
		{
			"from": [6.94426, 1.48239, 1.19],
			"to": [9.04426, 3.58239, 1.8],
			"rotation": {"angle": -22.5, "axis": "z", "origin": [7.99426, 2.53239, 3.35]},
			"faces": {
				"north": {"uv": [0, 0, 16, 16], "rotation": 270, "texture": "#3"},
				"east": {"uv": [0, 0, 4, 3.8], "rotation": 90, "texture": "#3"},
				"south": {"uv": [0, 0, 16, 16], "rotation": 90, "texture": "#3"},
				"west": {"uv": [0, 0, 16, 16], "rotation": 90, "texture": "#3"},
				"up": {"uv": [0, 0, 16, 7], "rotation": 90, "texture": "#3"},
				"down": {"uv": [0, 0, 16, 6.8], "rotation": 90, "texture": "#3"}
			}
		},
		{
			"from": [6.94426, 1.48239, 1.2],
			"to": [9.04426, 3.58239, 1.8],
			"rotation": {"angle": 22.5, "axis": "z", "origin": [7.99426, 2.53239, 3.35]},
			"faces": {
				"north": {"uv": [0, 0, 16, 16], "rotation": 180, "texture": "#3"},
				"east": {"uv": [0, 0, 16, 7], "rotation": 180, "texture": "#3"},
				"south": {"uv": [0, 0, 16, 16], "rotation": 180, "texture": "#3"},
				"west": {"uv": [0, 0, 16, 6.8], "rotation": 180, "texture": "#3"},
				"up": {"uv": [0, 0, 16, 16], "rotation": 180, "texture": "#3"},
				"down": {"uv": [0, 0, 4, 3.8], "rotation": 180, "texture": "#3"}
			}
		},
		{
			"from": [6.04426, 0.58239, 3.19],
			"to": [9.94426, 4.48239, 4.44],
			"rotation": {"angle": -22.5, "axis": "z", "origin": [7.99426, 2.53239, 5.35]},
			"faces": {
				"north": {"uv": [0, 0, 16, 16], "rotation": 270, "texture": "#8"},
				"east": {"uv": [0, 0, 4, 3.8], "rotation": 90, "texture": "#8"},
				"south": {"uv": [0, 0, 16, 16], "rotation": 90, "texture": "#8"},
				"west": {"uv": [0, 0, 16, 9], "rotation": 90, "texture": "#8"},
				"up": {"uv": [0, 0, 16, 7], "rotation": 90, "texture": "#8"},
				"down": {"uv": [0, 0, 16, 6.8], "rotation": 90, "texture": "#8"}
			}
		},
		{
			"from": [6.04426, 0.58239, 5.2],
			"to": [9.94426, 4.48239, 5.8],
			"rotation": {"angle": 22.5, "axis": "z", "origin": [7.99426, 2.53239, 5.35]},
			"faces": {
				"north": {"uv": [0, 0, 16, 16], "rotation": 180, "texture": "#6"},
				"east": {"uv": [0, 0, 16, 7], "rotation": 180, "texture": "#6"},
				"south": {"uv": [0, 0, 16, 16], "rotation": 180, "texture": "#6"},
				"west": {"uv": [0, 0, 16, 6.8], "rotation": 180, "texture": "#6"},
				"up": {"uv": [0, 0, 16, 16], "rotation": 180, "texture": "#6"},
				"down": {"uv": [0, 0, 4, 3.8], "rotation": 180, "texture": "#6"}
			}
		},
		{
			"from": [6.04426, 0.58239, 5.19],
			"to": [9.94426, 4.48239, 5.79],
			"rotation": {"angle": -22.5, "axis": "z", "origin": [7.99426, 2.53239, 5.35]},
			"faces": {
				"north": {"uv": [0, 0, 16, 16], "rotation": 270, "texture": "#6"},
				"east": {"uv": [0, 0, 4, 3.8], "rotation": 90, "texture": "#6"},
				"south": {"uv": [0, 0, 16, 16], "rotation": 90, "texture": "#6"},
				"west": {"uv": [0, 0, 16, 16], "rotation": 90, "texture": "#6"},
				"up": {"uv": [0, 0, 16, 7], "rotation": 90, "texture": "#6"},
				"down": {"uv": [0, 0, 16, 6.8], "rotation": 90, "texture": "#6"}
			}
		},
		{
			"from": [6.04426, 0.58239, 3.2],
			"to": [9.94426, 4.48239, 4.45],
			"rotation": {"angle": 22.5, "axis": "z", "origin": [7.99426, 2.53239, 5.35]},
			"faces": {
				"north": {"uv": [0, 0, 16, 16], "rotation": 180, "texture": "#8"},
				"east": {"uv": [0, 0, 16, 7], "rotation": 180, "texture": "#8"},
				"south": {"uv": [0, 0, 16, 16], "rotation": 180, "texture": "#8"},
				"west": {"uv": [0, 0, 16, 16], "rotation": 180, "texture": "#8"},
				"up": {"uv": [0, 0, 16, 9], "rotation": 180, "texture": "#8"},
				"down": {"uv": [0, 0, 4, 3.8], "rotation": 180, "texture": "#8"}
			}
		},
		{
			"from": [6.04426, 0.58239, 4.44],
			"to": [9.94426, 4.48239, 4.79],
			"rotation": {"angle": -22.5, "axis": "z", "origin": [7.99426, 2.53239, 5.35]},
			"faces": {
				"north": {"uv": [0, 0, 16, 16], "rotation": 270, "texture": "#3"},
				"east": {"uv": [0, 0, 16, 3], "rotation": 90, "texture": "#3"},
				"south": {"uv": [0, 0, 16, 16], "rotation": 90, "texture": "#3"},
				"west": {"uv": [0, 0, 16, 3], "rotation": 90, "texture": "#3"},
				"up": {"uv": [0, 0, 3, 16], "rotation": 90, "texture": "#3"},
				"down": {"uv": [0, 0, 16, 16], "rotation": 90, "texture": "#3"}
			}
		},
		{
			"from": [6.04426, 0.58239, 4.45],
			"to": [9.94426, 4.48239, 4.8],
			"rotation": {"angle": 22.5, "axis": "z", "origin": [7.99426, 2.53239, 5.35]},
			"faces": {
				"north": {"uv": [0, 0, 16, 16], "rotation": 180, "texture": "#3"},
				"east": {"uv": [0, 0, 3, 16], "rotation": 180, "texture": "#3"},
				"south": {"uv": [0, 0, 16, 16], "rotation": 180, "texture": "#3"},
				"west": {"uv": [0, 0, 16, 16], "rotation": 180, "texture": "#3"},
				"up": {"uv": [0, 0, 16, 3], "rotation": 180, "texture": "#3"},
				"down": {"uv": [0, 0, 16, 16], "rotation": 180, "texture": "#3"}
			}
		},
		{
			"from": [7.44426, 1.98239, -0.3],
			"to": [8.54426, 3.08239, 0.25],
			"rotation": {"angle": -22.5, "axis": "z", "origin": [7.99426, 2.53239, -1.65]},
			"faces": {
				"north": {"uv": [0, 0, 16, 16], "rotation": 270, "texture": "#3"},
				"east": {"uv": [0, 0, 4, 3.8], "rotation": 90, "texture": "#3"},
				"south": {"uv": [0, 0, 16, 16], "rotation": 90, "texture": "#3"},
				"west": {"uv": [0, 0, 16, 16], "rotation": 90, "texture": "#3"},
				"up": {"uv": [0, 0, 16, 7], "rotation": 90, "texture": "#3"},
				"down": {"uv": [0, 0, 16, 6.8], "rotation": 90, "texture": "#3"}
			}
		},
		{
			"from": [7.24426, 1.78239, 0.49],
			"to": [8.74426, 3.28239, 1.2],
			"rotation": {"angle": 0, "axis": "y", "origin": [7.99426, 2.53239, -0.125]},
			"faces": {
				"north": {"uv": [0, 0, 16, 16], "rotation": 180, "texture": "#8"},
				"east": {"uv": [0, 0, 16, 7], "rotation": 180, "texture": "#8"},
				"south": {"uv": [0, 0, 16, 16], "rotation": 180, "texture": "#8"},
				"west": {"uv": [0, 0, 16, 6.8], "rotation": 180, "texture": "#8"},
				"up": {"uv": [0, 0, 16, 16], "rotation": 180, "texture": "#8"},
				"down": {"uv": [0, 0, 4, 3.8], "rotation": 180, "texture": "#8"}
			}
		},
		{
			"from": [7.24426, 1.78239, 0.5],
			"to": [8.74426, 3.28239, 1.2],
			"rotation": {"angle": 45, "axis": "z", "origin": [7.99426, 2.53239, -0.125]},
			"faces": {
				"north": {"uv": [0, 0, 16, 16], "rotation": 180, "texture": "#8"},
				"east": {"uv": [0, 0, 16, 7], "rotation": 180, "texture": "#8"},
				"south": {"uv": [0, 0, 16, 16], "rotation": 180, "texture": "#8"},
				"west": {"uv": [0, 0, 16, 6.8], "rotation": 180, "texture": "#8"},
				"up": {"uv": [0, 0, 16, 16], "rotation": 180, "texture": "#8"},
				"down": {"uv": [0, 0, 4, 3.8], "rotation": 180, "texture": "#8"}
			}
		},
		{
			"from": [6.54426, 1.08239, 1.49],
			"to": [9.44426, 3.98239, 2.87],
			"rotation": {"angle": 0, "axis": "y", "origin": [7.99426, 2.53239, 2.575]},
			"faces": {
				"north": {"uv": [0, 0, 16, 16], "rotation": 180, "texture": "#8"},
				"east": {"uv": [0, 0, 16, 16], "rotation": 180, "texture": "#8"},
				"south": {"uv": [0, 0, 16, 16], "rotation": 180, "texture": "#8"},
				"west": {"uv": [0, 0, 16, 16], "rotation": 180, "texture": "#8"},
				"up": {"uv": [0, 0, 16, 10], "rotation": 180, "texture": "#8"},
				"down": {"uv": [0, 0, 4, 3.8], "rotation": 180, "texture": "#8"}
			}
		},
		{
			"from": [6.54426, 1.08239, 2.88],
			"to": [9.44426, 3.98239, 3.2],
			"rotation": {"angle": 45, "axis": "z", "origin": [7.99426, 2.53239, 2.825]},
			"faces": {
				"north": {"uv": [0, 0, 16, 16], "rotation": 180, "texture": "#3"},
				"east": {"uv": [0, 0, 3, 16], "rotation": 180, "texture": "#3"},
				"south": {"uv": [0, 0, 16, 16], "rotation": 180, "texture": "#3"},
				"west": {"uv": [0, 0, 16, 6.8], "rotation": 180, "texture": "#3"},
				"up": {"uv": [0, 0, 16, 3], "rotation": 180, "texture": "#3"},
				"down": {"uv": [0, 0, 4, 3.8], "rotation": 180, "texture": "#3"}
			}
		},
		{
			"from": [6.54426, 1.08239, 2.87],
			"to": [9.44426, 3.98239, 3.2],
			"rotation": {"angle": 0, "axis": "y", "origin": [7.99426, 2.53239, 2.825]},
			"faces": {
				"north": {"uv": [0, 0, 16, 16], "rotation": 180, "texture": "#3"},
				"east": {"uv": [0, 0, 3, 16], "rotation": 180, "texture": "#3"},
				"south": {"uv": [0, 0, 16, 16], "rotation": 180, "texture": "#3"},
				"west": {"uv": [0, 0, 3, 16], "rotation": 180, "texture": "#3"},
				"up": {"uv": [0, 0, 16, 3], "rotation": 180, "texture": "#3"},
				"down": {"uv": [0, 0, 4, 3.8], "rotation": 180, "texture": "#3"}
			}
		},
		{
			"from": [6.54426, 1.08239, 1.5],
			"to": [9.44426, 3.98239, 2.87],
			"rotation": {"angle": 45, "axis": "z", "origin": [7.99426, 2.53239, 2.575]},
			"faces": {
				"north": {"uv": [0, 0, 16, 16], "rotation": 180, "texture": "#8"},
				"east": {"uv": [0, 0, 16, 7], "rotation": 180, "texture": "#8"},
				"south": {"uv": [0, 0, 16, 16], "rotation": 180, "texture": "#8"},
				"west": {"uv": [0, 0, 16, 6.8], "rotation": 180, "texture": "#8"},
				"up": {"uv": [0, 0, 16, 10], "rotation": 180, "texture": "#8"},
				"down": {"uv": [0, 0, 4, 3.8], "rotation": 180, "texture": "#8"}
			}
		},
		{
			"from": [5.44426, -0.01761, 4.8],
			"to": [10.54426, 5.08239, 5.5],
			"rotation": {"angle": 0, "axis": "y", "origin": [7.99426, 2.53239, 5.875]},
			"faces": {
				"north": {"uv": [0, 0, 16, 16], "rotation": 180, "texture": "#3"},
				"east": {"uv": [0, 0, 16, 7], "rotation": 180, "texture": "#3"},
				"south": {"uv": [0, 0, 16, 16], "rotation": 180, "texture": "#3"},
				"west": {"uv": [0, 0, 16, 6.8], "rotation": 180, "texture": "#3"},
				"up": {"uv": [0, 0, 16, 16], "rotation": 180, "texture": "#3"},
				"down": {"uv": [0, 0, 4, 3.8], "rotation": 180, "texture": "#3"}
			}
		},
		{
			"from": [5.44426, -0.01761, 4.79],
			"to": [10.54426, 5.08239, 5.51],
			"rotation": {"angle": 45, "axis": "z", "origin": [7.99426, 2.53239, 5.875]},
			"faces": {
				"north": {"uv": [0, 0, 16, 16], "rotation": 180, "texture": "#3"},
				"east": {"uv": [0, 0, 16, 7], "rotation": 180, "texture": "#3"},
				"south": {"uv": [0, 0, 16, 16], "rotation": 180, "texture": "#3"},
				"west": {"uv": [0, 0, 16, 6.8], "rotation": 180, "texture": "#3"},
				"up": {"uv": [0, 0, 16, 16], "rotation": 180, "texture": "#3"},
				"down": {"uv": [0, 0, 4, 3.8], "rotation": 180, "texture": "#3"}
			}
		},
		{
			"from": [7.74426, 2.28239, -1.4],
			"to": [8.24426, 2.78239, -0.3],
			"rotation": {"angle": 0, "axis": "z", "origin": [7.99426, 2.53239, -0.625]},
			"faces": {
				"north": {"uv": [0, 0, 16, 16], "rotation": 180, "texture": "#10"},
				"east": {"uv": [0, 0, 16, 7], "rotation": 180, "texture": "#10"},
				"south": {"uv": [0, 0, 16, 16], "rotation": 180, "texture": "#10"},
				"west": {"uv": [0, 0, 16, 6.8], "rotation": 180, "texture": "#10"},
				"up": {"uv": [0, 0, 16, 16], "rotation": 180, "texture": "#10"},
				"down": {"uv": [0, 0, 4, 3.8], "rotation": 180, "texture": "#10"}
			}
		},
		{
			"from": [7.84426, 0.78949, -1.39289],
			"to": [8.14426, 1.08949, -1.09289],
			"rotation": {"angle": -45, "axis": "x", "origin": [7.99426, 1.53239, -3.25]},
			"faces": {
				"north": {"uv": [0, 0, 4, 3.8], "texture": "#10"},
				"east": {"uv": [0, 0, 16, 7], "rotation": 90, "texture": "#10"},
				"south": {"uv": [0, 0, 16, 16], "rotation": 180, "texture": "#10"},
				"west": {"uv": [0, 0, 16, 6.8], "rotation": 270, "texture": "#10"},
				"up": {"uv": [0, 0, 16, 16], "texture": "#10"},
				"down": {"uv": [0, 0, 16, 16], "rotation": 180, "texture": "#10"}
			}
		},
		{
			"from": [7.84426, 2.38239, -1.56152],
			"to": [8.14426, 2.68239, -1.26152],
			"rotation": {"angle": 45, "axis": "y", "origin": [7.99426, 2.53239, -1.41152]},
			"faces": {
				"north": {"uv": [0, 0, 4, 3.8], "texture": "#10"},
				"east": {"uv": [0, 0, 16, 7], "rotation": 90, "texture": "#10"},
				"south": {"uv": [0, 0, 16, 16], "rotation": 180, "texture": "#10"},
				"west": {"uv": [0, 0, 16, 6.8], "rotation": 270, "texture": "#10"},
				"up": {"uv": [0, 0, 16, 16], "texture": "#10"},
				"down": {"uv": [0, 0, 16, 16], "rotation": 180, "texture": "#10"}
			}
		},
		{
			"from": [7.74426, 2.28239, -1.3],
			"to": [8.24426, 2.78239, -0.3],
			"rotation": {"angle": 45, "axis": "z", "origin": [7.99426, 2.53239, -0.625]},
			"faces": {
				"north": {"uv": [0, 0, 16, 16], "rotation": 180, "texture": "#10"},
				"east": {"uv": [0, 0, 16, 7], "rotation": 180, "texture": "#10"},
				"south": {"uv": [0, 0, 16, 16], "rotation": 180, "texture": "#10"},
				"west": {"uv": [0, 0, 16, 6.8], "rotation": 180, "texture": "#10"},
				"up": {"uv": [0, 0, 16, 16], "rotation": 180, "texture": "#10"},
				"down": {"uv": [0, 0, 4, 3.8], "rotation": 180, "texture": "#10"}
			}
		}
	],
	"display": {
		"thirdperson_righthand": {
			"translation": [0, 4.25, 0.75],
			"scale": [1.01, 1.01, 1.01]
		},
		"thirdperson_lefthand": {
			"translation": [0, 4, 0]
		},
		"firstperson_righthand": {
			"translation": [7, 6, 2.75]
		},
		"firstperson_lefthand": {
			"translation": [7.25, 5.25, 1.75]
		},
		"ground": {
			"translation": [0, 6.5, 0]
		},
		"gui": {
			"rotation": [18, -140, 0],
			"translation": [-2.25, 5, 0],
			"scale": [0.85, 0.85, 0.85]
		},
		"head": {
			"translation": [0, 14.5, -11.75],
			"scale": [3, 3, 3]
		},
		"fixed": {
			"rotation": [0, -92, 0],
			"translation": [-3.25, 6.75, -4.25]
		}
	},
	"groups": [
		{
			"name": "south_base",
			"origin": [0, 0, 0],
			"color": 0,
			"children": [0, 1, 2, 3, 4, 5, 6, 7, 8]
		},
		{
			"name": "obsidian_bar",
			"origin": [0, 0, 0],
			"color": 0,
			"children": [9, 10]
		},
		{
			"name": "drill_bit",
			"origin": [7.59426, 2.03239, -15.01152],
			"color": 0,
			"children": [11, 12, 13, 14, 15, 16, 17, 18, 19, 20, 21, 22, 23, 24, 25, 26, 27, 28, 29, 30, 31, 32, 33, 34]
		}
	]
}
