{
	"textures": {
		"3": "block/black_shulker_box",
		"6": "block/iron_block",
		"particle": "block/iron_block"
	},
	"elements": [
		{
			"from": [6, 0.2, 7],
			"to": [10, 4, 10],
			"faces": {
				"north": {"uv": [0, 0, 16, 16], "texture": "#6"},
				"east": {"uv": [0, 0, 4, 3.8], "texture": "#6"},
				"south": {"uv": [0, 0, 16, 16], "texture": "#6"},
				"west": {"uv": [0, 0, 4, 3.8], "texture": "#6"},
				"up": {"uv": [0, 0, 4, 3.8], "texture": "#6"},
				"down": {"uv": [0, 0, 16, 16], "texture": "#6"}
			}
		},
		{
			"from": [6.25, 0.2, 4.5],
			"to": [9.75, 4.55, 7],
			"faces": {
				"north": {"uv": [0, 0, 16, 16], "texture": "#6"},
				"east": {"uv": [0, 0, 16, 8], "rotation": 90, "texture": "#6"},
				"south": {"uv": [0, 0, 16, 8], "texture": "#6"},
				"west": {"uv": [0, 0, 16, 8], "rotation": 90, "texture": "#6"},
				"up": {"uv": [0, 0, 16, 8], "texture": "#6"},
				"down": {"uv": [0, 0, 16, 8], "texture": "#6"}
			}
		},
		{
			"from": [8.1, 4, 6.9],
			"to": [10, 5, 14],
			"faces": {
				"north": {"uv": [7, 13, 9, 15], "texture": "#6"},
				"east": {"uv": [7, 13, 9, 15], "texture": "#6"},
				"south": {"uv": [7, 13, 9, 15], "texture": "#6"},
				"west": {"uv": [7, 13, 9, 15], "texture": "#6"},
				"up": {"uv": [0, 0, 16, 16], "texture": "#6"},
				"down": {"uv": [7, 13, 9, 15], "texture": "#6"}
			}
		},
		{
			"from": [6, 4, 6.9],
			"to": [7.9, 5, 14],
			"faces": {
				"north": {"uv": [6, 13, 8, 15], "texture": "#6"},
				"east": {"uv": [6, 13, 8, 15], "texture": "#6"},
				"south": {"uv": [6, 13, 8, 15], "texture": "#6"},
				"west": {"uv": [6, 13, 8, 15], "texture": "#6"},
				"up": {"uv": [0, 0, 16, 16], "texture": "#6"},
				"down": {"uv": [6, 13, 8, 15], "texture": "#6"}
			}
		},
		{
			"from": [6, 3.9, 7.2],
			"to": [10, 4.1, 13.7],
			"faces": {
				"north": {"uv": [1, 0, 2, 1], "texture": "#6"},
				"east": {"uv": [1, 0, 2, 1], "texture": "#6"},
				"south": {"uv": [1, 0, 2, 1], "texture": "#6"},
				"west": {"uv": [1, 0, 2, 1], "texture": "#6"},
				"up": {"uv": [1, 0, 2, 1], "texture": "#6"},
				"down": {"uv": [0, 0, 16, 16], "texture": "#6"}
			}
		},
		{
			"from": [5, 0, 6.9],
			"to": [6, 4, 14],
			"faces": {
				"north": {"uv": [10, 12, 16, 16], "texture": "#6"},
				"east": {"uv": [0, 12, 16, 16], "texture": "#6"},
				"south": {"uv": [10, 12, 16, 16], "texture": "#6"},
				"west": {"uv": [0, 0, 16, 16], "rotation": 90, "texture": "#6"},
				"up": {"uv": [10, 12, 16, 16], "texture": "#6"},
				"down": {"uv": [0, 0, 16, 16], "texture": "#6"}
			}
		},
		{
			"from": [10, 0, 6.9],
			"to": [11, 4, 14],
			"faces": {
				"north": {"uv": [10, 12, 16, 16], "texture": "#6"},
				"east": {"uv": [0, 0, 16, 16], "rotation": 90, "texture": "#6"},
				"south": {"uv": [10, 12, 16, 16], "texture": "#6"},
				"west": {"uv": [0, 12, 16, 16], "texture": "#6"},
				"up": {"uv": [10, 12, 16, 15], "texture": "#6"},
				"down": {"uv": [0, 0, 16, 16], "texture": "#6"}
			}
		},
		{
			"from": [0.7, 6.3, 6.8],
			"to": [1.7, 7.8, 14.1],
			"rotation": {"angle": -45, "axis": "z", "origin": [0, 0, 0]},
			"faces": {
				"north": {"uv": [1, 3.2, 2, 4.7], "texture": "#6"},
				"east": {"uv": [4, 6.2, 11.3, 7.7], "texture": "#6"},
				"south": {"uv": [5, 6, 6, 7.5], "texture": "#6"},
				"west": {"uv": [0, 0, 15.7, 16], "rotation": 90, "texture": "#6"},
				"up": {"uv": [1, 4.2, 2, 11.5], "texture": "#6"},
				"down": {"uv": [3, 5.2, 4, 12.5], "texture": "#6"}
			}
		},
		{
			"from": [3.5, 9.6, 6.8],
			"to": [5, 10.6, 14.1],
			"rotation": {"angle": -45, "axis": "z", "origin": [0, 0, 0]},
			"faces": {
				"north": {"uv": [9, 12, 14.7, 13.5], "rotation": 90, "texture": "#6"},
				"east": {"uv": [9, 12, 14.7, 13.5], "rotation": 90, "texture": "#6"},
				"south": {"uv": [9, 12, 14.7, 13.5], "rotation": 90, "texture": "#6"},
				"west": {"uv": [9, 12, 14.7, 13.5], "rotation": 90, "texture": "#6"},
				"up": {"uv": [0, 0, 16, 16], "rotation": 180, "texture": "#6"},
				"down": {"uv": [9, 12, 14.7, 13.5], "rotation": 90, "texture": "#6"}
			}
		},
		{
			"from": [7, 1.7, 3],
			"to": [9, 3.5, 4],
			"faces": {
				"north": {"uv": [0, 0, 16, 16], "texture": "#3"},
				"east": {"uv": [0, 0, 16, 6.8], "texture": "#3"},
				"south": {"uv": [0, 0, 16, 16], "texture": "#3"},
				"west": {"uv": [0, 0, 16, 7], "texture": "#3"},
				"up": {"uv": [0, 0, 4, 3.8], "texture": "#3"},
				"down": {"uv": [0, 0, 16, 16], "texture": "#3"}
			}
		},
		{
			"from": [6.5, 0.45, 4],
			"to": [9.5, 4.5, 4.5],
			"faces": {
				"north": {"uv": [0, 0, 16, 16], "texture": "#3"},
				"east": {"uv": [0, 0, 4, 3.8], "texture": "#3"},
				"south": {"uv": [0, 0, 16, 16], "texture": "#3"},
				"west": {"uv": [0, 0, 4, 3.8], "texture": "#3"},
				"up": {"uv": [0, 0, 4, 3.8], "texture": "#3"},
				"down": {"uv": [0, 0, 16, 16], "texture": "#3"}
			}
		},
		{
			"from": [7.64426, 2.18239, -2.91],
			"to": [8.34426, 2.88239, -2.1],
			"rotation": {"angle": 22.5, "axis": "z", "origin": [7.99426, 2.53239, -2.25]},
			"faces": {
				"north": {"uv": [0, 0, 16, 16], "rotation": 180, "texture": "#6"},
				"east": {"uv": [0, 0, 16, 7], "rotation": 180, "texture": "#6"},
				"south": {"uv": [0, 0, 16, 16], "rotation": 180, "texture": "#6"},
				"west": {"uv": [0, 0, 16, 6.8], "rotation": 180, "texture": "#6"},
				"up": {"uv": [0, 0, 16, 16], "rotation": 180, "texture": "#6"},
				"down": {"uv": [0, 0, 4, 3.8], "rotation": 180, "texture": "#6"}
			}
		},
		{
			"from": [7.34426, 1.88239, -1.41],
			"to": [8.64426, 3.18239, -0.8],
			"rotation": {"angle": -22.5, "axis": "z", "origin": [7.99426, 2.53239, 0.75]},
			"faces": {
				"north": {"uv": [0, 0, 16, 16], "rotation": 270, "texture": "#6"},
				"east": {"uv": [0, 0, 4, 3.8], "rotation": 90, "texture": "#6"},
				"south": {"uv": [0, 0, 16, 16], "rotation": 90, "texture": "#6"},
				"west": {"uv": [0, 0, 16, 16], "rotation": 90, "texture": "#6"},
				"up": {"uv": [0, 0, 16, 7], "rotation": 90, "texture": "#6"},
				"down": {"uv": [0, 0, 16, 6.8], "rotation": 90, "texture": "#6"}
			}
		},
		{
			"from": [7.34426, 1.88239, -1.4],
			"to": [8.64426, 3.18239, -0.8],
			"rotation": {"angle": 22.5, "axis": "z", "origin": [7.99426, 2.53239, 0.75]},
			"faces": {
				"north": {"uv": [0, 0, 16, 16], "rotation": 180, "texture": "#6"},
				"east": {"uv": [0, 0, 16, 7], "rotation": 180, "texture": "#6"},
				"south": {"uv": [0, 0, 16, 16], "rotation": 180, "texture": "#6"},
				"west": {"uv": [0, 0, 16, 6.8], "rotation": 180, "texture": "#6"},
				"up": {"uv": [0, 0, 16, 16], "rotation": 180, "texture": "#6"},
				"down": {"uv": [0, 0, 4, 3.8], "rotation": 180, "texture": "#6"}
			}
		},
		{
			"from": [6.84426, 1.38239, 0.89],
			"to": [9.14426, 3.68239, 2.49],
			"rotation": {"angle": -22.5, "axis": "z", "origin": [7.99426, 2.53239, 3.05]},
			"faces": {
				"north": {"uv": [0, 0, 16, 16], "rotation": 270, "texture": "#6"},
				"east": {"uv": [0, 0, 4, 3.8], "rotation": 90, "texture": "#6"},
				"south": {"uv": [0, 0, 16, 16], "rotation": 90, "texture": "#6"},
				"west": {"uv": [0, 0, 16, 16], "rotation": 90, "texture": "#6"},
				"up": {"uv": [0, 0, 16, 7], "rotation": 90, "texture": "#6"},
				"down": {"uv": [0, 0, 16, 6.8], "rotation": 90, "texture": "#6"}
			}
		},
		{
			"from": [6.84426, 1.38239, 0.9],
			"to": [9.14426, 3.68239, 2.5],
			"rotation": {"angle": 22.5, "axis": "z", "origin": [7.99426, 2.53239, 3.05]},
			"faces": {
				"north": {"uv": [0, 0, 16, 16], "rotation": 180, "texture": "#6"},
				"east": {"uv": [0, 0, 16, 7], "rotation": 180, "texture": "#6"},
				"south": {"uv": [0, 0, 16, 16], "rotation": 180, "texture": "#6"},
				"west": {"uv": [0, 0, 16, 6.8], "rotation": 180, "texture": "#6"},
				"up": {"uv": [0, 0, 16, 16], "rotation": 180, "texture": "#6"},
				"down": {"uv": [0, 0, 4, 3.8], "rotation": 180, "texture": "#6"}
			}
		},
		{
			"from": [7.64426, 2.18239, -2.9],
			"to": [8.34426, 2.88239, -2.1],
			"rotation": {"angle": -22.5, "axis": "z", "origin": [7.99426, 2.53239, -2.25]},
			"faces": {
				"north": {"uv": [0, 0, 16, 16], "rotation": 270, "texture": "#6"},
				"east": {"uv": [0, 0, 4, 3.8], "rotation": 90, "texture": "#6"},
				"south": {"uv": [0, 0, 16, 16], "rotation": 90, "texture": "#6"},
				"west": {"uv": [0, 0, 16, 16], "rotation": 90, "texture": "#6"},
				"up": {"uv": [0, 0, 16, 7], "rotation": 90, "texture": "#6"},
				"down": {"uv": [0, 0, 16, 6.8], "rotation": 90, "texture": "#6"}
			}
		},
		{
			"from": [7.54426, 2.08239, -2.11],
			"to": [8.44426, 2.98239, -1.4],
			"rotation": {"angle": 0, "axis": "y", "origin": [7.99426, 2.53239, -0.725]},
			"faces": {
				"north": {"uv": [0, 0, 16, 16], "rotation": 180, "texture": "#6"},
				"east": {"uv": [0, 0, 16, 7], "rotation": 180, "texture": "#6"},
				"south": {"uv": [0, 0, 16, 16], "rotation": 180, "texture": "#6"},
				"west": {"uv": [0, 0, 16, 6.8], "rotation": 180, "texture": "#6"},
				"up": {"uv": [0, 0, 16, 16], "rotation": 180, "texture": "#6"},
				"down": {"uv": [0, 0, 4, 3.8], "rotation": 180, "texture": "#6"}
			}
		},
		{
			"from": [7.54426, 2.08239, -2.1],
			"to": [8.44426, 2.98239, -1.4],
			"rotation": {"angle": 45, "axis": "z", "origin": [7.99426, 2.53239, -0.725]},
			"faces": {
				"north": {"uv": [0, 0, 16, 16], "rotation": 180, "texture": "#6"},
				"east": {"uv": [0, 0, 16, 7], "rotation": 180, "texture": "#6"},
				"south": {"uv": [0, 0, 16, 16], "rotation": 180, "texture": "#6"},
				"west": {"uv": [0, 0, 16, 6.8], "rotation": 180, "texture": "#6"},
				"up": {"uv": [0, 0, 16, 16], "rotation": 180, "texture": "#6"},
				"down": {"uv": [0, 0, 4, 3.8], "rotation": 180, "texture": "#6"}
			}
		},
		{
			"from": [7.14426, 1.68239, -0.81],
			"to": [8.84426, 3.38239, 0.9],
			"rotation": {"angle": 0, "axis": "y", "origin": [7.99426, 2.53239, 2.275]},
			"faces": {
				"north": {"uv": [0, 0, 16, 16], "rotation": 180, "texture": "#6"},
				"east": {"uv": [0, 0, 16, 7], "rotation": 180, "texture": "#6"},
				"south": {"uv": [0, 0, 16, 16], "rotation": 180, "texture": "#6"},
				"west": {"uv": [0, 0, 16, 6.8], "rotation": 180, "texture": "#6"},
				"up": {"uv": [0, 0, 16, 16], "rotation": 180, "texture": "#6"},
				"down": {"uv": [0, 0, 4, 3.8], "rotation": 180, "texture": "#6"}
			}
		},
		{
			"from": [7.14426, 1.68239, -0.8],
			"to": [8.84426, 3.38239, 0.9],
			"rotation": {"angle": 45, "axis": "z", "origin": [7.99426, 2.53239, 2.275]},
			"faces": {
				"north": {"uv": [0, 0, 16, 16], "rotation": 180, "texture": "#6"},
				"east": {"uv": [0, 0, 16, 7], "rotation": 180, "texture": "#6"},
				"south": {"uv": [0, 0, 16, 16], "rotation": 180, "texture": "#6"},
				"west": {"uv": [0, 0, 16, 6.8], "rotation": 180, "texture": "#6"},
				"up": {"uv": [0, 0, 16, 16], "rotation": 180, "texture": "#6"},
				"down": {"uv": [0, 0, 4, 3.8], "rotation": 180, "texture": "#6"}
			}
		},
		{
			"from": [6.44426, 0.98239, 2.5],
			"to": [9.54426, 4.08239, 3.2],
			"rotation": {"angle": 0, "axis": "y", "origin": [7.99426, 2.53239, 5.575]},
			"faces": {
				"north": {"uv": [0, 0, 16, 16], "rotation": 180, "texture": "#6"},
				"east": {"uv": [0, 0, 16, 7], "rotation": 180, "texture": "#6"},
				"south": {"uv": [0, 0, 16, 16], "rotation": 180, "texture": "#6"},
				"west": {"uv": [0, 0, 16, 6.8], "rotation": 180, "texture": "#6"},
				"up": {"uv": [0, 0, 16, 16], "rotation": 180, "texture": "#6"},
				"down": {"uv": [0, 0, 4, 3.8], "rotation": 180, "texture": "#6"}
			}
		},
		{
			"from": [6.54426, 1.08239, 3.2],
			"to": [9.44426, 3.98239, 3.3],
			"rotation": {"angle": 0, "axis": "y", "origin": [7.99426, 2.53239, 5.575]},
			"faces": {
				"north": {"uv": [0, 0, 16, 16], "rotation": 180, "texture": "#6"},
				"east": {"uv": [0, 0, 16, 7], "rotation": 180, "texture": "#6"},
				"south": {"uv": [0, 0, 16, 16], "rotation": 180, "texture": "#6"},
				"west": {"uv": [0, 0, 16, 6.8], "rotation": 180, "texture": "#6"},
				"up": {"uv": [0, 0, 16, 16], "rotation": 180, "texture": "#6"},
				"down": {"uv": [0, 0, 4, 3.8], "rotation": 180, "texture": "#6"}
			}
		},
		{
			"from": [6.44426, 0.98239, 2.49],
			"to": [9.54426, 4.08239, 3.21],
			"rotation": {"angle": 45, "axis": "z", "origin": [7.99426, 2.53239, 5.575]},
			"faces": {
				"north": {"uv": [0, 0, 16, 16], "rotation": 180, "texture": "#6"},
				"east": {"uv": [0, 0, 16, 7], "rotation": 180, "texture": "#6"},
				"south": {"uv": [0, 0, 16, 16], "rotation": 180, "texture": "#6"},
				"west": {"uv": [0, 0, 16, 6.8], "rotation": 180, "texture": "#6"},
				"up": {"uv": [0, 0, 16, 16], "rotation": 180, "texture": "#6"},
				"down": {"uv": [0, 0, 4, 3.8], "rotation": 180, "texture": "#6"}
			}
		},
		{
			"from": [7.74426, 2.28239, -4],
			"to": [8.24426, 2.78239, -2.9],
			"rotation": {"angle": 0, "axis": "z", "origin": [7.99426, 2.53239, -3.225]},
			"faces": {
				"north": {"uv": [0, 0, 16, 16], "rotation": 180, "texture": "#6"},
				"east": {"uv": [0, 0, 16, 7], "rotation": 180, "texture": "#6"},
				"south": {"uv": [0, 0, 16, 16], "rotation": 180, "texture": "#6"},
				"west": {"uv": [0, 0, 16, 6.8], "rotation": 180, "texture": "#6"},
				"up": {"uv": [0, 0, 16, 16], "rotation": 180, "texture": "#6"},
				"down": {"uv": [0, 0, 4, 3.8], "rotation": 180, "texture": "#6"}
			}
		},
		{
			"from": [7.84426, 0.78949, -3.99289],
			"to": [8.14426, 1.08949, -3.69289],
			"rotation": {"angle": -45, "axis": "x", "origin": [7.99426, 1.53239, -5.85]},
			"faces": {
				"north": {"uv": [0, 0, 4, 3.8], "texture": "#6"},
				"east": {"uv": [0, 0, 16, 7], "rotation": 90, "texture": "#6"},
				"south": {"uv": [0, 0, 16, 16], "rotation": 180, "texture": "#6"},
				"west": {"uv": [0, 0, 16, 6.8], "rotation": 270, "texture": "#6"},
				"up": {"uv": [0, 0, 16, 16], "texture": "#6"},
				"down": {"uv": [0, 0, 16, 16], "rotation": 180, "texture": "#6"}
			}
		},
		{
			"from": [7.84426, 2.38239, -4.16152],
			"to": [8.14426, 2.68239, -3.86152],
			"rotation": {"angle": 45, "axis": "y", "origin": [7.99426, 2.53239, -4.01152]},
			"faces": {
				"north": {"uv": [0, 0, 4, 3.8], "texture": "#6"},
				"east": {"uv": [0, 0, 16, 7], "rotation": 90, "texture": "#6"},
				"south": {"uv": [0, 0, 16, 16], "rotation": 180, "texture": "#6"},
				"west": {"uv": [0, 0, 16, 6.8], "rotation": 270, "texture": "#6"},
				"up": {"uv": [0, 0, 16, 16], "texture": "#6"},
				"down": {"uv": [0, 0, 16, 16], "rotation": 180, "texture": "#6"}
			}
		},
		{
			"from": [7.74426, 2.28239, -3.9],
			"to": [8.24426, 2.78239, -2.9],
			"rotation": {"angle": 45, "axis": "z", "origin": [7.99426, 2.53239, -3.225]},
			"faces": {
				"north": {"uv": [0, 0, 16, 16], "rotation": 180, "texture": "#6"},
				"east": {"uv": [0, 0, 16, 7], "rotation": 180, "texture": "#6"},
				"south": {"uv": [0, 0, 16, 16], "rotation": 180, "texture": "#6"},
				"west": {"uv": [0, 0, 16, 6.8], "rotation": 180, "texture": "#6"},
				"up": {"uv": [0, 0, 16, 16], "rotation": 180, "texture": "#6"},
				"down": {"uv": [0, 0, 4, 3.8], "rotation": 180, "texture": "#6"}
			}
		}
	],
	"display": {
		"thirdperson_righthand": {
			"translation": [0, 4.25, 0.75],
			"scale": [1.01, 1.01, 1.01]
		},
		"thirdperson_lefthand": {
			"translation": [0, 4, 0]
		},
		"firstperson_righthand": {
			"translation": [7, 6, 2.75]
		},
		"firstperson_lefthand": {
			"translation": [7.25, 5.25, 1.75]
		},
		"ground": {
			"translation": [0, 6.5, 0]
		},
		"gui": {
			"rotation": [18, -140, 0],
			"translation": [-2.25, 5, 0],
			"scale": [0.85, 0.85, 0.85]
		},
		"head": {
			"translation": [0, 14.5, 0]
		},
		"fixed": {
			"rotation": [0, -92, 0],
			"translation": [-3.25, 6.75, -4.25]
		}
	},
	"groups": [
		{
			"name": "south_base",
			"origin": [0, 0, 0],
			"color": 0,
			"children": [0, 1, 2, 3, 4, 5, 6, 7, 8]
		},
		{
			"name": "obsidian_bar",
			"origin": [0, 0, 0],
			"color": 0,
			"children": [9, 10]
		},
		{
			"name": "drill_bit",
			"origin": [7.59426, 2.03239, -15.01152],
			"color": 0,
			"children": [11, 12, 13, 14, 15, 16, 17, 18, 19, 20, 21, 22, 23, 24, 25, 26, 27]
		}
	]
}
