{
	"textures": {
		"1": "block/white_wool"
	},
	"elements": [
		{
			"from": [-9, 7, 13],
			"to": [8, 16, 16],
			"faces": {
				"north": {"uv": [0, 0, 16, 9], "texture": "#1", "tintindex": 0},
				"east": {"uv": [0, 0, 3, 9], "texture": "#1", "tintindex": 0},
				"south": {"uv": [0, 0, 16, 9], "texture": "#1", "tintindex": 0},
				"west": {"uv": [0, 0, 3, 9], "texture": "#1", "tintindex": 0},
				"up": {"uv": [0, 0, 16, 3], "texture": "#1", "tintindex": 0},
				"down": {"uv": [0, 0, 16, 3], "texture": "#1", "tintindex": 0}
			}
		},
		{
			"from": [-9, 7, 0],
			"to": [-6, 11, 13],
			"faces": {
				"north": {"uv": [0, 0, 3, 4], "texture": "#1", "tintindex": 0},
				"east": {"uv": [0, 0, 13, 4], "texture": "#1", "tintindex": 0},
				"south": {"uv": [0, 0, 3, 4], "texture": "#1", "tintindex": 0},
				"west": {"uv": [0, 0, 13, 4], "texture": "#1", "tintindex": 0},
				"up": {"uv": [0, 0, 3, 13], "texture": "#1", "tintindex": 0},
				"down": {"uv": [0, 0, 3, 13], "texture": "#1", "tintindex": 0}
			}
		},
		{
			"from": [22, 7, 0],
			"to": [25, 11, 13],
			"faces": {
				"north": {"uv": [0, 0, 3, 4], "texture": "#1", "tintindex": 0},
				"east": {"uv": [0, 0, 13, 4], "texture": "#1", "tintindex": 0},
				"south": {"uv": [0, 0, 3, 4], "texture": "#1", "tintindex": 0},
				"west": {"uv": [0, 0, 13, 4], "texture": "#1", "tintindex": 0},
				"up": {"uv": [0, 0, 3, 13], "texture": "#1", "tintindex": 0},
				"down": {"uv": [0, 0, 3, 13], "texture": "#1", "tintindex": 0}
			}
		},
		{
			"from": [22, 0, 14],
			"to": [24, 2, 16],
			"faces": {
				"north": {"uv": [0, 0, 2, 2], "texture": "#0"},
				"east": {"uv": [0, 0, 2, 2], "texture": "#0"},
				"south": {"uv": [0, 0, 2, 2], "texture": "#0"},
				"west": {"uv": [0, 0, 2, 2], "texture": "#0"},
				"up": {"uv": [0, 0, 2, 2], "texture": "#0"},
				"down": {"uv": [0, 0, 2, 2], "texture": "#0"}
			}
		},
		{
			"from": [8, 4, 0],
			"to": [24, 7, 16],
			"faces": {
				"north": {"uv": [0, 0, 16, 3], "texture": "#1", "tintindex": 0},
				"east": {"uv": [0, 0, 16, 3], "texture": "#1", "tintindex": 0},
				"south": {"uv": [0, 0, 16, 3], "texture": "#1", "tintindex": 0},
				"west": {"uv": [0, 0, 16, 3], "texture": "#1", "tintindex": 0},
				"up": {"uv": [0, 0, 16, 16], "texture": "#1", "tintindex": 0},
				"down": {"uv": [0, 0, 16, 16], "texture": "#1", "tintindex": 0}
			}
		},
		{
			"from": [8, 7, 13],
			"to": [25, 16, 16],
			"faces": {
				"north": {"uv": [0, 0, 16, 9], "texture": "#1", "tintindex": 0},
				"east": {"uv": [0, 0, 3, 9], "texture": "#1", "tintindex": 0},
				"south": {"uv": [0, 0, 16, 9], "texture": "#1", "tintindex": 0},
				"west": {"uv": [0, 0, 3, 9], "texture": "#1", "tintindex": 0},
				"up": {"uv": [0, 0, 16, 3], "texture": "#1", "tintindex": 0},
				"down": {"uv": [0, 0, 16, 3], "texture": "#1", "tintindex": 0}
			}
		},
		{
			"from": [-8, 4, 0],
			"to": [8, 7, 16],
			"faces": {
				"north": {"uv": [0, 0, 16, 3], "texture": "#1", "tintindex": 0},
				"east": {"uv": [0, 0, 16, 3], "texture": "#1", "tintindex": 0},
				"south": {"uv": [0, 0, 16, 3], "texture": "#1", "tintindex": 0},
				"west": {"uv": [0, 0, 16, 3], "texture": "#1", "tintindex": 0},
				"up": {"uv": [0, 0, 16, 16], "texture": "#1", "tintindex": 0},
				"down": {"uv": [0, 0, 16, 16], "texture": "#1", "tintindex": 0}
			}
		},
		{
			"from": [-8, 2, 0],
			"to": [8, 4, 16],
			"faces": {
				"north": {"uv": [0, 0, 16, 2], "texture": "#0"},
				"east": {"uv": [0, 0, 16, 2], "texture": "#0"},
				"south": {"uv": [0, 0, 16, 2], "texture": "#0"},
				"west": {"uv": [0, 0, 16, 2], "texture": "#0"},
				"up": {"uv": [0, 0, 16, 16], "texture": "#0"},
				"down": {"uv": [0, 0, 16, 16], "texture": "#0"}
			}
		},
		{
			"from": [-8, 0, 0],
			"to": [-6, 2, 2],
			"faces": {
				"north": {"uv": [0, 0, 2, 2], "texture": "#0"},
				"east": {"uv": [0, 0, 2, 2], "texture": "#0"},
				"south": {"uv": [0, 0, 2, 2], "texture": "#0"},
				"west": {"uv": [0, 0, 2, 2], "texture": "#0"},
				"up": {"uv": [0, 0, 2, 2], "texture": "#0"},
				"down": {"uv": [0, 0, 2, 2], "texture": "#0"}
			}
		},
		{
			"from": [7, 0, 0],
			"to": [9, 2, 2],
			"faces": {
				"north": {"uv": [0, 0, 2, 2], "texture": "#0"},
				"east": {"uv": [0, 0, 2, 2], "texture": "#0"},
				"south": {"uv": [0, 0, 2, 2], "texture": "#0"},
				"west": {"uv": [0, 0, 2, 2], "texture": "#0"},
				"up": {"uv": [0, 0, 2, 2], "texture": "#0"},
				"down": {"uv": [0, 0, 2, 2], "texture": "#0"}
			}
		},
		{
			"from": [-8, 0, 14],
			"to": [-6, 2, 16],
			"faces": {
				"north": {"uv": [0, 0, 2, 2], "texture": "#0"},
				"east": {"uv": [0, 0, 2, 2], "texture": "#0"},
				"south": {"uv": [0, 0, 2, 2], "texture": "#0"},
				"west": {"uv": [0, 0, 2, 2], "texture": "#0"},
				"up": {"uv": [0, 0, 2, 2], "texture": "#0"},
				"down": {"uv": [0, 0, 2, 2], "texture": "#0"}
			}
		},
		{
			"from": [22, 0, 0],
			"to": [24, 2, 2],
			"faces": {
				"north": {"uv": [0, 0, 2, 2], "texture": "#0"},
				"east": {"uv": [0, 0, 2, 2], "texture": "#0"},
				"south": {"uv": [0, 0, 2, 2], "texture": "#0"},
				"west": {"uv": [0, 0, 2, 2], "texture": "#0"},
				"up": {"uv": [0, 0, 2, 2], "texture": "#0"},
				"down": {"uv": [0, 0, 2, 2], "texture": "#0"}
			}
		},
		{
			"from": [8, 2, 0],
			"to": [24, 4, 16],
			"faces": {
				"north": {"uv": [0, 0, 16, 2], "texture": "#0"},
				"east": {"uv": [0, 0, 16, 2], "texture": "#0"},
				"south": {"uv": [0, 0, 16, 2], "texture": "#0"},
				"west": {"uv": [0, 0, 16, 2], "texture": "#0"},
				"up": {"uv": [0, 0, 16, 16], "texture": "#0"},
				"down": {"uv": [0, 0, 16, 16], "texture": "#0"}
			}
		},
		{
			"from": [7, 0, 14],
			"to": [9, 2, 16],
			"faces": {
				"north": {"uv": [0, 0, 2, 2], "texture": "#0"},
				"east": {"uv": [0, 0, 2, 2], "texture": "#0"},
				"south": {"uv": [0, 0, 2, 2], "texture": "#0"},
				"west": {"uv": [0, 0, 2, 2], "texture": "#0"},
				"up": {"uv": [0, 0, 2, 2], "texture": "#0"},
				"down": {"uv": [0, 0, 2, 2], "texture": "#0"}
			}
		}
	],
	"display": {
		"thirdperson_righthand": {
			"rotation": [22.5, 0, 0],
			"translation": [0, 0, -1.5],
			"scale": [0.25, 0.25, 0.25]
		},
		"thirdperson_lefthand": {
			"rotation": [22.5, 0, 0],
			"translation": [0, 0, -1.5],
			"scale": [0.25, 0.25, 0.25]
		},
		"firstperson_righthand": {
			"translation": [0, 0, -1.5],
			"scale": [0.25, 0.25, 0.25]
		},
		"firstperson_lefthand": {
			"translation": [0, 0, -1.5],
			"scale": [0.25, 0.25, 0.25]
		},
		"ground": {
			"translation": [0, 4.25, 0],
			"scale": [0.25, 0.25, 0.25]
		},
		"gui": {
			"rotation": [22.5, 135, 0],
			"scale": [0.6, 0.6, 0.6]
		},
		"head": {
			"scale": [1.6, 1.6, 1.6]
		},
		"fixed": {
			"translation": [0, 0, 17],
			"scale": [2.01, 2.01, 2.01]
		}
	},
	"groups": [
		{
			"name": "fabric",
			"origin": [0, 0, 0],
			"color": 0,
			"children": [0, 1, 2, 3, 4, 5, 6]
		},
		{
			"name": "wooden_base",
			"origin": [0, 0, 0],
			"color": 0,
			"children": [7, 8, 9, 10, 11, 12, 13]
		}
	]
}
