{
	"textures": {
		"0": "entity/custom/armor_stand/steve_skin",
		"2": "block/spruce_planks",
		"particle": "block/spruce_planks"
	},
	"elements": [
		{
			"name": "head",
			"from": [4, 24, 4],
			"to": [12, 32, 12],
			"faces": {
				"north": {"uv": [2, 2, 4, 4], "texture": "#0"},
				"east": {"uv": [0, 2, 2, 4], "texture": "#0"},
				"south": {"uv": [6, 2, 8, 4], "texture": "#0"},
				"west": {"uv": [4, 2, 6, 4], "texture": "#0"},
				"up": {"uv": [2, 0, 4, 2], "texture": "#0"},
				"down": {"uv": [4, 0, 6, 2], "texture": "#0"}
			}
		},
		{
			"name": "torso",
			"from": [4, 12, 6],
			"to": [12, 24, 10],
			"faces": {
				"north": {"uv": [5, 5, 7, 8], "texture": "#0"},
				"east": {"uv": [4, 5, 5, 8], "texture": "#0"},
				"south": {"uv": [8, 5, 10, 8], "texture": "#0"},
				"west": {"uv": [7, 5, 8, 8], "texture": "#0"},
				"up": {"uv": [5, 4, 7, 5], "texture": "#0"},
				"down": {"uv": [7, 4, 9, 5], "texture": "#0"}
			}
		},
		{
			"name": "right arm east",
			"from": [12, 12, 6],
			"to": [16, 24, 10],
			"rotation": {"angle": 22.5, "axis": "x", "origin": [8, 22, 8]},
			"faces": {
				"north": {"uv": [11, 5, 12, 8], "texture": "#0"},
				"east": {"uv": [10, 5, 11, 8], "texture": "#0"},
				"south": {"uv": [13, 5, 14, 8], "texture": "#0"},
				"west": {"uv": [12, 5, 13, 8], "texture": "#0"},
				"up": {"uv": [11, 4, 12, 5], "texture": "#0"},
				"down": {"uv": [12, 4, 13, 5], "texture": "#0"}
			}
		},
		{
			"name": "left arm west",
			"from": [0, 12, 6],
			"to": [4, 24, 10],
			"rotation": {"angle": 22.5, "axis": "x", "origin": [8, 22, 8]},
			"faces": {
				"north": {"uv": [9, 13, 10, 16], "texture": "#0"},
				"east": {"uv": [8, 13, 9, 16], "texture": "#0"},
				"south": {"uv": [11, 13, 12, 16], "texture": "#0"},
				"west": {"uv": [10, 13, 11, 16], "texture": "#0"},
				"up": {"uv": [9, 12, 10, 13], "texture": "#0"},
				"down": {"uv": [10, 12, 11, 13], "texture": "#0"}
			}
		},
		{
			"name": "base",
			"from": [7, 0, 7],
			"to": [9, 12, 9],
			"faces": {
				"north": {"uv": [0, 0, 2, 12], "texture": "#2"},
				"east": {"uv": [0, 0, 2, 12], "texture": "#2"},
				"south": {"uv": [0, 0, 2, 12], "texture": "#2"},
				"west": {"uv": [0, 0, 2, 12], "texture": "#2"},
				"up": {"uv": [0, 0, 2, 2], "texture": "#2"},
				"down": {"uv": [0, 0, 2, 2], "texture": "#2"}
			}
		},
		{
			"from": [7, 0, 3],
			"to": [9, 1, 7],
			"faces": {
				"north": {"uv": [0, 0, 2, 2], "texture": "#2"},
				"east": {"uv": [0, 0, 4, 2], "texture": "#2"},
				"south": {"uv": [0, 0, 2, 2], "texture": "#2"},
				"west": {"uv": [0, 0, 4, 2], "texture": "#2"},
				"up": {"uv": [0, 0, 2, 4], "texture": "#2"},
				"down": {"uv": [0, 0, 2, 4], "texture": "#2"}
			}
		},
		{
			"from": [7, 0, 9],
			"to": [9, 1, 13],
			"faces": {
				"north": {"uv": [0, 0, 2, 2], "texture": "#2"},
				"east": {"uv": [0, 0, 4, 2], "texture": "#2"},
				"south": {"uv": [0, 0, 2, 2], "texture": "#2"},
				"west": {"uv": [0, 0, 4, 2], "texture": "#2"},
				"up": {"uv": [0, 0, 2, 4], "texture": "#2"},
				"down": {"uv": [0, 0, 2, 4], "texture": "#2"}
			}
		},
		{
			"from": [9, 0, 7],
			"to": [13, 1, 9],
			"faces": {
				"north": {"uv": [0, 0, 4, 2], "texture": "#2"},
				"east": {"uv": [0, 0, 2, 2], "texture": "#2"},
				"south": {"uv": [0, 0, 4, 2], "texture": "#2"},
				"west": {"uv": [0, 0, 2, 2], "texture": "#2"},
				"up": {"uv": [0, 0, 4, 2], "texture": "#2"},
				"down": {"uv": [0, 0, 4, 2], "texture": "#2"}
			}
		},
		{
			"from": [3, 0, 7],
			"to": [7, 1, 9],
			"faces": {
				"north": {"uv": [0, 0, 4, 2], "texture": "#2"},
				"east": {"uv": [0, 0, 2, 2], "texture": "#2"},
				"south": {"uv": [0, 0, 4, 2], "texture": "#2"},
				"west": {"uv": [0, 0, 2, 2], "texture": "#2"},
				"up": {"uv": [0, 0, 4, 2], "texture": "#2"},
				"down": {"uv": [0, 0, 4, 2], "texture": "#2"}
			}
		}
	],
	"display": {
		"thirdperson_righthand": {
			"translation": [0, -12.25, 0]
		},
		"thirdperson_lefthand": {
			"translation": [0, -12.25, 0]
		},
		"firstperson_righthand": {
			"translation": [2, 0, 0],
			"scale": [0.25, 0.25, 0.25]
		},
		"firstperson_lefthand": {
			"translation": [2, 0, 0],
			"scale": [0.25, 0.25, 0.25]
		},
		"ground": {
			"translation": [0, 5.75, 0]
		},
		"gui": {
			"translation": [0, -3.75, 0],
			"scale": [0.45, 0.45, 0.45]
		},
		"head": {
			"rotation": [0, 1, 0],
			"translation": [0, -32, 0],
			"scale": [1.6, 1.6, 1.6]
		},
		"fixed": {
			"translation": [0, -4.5, 0],
			"scale": [0.75, 0.75, 0.75]
		}
	},
	"groups": [
		0,
		1,
		2,
		3,
		{
			"name": "stand",
			"origin": [0, 0, 0],
			"color": 0,
			"children": [4, 5, 6, 7, 8]
		}
	]
}
