{
	"textures": {
		"6": "block/iron_block"
	},
	"elements": [
		{
			"from": [5.75, 6.5, 7],
			"to": [6.25, 9, 7.5],
			"faces": {
				"north": {"uv": [0, 0, 2.5, 7], "texture": "#6"},
				"east": {"uv": [0, 0, 2.5, 7], "texture": "#6"},
				"south": {"uv": [0, 0, 2.5, 4], "texture": "#6"},
				"west": {"uv": [0, 0, 5.5, 12], "texture": "#6"},
				"up": {"uv": [0, 0, 2.5, 2.5], "texture": "#6"},
				"down": {"uv": [0, 0, 0.5, 0.5], "texture": "#6"}
			}
		},
		{
			"from": [9.75, 6.5, 7],
			"to": [10.25, 9, 7.5],
			"faces": {
				"north": {"uv": [0, 0, 2.5, 7], "texture": "#6"},
				"east": {"uv": [0, 0, 2.5, 7], "texture": "#6"},
				"south": {"uv": [0, 0, 2.5, 4], "texture": "#6"},
				"west": {"uv": [0, 0, 5.5, 12], "texture": "#6"},
				"up": {"uv": [0, 0, 2.5, 2.5], "texture": "#6"},
				"down": {"uv": [0, 0, 0.5, 0.5], "texture": "#6"}
			}
		},
		{
			"from": [5.75, 6, 7],
			"to": [10.25, 6.5, 7.5],
			"faces": {
				"north": {"uv": [0, 0, 10.5, 3.5], "texture": "#6"},
				"east": {"uv": [0, 0, 10.5, 3.5], "texture": "#6"},
				"south": {"uv": [0, 0, 7.5, 1.5], "texture": "#6"},
				"west": {"uv": [0, 0, 5.5, 9.5], "texture": "#6"},
				"up": {"uv": [0, 0, 10.5, 3.5], "texture": "#6"},
				"down": {"uv": [0, 0, 10.5, 3.5], "texture": "#6"}
			}
		},
		{
			"from": [7.75, 1, 7],
			"to": [8.25, 6, 7.5],
			"faces": {
				"north": {"uv": [0, 0, 2.5, 3.5], "texture": "#6"},
				"east": {"uv": [0, 0, 0.5, 2.5], "texture": "#6"},
				"south": {"uv": [0, 0, 2.5, 3.5], "texture": "#6"},
				"west": {"uv": [0, 0, 5.5, 11.5], "texture": "#6"},
				"up": {"uv": [0, 0, 0.5, 0.5], "texture": "#6"},
				"down": {"uv": [0, 0, 0.5, 0.5], "texture": "#6"}
			}
		},
		{
			"name": "center_stick",
			"from": [7.75, 1, 7.5],
			"to": [8.25, 1.5, 12],
			"faces": {
				"north": {"uv": [0, 0, 0.5, 0.5], "texture": "#6"},
				"east": {"uv": [0, 0, 16, 4.5], "texture": "#6"},
				"south": {"uv": [0, 0, 2.5, 1.5], "texture": "#6"},
				"west": {"uv": [0, 0, 12.5, 9.5], "texture": "#6"},
				"up": {"uv": [0, 0, 3, 16], "texture": "#6"},
				"down": {"uv": [0, 0, 0.5, 7.5], "texture": "#6"}
			}
		},
		{
			"from": [7.75, 1, 12],
			"to": [8.25, 6.5, 12.5],
			"faces": {
				"north": {"uv": [0, 0, 5.5, 14], "texture": "#6"},
				"east": {"uv": [0, 0, 6, 15], "texture": "#6"},
				"south": {"uv": [0, 0, 2.5, 6.5], "texture": "#6"},
				"west": {"uv": [0, 0, 5.5, 14.5], "texture": "#6"},
				"up": {"uv": [0, 0, 0.5, 0.5], "texture": "#6"},
				"down": {"uv": [0, 0, 0.5, 0.5], "texture": "#6"}
			}
		},
		{
			"from": [6.25, 6.5, 12],
			"to": [9.75, 7, 12.5],
			"faces": {
				"north": {"uv": [0, 0, 11, 1.5], "texture": "#6"},
				"east": {"uv": [0, 0, 2.5, 2.5], "texture": "#6"},
				"south": {"uv": [0, 0, 5.5, 1.5], "texture": "#6"},
				"west": {"uv": [0, 0, 5.5, 9.5], "texture": "#6"},
				"up": {"uv": [0, 0, 3.5, 0.5], "texture": "#6"},
				"down": {"uv": [0, 0, 3.5, 0.5], "texture": "#6"}
			}
		},
		{
			"from": [9.25, 7, 12],
			"to": [9.75, 10, 12.5],
			"faces": {
				"north": {"uv": [0, 0, 5, 16], "texture": "#6"},
				"east": {"uv": [0, 0, 2.5, 7], "texture": "#6"},
				"south": {"uv": [0, 0, 2.5, 4], "texture": "#6"},
				"west": {"uv": [0, 0, 5.5, 12], "texture": "#6"},
				"up": {"uv": [0, 0, 0.5, 0.5], "texture": "#6"},
				"down": {"uv": [0, 0, 0.5, 0.5], "texture": "#6"}
			}
		},
		{
			"from": [6.25, 10, 12],
			"to": [9.75, 10.5, 12.5],
			"faces": {
				"north": {"uv": [0, 0, 11.5, 2.5], "texture": "#6"},
				"east": {"uv": [0, 0, 2.5, 2.5], "texture": "#6"},
				"south": {"uv": [0, 0, 5.5, 1.5], "texture": "#6"},
				"west": {"uv": [0, 0, 5.5, 9.5], "texture": "#6"},
				"up": {"uv": [0, 0, 11.5, 2.5], "texture": "#6"},
				"down": {"uv": [0, 0, 3.5, 0.5], "texture": "#6"}
			}
		},
		{
			"from": [6.25, 7, 12],
			"to": [6.75, 10, 12.5],
			"faces": {
				"north": {"uv": [0, 0, 5.5, 12], "texture": "#6"},
				"east": {"uv": [0, 0, 2.5, 7], "texture": "#6"},
				"south": {"uv": [0, 0, 2.5, 4], "texture": "#6"},
				"west": {"uv": [0, 0, 5.5, 12], "texture": "#6"},
				"up": {"uv": [0, 0, 0.5, 0.5], "texture": "#6"},
				"down": {"uv": [0, 0, 0.5, 0.5], "texture": "#6"}
			}
		},
		{
			"name": "bottom_base",
			"from": [6.5, 0, 5.5],
			"to": [9.5, 1, 13.75],
			"faces": {
				"north": {"uv": [0, 0, 7, 3], "texture": "#6"},
				"east": {"uv": [0, 0, 16, 3], "texture": "#6"},
				"south": {"uv": [0, 0, 7, 3], "texture": "#6"},
				"west": {"uv": [0, 0, 16, 3], "texture": "#6"},
				"up": {"uv": [0, 0, 10, 16], "texture": "#6"},
				"down": {"uv": [0, 0, 3, 11], "texture": "#6"}
			}
		}
	],
	"display": {
		"thirdperson_righthand": {
			"translation": [0.25, 0, 0],
			"scale": [1.01, 1.01, 1.01]
		},
		"thirdperson_lefthand": {
			"translation": [0, 4, 0]
		},
		"firstperson_righthand": {
			"translation": [7, 6, 2.75]
		},
		"firstperson_lefthand": {
			"translation": [7.25, 5.25, 1.75]
		},
		"ground": {
			"translation": [0, 5, 0]
		},
		"gui": {
			"rotation": [18, -140, 1],
			"translation": [-0.5, 6, 0],
			"scale": [1.1, 1.3, 1.1]
		},
		"head": {
			"translation": [9.7, -16.5, -17.7],
			"scale": [1.6, 2, 2]
		},
		"fixed": {
			"rotation": [0, -92, 0],
			"translation": [-3.25, 6.75, -4.25]
		}
	},
	"groups": [
		{
			"name": "stand",
			"origin": [0, 0, 0],
			"color": 0,
			"children": [
				{
					"name": "north_stick",
					"origin": [0, 0, 0],
					"color": 0,
					"children": [0, 1, 2, 3]
				},
				4,
				{
					"name": "south_stick",
					"origin": [0, 0, 0],
					"color": 0,
					"children": [5, 6, 7, 8, 9]
				},
				10
			]
		}
	]
}
