{
	"credit": "Made with Blockbench",
	"textures": {
		"0": "block/stripped_jungle_log",
		"1": "block/brown_wool",
		"2": "block/cactus_side",
		"3": "block/yellow_wool",
		"4": "block/red_mushroom_block",
		"particle": "block/stripped_jungle_log"
	},
	"elements": [
		{
			"from": [12, 17.24293, 9.75665],
			"to": [13, 17.24293, 13.75665],
			"rotation": {"angle": 45, "axis": "x", "origin": [12.5, 17.24293, 7.75665]},
			"faces": {
				"north": {"uv": [1, 0, 2, 0], "texture": "#4"},
				"east": {"uv": [7, 0, 11, 0], "texture": "#4"},
				"south": {"uv": [1, 0, 2, 0], "texture": "#4"},
				"west": {"uv": [7, 0, 11, 0], "texture": "#4"},
				"up": {"uv": [0, 7, 1, 11], "texture": "#4"},
				"down": {"uv": [0, 7, 1, 11], "texture": "#4"}
			}
		},
		{
			"from": [12, 15.82843, 6.82843],
			"to": [13, 15.82843, 9.17157],
			"rotation": {"angle": 0, "axis": "y", "origin": [9, -7.17157, 0.82843]},
			"faces": {
				"north": {"uv": [0, 0, 1, 0], "texture": "#4"},
				"east": {"uv": [0, 0, 2.34315, 0], "texture": "#4"},
				"south": {"uv": [0, 0, 1, 0], "texture": "#4"},
				"west": {"uv": [0, 0, 2.34315, 0], "texture": "#4"},
				"up": {"uv": [12, 8, 13, 10], "texture": "#4"},
				"down": {"uv": [0, 0, 1, 2.34315], "texture": "#4"}
			}
		},
		{
			"from": [12, 10.87897, 4.87939],
			"to": [13, 10.87897, 8.87939],
			"rotation": {"angle": -45, "axis": "x", "origin": [12.5, 10.87897, 1.87939]},
			"faces": {
				"north": {"uv": [0, 0, 1, 0], "texture": "#4"},
				"east": {"uv": [0, 0, 4, 0], "texture": "#4"},
				"south": {"uv": [0, 0, 1, 0], "texture": "#4"},
				"west": {"uv": [0, 0, 4, 0], "texture": "#4"},
				"up": {"uv": [12, 4, 13, 8], "texture": "#4"},
				"down": {"uv": [0, 0, 1, 4], "texture": "#4"}
			}
		},
		{
			"from": [12, 13, 4],
			"to": [13, 13, 12],
			"rotation": {"angle": 0, "axis": "y", "origin": [9, 0, 0]},
			"faces": {
				"north": {"uv": [0, 0, 1, 0], "texture": "#4"},
				"east": {"uv": [0, 0, 8, 0], "texture": "#4"},
				"south": {"uv": [0, 0, 1, 0], "texture": "#4"},
				"west": {"uv": [0, 0, 8, 0], "texture": "#4"},
				"up": {"uv": [12, 2, 13, 10], "texture": "#4"},
				"down": {"uv": [0, 0, 1, 8], "texture": "#4"}
			}
		},
		{
			"from": [3, 17.24293, 9.75665],
			"to": [4, 17.24293, 13.75665],
			"rotation": {"angle": 45, "axis": "x", "origin": [3.5, 17.24293, 7.75665]},
			"faces": {
				"north": {"uv": [1, 0, 2, 0], "texture": "#4"},
				"east": {"uv": [7, 0, 11, 0], "texture": "#4"},
				"south": {"uv": [1, 0, 2, 0], "texture": "#4"},
				"west": {"uv": [7, 0, 11, 0], "texture": "#4"},
				"up": {"uv": [3, 4, 4, 8], "texture": "#4"},
				"down": {"uv": [0, 7, 1, 11], "texture": "#4"}
			}
		},
		{
			"from": [3, 15.82843, 6.82843],
			"to": [4, 15.82843, 9.17157],
			"rotation": {"angle": 0, "axis": "y", "origin": [0, -7.17157, 0.82843]},
			"faces": {
				"north": {"uv": [0, 0, 1, 0], "texture": "#4"},
				"east": {"uv": [0, 0, 2.34315, 0], "texture": "#4"},
				"south": {"uv": [0, 0, 1, 0], "texture": "#4"},
				"west": {"uv": [0, 0, 2.34315, 0], "texture": "#4"},
				"up": {"uv": [3, 2, 4, 4], "texture": "#4"},
				"down": {"uv": [0, 0, 1, 2.34315], "texture": "#4"}
			}
		},
		{
			"from": [3, 10.87897, 4.87939],
			"to": [4, 10.87897, 8.87939],
			"rotation": {"angle": -45, "axis": "x", "origin": [3.5, 10.87897, 1.87939]},
			"faces": {
				"north": {"uv": [0, 0, 1, 0], "texture": "#4"},
				"east": {"uv": [0, 0, 4, 0], "texture": "#4"},
				"south": {"uv": [0, 0, 1, 0], "texture": "#4"},
				"west": {"uv": [0, 0, 4, 0], "texture": "#4"},
				"up": {"uv": [0, 0, 1, 4], "texture": "#4"},
				"down": {"uv": [0, 0, 1, 4], "texture": "#4"}
			}
		},
		{
			"from": [3, 13, 4],
			"to": [4, 13, 12],
			"faces": {
				"north": {"uv": [0, 0, 1, 0], "texture": "#4"},
				"east": {"uv": [0, 0, 8, 0], "texture": "#4"},
				"south": {"uv": [0, 0, 1, 0], "texture": "#4"},
				"west": {"uv": [0, 0, 8, 0], "texture": "#4"},
				"up": {"uv": [3, 2, 4, 10], "texture": "#4"},
				"down": {"uv": [0, 0, 1, 8], "texture": "#4"}
			}
		},
		{
			"from": [0, 7, 0],
			"to": [16, 12, 16],
			"faces": {
				"north": {"uv": [0, 0, 16, 5], "texture": "#0"},
				"east": {"uv": [0, 0, 16, 5], "texture": "#0"},
				"south": {"uv": [0, 0, 16, 5], "texture": "#0"},
				"west": {"uv": [0, 0, 16, 5], "texture": "#0"},
				"up": {"uv": [0, 0, 16, 16], "texture": "#0"},
				"down": {"uv": [0, 0, 16, 16], "texture": "#0"}
			}
		},
		{
			"from": [2, 12, 1],
			"to": [14, 13, 15],
			"faces": {
				"north": {"uv": [0, 0, 12, 1], "texture": "#0"},
				"east": {"uv": [0, 0, 14, 1], "texture": "#0"},
				"south": {"uv": [0, 0, 12, 1], "texture": "#0"},
				"west": {"uv": [0, 0, 14, 1], "texture": "#0"},
				"up": {"uv": [0, 0, 12, 14], "texture": "#0"},
				"down": {"uv": [0, 0, 12, 14], "texture": "#0"}
			}
		},
		{
			"name": "lettuce",
			"from": [-2, 6, -1],
			"to": [18, 6, 17],
			"faces": {
				"north": {"uv": [0, 0, 16, 0], "texture": "#2"},
				"east": {"uv": [0, 0, 16, 0], "texture": "#2"},
				"south": {"uv": [0, 0, 16, 0], "texture": "#2"},
				"west": {"uv": [0, 0, 16, 0], "texture": "#2"},
				"up": {"uv": [0, 0, 16, 16], "texture": "#2"},
				"down": {"uv": [0, 0, 16, 16], "texture": "#2"}
			}
		},
		{
			"name": "tomato",
			"from": [1, 6, 1],
			"to": [15, 7, 15],
			"faces": {
				"north": {"uv": [0, 0, 14, 1], "texture": "#4"},
				"east": {"uv": [0, 0, 14, 1], "texture": "#4"},
				"south": {"uv": [0, 0, 14, 1], "texture": "#4"},
				"west": {"uv": [0, 0, 14, 1], "texture": "#4"},
				"up": {"uv": [0, 0, 14, 14], "texture": "#4"},
				"down": {"uv": [0, 0, 14, 14], "texture": "#4"}
			}
		},
		{
			"name": "base",
			"from": [1, 5, 1],
			"to": [15, 6, 15],
			"faces": {
				"north": {"uv": [0, 0, 14, 1], "texture": "#3"},
				"east": {"uv": [0, 0, 14, 1], "texture": "#3"},
				"south": {"uv": [0, 0, 14, 1], "texture": "#3"},
				"west": {"uv": [0, 0, 14, 1], "texture": "#3"},
				"up": {"uv": [0, 0, 14, 14], "texture": "#3"},
				"down": {"uv": [0, 0, 14, 14], "texture": "#3"}
			}
		},
		{
			"name": "spread",
			"from": [0, 5, 0],
			"to": [16, 5, 16],
			"rotation": {"angle": -45, "axis": "y", "origin": [8, 5.5, 8]},
			"faces": {
				"north": {"uv": [0, 0, 16, 0], "texture": "#3"},
				"east": {"uv": [0, 0, 16, 0], "texture": "#3"},
				"south": {"uv": [0, 0, 16, 0], "texture": "#3"},
				"west": {"uv": [0, 0, 16, 0], "texture": "#3"},
				"up": {"uv": [0, 0, 16, 16], "rotation": 270, "texture": "#3"},
				"down": {"uv": [0, 0, 16, 16], "rotation": 90, "texture": "#3"}
			}
		},
		{
			"name": "burger",
			"from": [1, 3, 1],
			"to": [15, 5, 15],
			"faces": {
				"north": {"uv": [0, 0, 14, 2], "texture": "#1"},
				"east": {"uv": [0, 0, 14, 2], "texture": "#1"},
				"south": {"uv": [0, 0, 14, 2], "texture": "#1"},
				"west": {"uv": [0, 0, 14, 2], "texture": "#1"},
				"up": {"uv": [0, 0, 14, 14], "texture": "#1"},
				"down": {"uv": [0, 0, 14, 14], "texture": "#1"}
			}
		},
		{
			"from": [0, 0, 0],
			"to": [16, 3, 16],
			"faces": {
				"north": {"uv": [0, 0, 16, 3], "texture": "#0"},
				"east": {"uv": [0, 0, 16, 3], "texture": "#0"},
				"south": {"uv": [0, 0, 16, 3], "texture": "#0"},
				"west": {"uv": [0, 0, 16, 3], "texture": "#0"},
				"up": {"uv": [0, 0, 16, 16], "texture": "#0"},
				"down": {"uv": [0, 0, 16, 16], "texture": "#0"}
			}
		}
	],
	"display": {
		"head": {
			"translation": [0, -20.75, 0],
			"scale": [2, 2, 2]
		}
	},
	"groups": [
		{
			"name": "braces",
			"origin": [0, 0, 0],
			"color": 0,
			"children": [
				{
					"name": "right",
					"origin": [0, 0, 0],
					"color": 0,
					"children": [0, 1, 2, 3]
				},
				{
					"name": "left",
					"origin": [0, 0, 0],
					"color": 0,
					"children": [4, 5, 6, 7]
				}
			]
		},
		{
			"name": "top bun",
			"origin": [0, 0, 0],
			"color": 0,
			"children": [8, 9]
		},
		10,
		11,
		{
			"name": "cheese",
			"origin": [0, 0, 0],
			"color": 0,
			"children": [12, 13]
		},
		14,
		{
			"name": "bottom bun",
			"origin": [0, 0, 0],
			"color": 0,
			"children": [15]
		}
	]
}