{
	"credit": "Made with Blockbench",
	"textures": {
		"0": "block/iron_block",
		"2": "block/red_wool",
		"3": "block/command_block_back",
		"4": "block/dark_oak_planks",
		"5": "block/command_block_conditional",
		"6": "block/yellow_stained_glass",
		"7": "block/white_stained_glass",
		"8": "block/yellow_shulker_box",
		"9": "block/black_shulker_box",
		"10": "block/hopper_top",
		"11": "block/hopper_inside",
		"12": "block/hopper_outside",
		"15": "block/redstone_lamp_on",
		"16": "block/red_stained_glass",
		"17": "block/redstone_block",
		"particle": "block/iron_block"
	},
	"elements": [
		{
			"from": [4.61, -2.5622, -8.95],
			"to": [11.39, 0.4378, 5.74],
			"rotation": {"angle": 22.5, "axis": "y", "origin": [8, -1.5, 8]},
			"faces": {
				"north": {"uv": [13, 0, 16, 3], "texture": "#0"},
				"east": {"uv": [1, 0, 7.5, 3], "texture": "#0"},
				"south": {"uv": [1, 0, 4, 3], "texture": "#0"},
				"west": {"uv": [1, 0, 7.5, 3], "texture": "#0"},
				"up": {"uv": [0, 1, 3, 7.5], "rotation": 180, "texture": "#0"},
				"down": {"uv": [0, 1, 3, 7.5], "rotation": 180, "texture": "#0"}
			}
		},
		{
			"from": [4.61, -2.5396, -8.95],
			"to": [11.39, 0.4604, 5.74],
			"rotation": {"angle": 0, "axis": "y", "origin": [8, -1.5, 8]},
			"faces": {
				"north": {"uv": [2, 0, 5, 3], "texture": "#0"},
				"east": {"uv": [0, 0, 6.5, 3], "texture": "#0"},
				"south": {"uv": [0, 0, 3, 3], "texture": "#0"},
				"west": {"uv": [0, 0, 6.5, 3], "texture": "#0"},
				"up": {"uv": [0, 0, 3, 6.5], "texture": "#0"},
				"down": {"uv": [0, 0, 3, 6.5], "texture": "#0"}
			}
		},
		{
			"from": [4.61, -2.3588, 10.26],
			"to": [11.39, 0.6412, 24.95],
			"rotation": {"angle": 0, "axis": "y", "origin": [8, -1.5, 8]},
			"faces": {
				"north": {"uv": [1, 0, 4, 3], "texture": "#0"},
				"east": {"uv": [1, 0, 7.5, 3], "texture": "#0"},
				"south": {"uv": [2, 0, 5, 3], "texture": "#0"},
				"west": {"uv": [1, 0, 7.5, 3], "texture": "#0"},
				"up": {"uv": [0, 1, 3, 7.5], "texture": "#0"},
				"down": {"uv": [1, 1, 4, 7.5], "texture": "#0"}
			}
		},
		{
			"from": [4.61, -2.3362, 10.26],
			"to": [11.39, 0.6638, 24.95],
			"rotation": {"angle": -22.5, "axis": "y", "origin": [8, -1.5, 8]},
			"faces": {
				"north": {"uv": [1, 0, 4, 3], "texture": "#0"},
				"east": {"uv": [1, 0, 7.5, 3], "texture": "#0"},
				"south": {"uv": [0, 0, 3, 3], "texture": "#0"},
				"west": {"uv": [1, 0, 7.5, 3], "texture": "#0"},
				"up": {"uv": [0, 1, 3, 7.5], "texture": "#0"},
				"down": {"uv": [0, 1, 3, 7.5], "texture": "#0"}
			}
		},
		{
			"from": [4.61, -2.517, -8.95],
			"to": [11.39, 0.483, 5.74],
			"rotation": {"angle": -22.5, "axis": "y", "origin": [8, -1.5, 8]},
			"faces": {
				"north": {"uv": [0, 0, 3, 3], "texture": "#0"},
				"east": {"uv": [0, 0, 6.5, 3], "texture": "#0"},
				"south": {"uv": [0, 0, 3, 3], "texture": "#0"},
				"west": {"uv": [0, 0, 6.5, 3], "texture": "#0"},
				"up": {"uv": [0, 0, 3, 6.5], "texture": "#0"},
				"down": {"uv": [0, 0, 3, 6.5], "texture": "#0"}
			}
		},
		{
			"from": [4.61, -2.3136, 10.26],
			"to": [11.39, 0.6864, 24.95],
			"rotation": {"angle": -45, "axis": "y", "origin": [8, -1.5, 8]},
			"faces": {
				"north": {"uv": [1, 0, 4, 3], "texture": "#0"},
				"east": {"uv": [1, 0, 7.5, 3], "texture": "#0"},
				"south": {"uv": [0, 0, 3, 3], "texture": "#0"},
				"west": {"uv": [1, 0, 7.5, 3], "texture": "#0"},
				"up": {"uv": [0, 1, 3, 7.5], "texture": "#0"},
				"down": {"uv": [0, 1, 3, 7.5], "texture": "#0"}
			}
		},
		{
			"from": [4.61, -2.4944, -8.95],
			"to": [11.39, 0.5056, 5.74],
			"rotation": {"angle": -45, "axis": "y", "origin": [8, -1.5, 8]},
			"faces": {
				"north": {"uv": [13, 0, 16, 3], "texture": "#0"},
				"east": {"uv": [0, 0, 6.5, 3], "texture": "#0"},
				"south": {"uv": [0, 0, 3, 3], "texture": "#0"},
				"west": {"uv": [0, 0, 6.5, 3], "texture": "#0"},
				"up": {"uv": [0, 0, 3, 6.5], "texture": "#0"},
				"down": {"uv": [0, 0, 3, 6.5], "texture": "#0"}
			}
		},
		{
			"from": [-8.95, -2.291, 4.61],
			"to": [5.74, 0.709, 11.39],
			"rotation": {"angle": 22.5, "axis": "y", "origin": [8, -1.5, 8]},
			"faces": {
				"north": {"uv": [1, 0, 7.5, 3], "texture": "#0"},
				"east": {"uv": [1, 0, 4, 3], "texture": "#0"},
				"south": {"uv": [0, 0, 6.5, 3], "texture": "#0"},
				"west": {"uv": [0, 0, 3, 3], "texture": "#0"},
				"up": {"uv": [0, 1, 3, 7.5], "rotation": 90, "texture": "#0"},
				"down": {"uv": [0, 1, 3, 7.5], "rotation": 270, "texture": "#0"}
			}
		},
		{
			"from": [10.26, -2.4718, 4.61],
			"to": [24.95, 0.5282, 11.39],
			"rotation": {"angle": 22.5, "axis": "y", "origin": [8, -1.5, 8]},
			"faces": {
				"north": {"uv": [0, 0, 6.5, 3], "texture": "#0"},
				"east": {"uv": [13, 0, 16, 3], "texture": "#0"},
				"south": {"uv": [0, 0, 6.5, 3], "texture": "#0"},
				"west": {"uv": [0, 0, 3, 3], "texture": "#0"},
				"up": {"uv": [0, 0, 3, 6.5], "rotation": 90, "texture": "#0"},
				"down": {"uv": [0, 0, 3, 6.5], "rotation": 270, "texture": "#0"}
			}
		},
		{
			"from": [-8.95, -2.63, 4.61],
			"to": [5.74, 0.37, 11.39],
			"rotation": {"angle": 0, "axis": "y", "origin": [8, -1.5, 8]},
			"faces": {
				"north": {"uv": [1, 0, 7.5, 3], "texture": "#0"},
				"east": {"uv": [1, 0, 4, 3], "texture": "#0"},
				"south": {"uv": [1, 0, 7.5, 3], "texture": "#0"},
				"west": {"uv": [0, 0, 3, 3], "texture": "#0"},
				"up": {"uv": [0, 1, 3, 7.5], "rotation": 90, "texture": "#0"},
				"down": {"uv": [0, 1, 3, 7.5], "rotation": 270, "texture": "#0"}
			}
		},
		{
			"from": [10.26, -2.4492, 4.61],
			"to": [24.95, 0.5508, 11.39],
			"rotation": {"angle": 0, "axis": "y", "origin": [8, -1.5, 8]},
			"faces": {
				"north": {"uv": [0, 0, 6.5, 3], "texture": "#0"},
				"east": {"uv": [13, 0, 16, 3], "texture": "#0"},
				"south": {"uv": [0, 0, 6.5, 3], "texture": "#0"},
				"west": {"uv": [0, 0, 3, 3], "texture": "#0"},
				"up": {"uv": [0, 0, 3, 6.5], "rotation": 90, "texture": "#0"},
				"down": {"uv": [0, 0, 3, 6.5], "rotation": 270, "texture": "#0"}
			}
		},
		{
			"from": [-8.95, -2.6074, 4.61],
			"to": [5.74, 0.3926, 11.39],
			"rotation": {"angle": -22.5, "axis": "y", "origin": [8, -1.5, 8]},
			"faces": {
				"north": {"uv": [1, 0, 7.5, 3], "texture": "#0"},
				"east": {"uv": [1, 0, 4, 3], "texture": "#0"},
				"south": {"uv": [1, 0, 7.5, 3], "texture": "#0"},
				"west": {"uv": [0, 0, 3, 3], "texture": "#0"},
				"up": {"uv": [0, 1, 3, 7.5], "rotation": 90, "texture": "#0"},
				"down": {"uv": [0, 1, 3, 7.5], "rotation": 270, "texture": "#0"}
			}
		},
		{
			"from": [10.26, -2.4266, 4.61],
			"to": [24.95, 0.5734, 11.39],
			"rotation": {"angle": -22.5, "axis": "y", "origin": [8, -1.5, 8]},
			"faces": {
				"north": {"uv": [0, 0, 6.5, 3], "texture": "#0"},
				"east": {"uv": [13, 0, 16, 3], "texture": "#0"},
				"south": {"uv": [0, 0, 6.5, 3], "texture": "#0"},
				"west": {"uv": [0, 0, 3, 3], "texture": "#0"},
				"up": {"uv": [0, 0, 3, 6.5], "rotation": 90, "texture": "#0"},
				"down": {"uv": [0, 0, 3, 6.5], "rotation": 270, "texture": "#0"}
			}
		},
		{
			"from": [-8.95, -2.5848, 4.61],
			"to": [5.74, 0.4152, 11.39],
			"rotation": {"angle": -45, "axis": "y", "origin": [8, -1.5, 8]},
			"faces": {
				"north": {"uv": [1, 0, 7.5, 3], "texture": "#0"},
				"east": {"uv": [1, 0, 4, 3], "texture": "#0"},
				"south": {"uv": [1, 0, 7.5, 3], "texture": "#0"},
				"west": {"uv": [0, 0, 3, 3], "texture": "#0"},
				"up": {"uv": [0, 1, 3, 7.5], "rotation": 90, "texture": "#0"},
				"down": {"uv": [0, 1, 3, 7.5], "rotation": 270, "texture": "#0"}
			}
		},
		{
			"from": [10.26, -2.404, 4.61],
			"to": [24.95, 0.596, 11.39],
			"rotation": {"angle": -45, "axis": "y", "origin": [8, -1.5, 8]},
			"faces": {
				"north": {"uv": [0, 0, 6.5, 3], "texture": "#0"},
				"east": {"uv": [13, 0, 16, 3], "texture": "#0"},
				"south": {"uv": [0, 0, 6.5, 3], "texture": "#0"},
				"west": {"uv": [0, 0, 3, 3], "texture": "#0"},
				"up": {"uv": [0, 0, 3, 6.5], "rotation": 90, "texture": "#0"},
				"down": {"uv": [0, 0, 3, 6.5], "rotation": 270, "texture": "#0"}
			}
		},
		{
			"from": [4.61, -2.3814, 10.26],
			"to": [11.39, 0.6186, 24.95],
			"rotation": {"angle": 22.5, "axis": "y", "origin": [8, -1.5, 8]},
			"faces": {
				"north": {"uv": [0, 0, 3, 3], "texture": "#0"},
				"east": {"uv": [9.5, 0, 16, 3], "texture": "#0"},
				"south": {"uv": [13, 0, 16, 3], "texture": "#0"},
				"west": {"uv": [0, 0, 6.5, 3], "texture": "#0"},
				"up": {"uv": [0, 0, 3, 6.5], "rotation": 180, "texture": "#0"},
				"down": {"uv": [0, 0, 3, 6.5], "rotation": 180, "texture": "#0"}
			}
		},
		{
			"from": [4.61, 0.4378, -8.95],
			"to": [11.39, 8.4378, -4.26],
			"rotation": {"angle": 22.5, "axis": "y", "origin": [8, 1.5, 8]},
			"faces": {
				"north": {"uv": [1, 0, 4, 3], "texture": "#0"},
				"east": {"uv": [1, 0, 7.5, 3], "texture": "#0"},
				"south": {"uv": [1, 0, 4, 3], "texture": "#0"},
				"west": {"uv": [0, 0, 6.5, 3], "texture": "#0"},
				"up": {"uv": [0, 1, 6.78, 5.69], "rotation": 180, "texture": "#0"},
				"down": {"uv": [0, 1, 3, 7.5], "rotation": 180, "texture": "#0"}
			}
		},
		{
			"from": [4.61, 0.4604, -8.95],
			"to": [11.39, 8.4604, -4.01],
			"rotation": {"angle": 0, "axis": "y", "origin": [8, 1.5, 8]},
			"faces": {
				"north": {"uv": [2, 0, 5, 3], "texture": "#0"},
				"east": {"uv": [0, 0, 6.5, 3], "texture": "#0"},
				"south": {"uv": [0, 0, 3, 3], "texture": "#0"},
				"west": {"uv": [0, 0, 6.5, 3], "texture": "#0"},
				"up": {"uv": [0, 0, 6.78, 4.69], "texture": "#0"},
				"down": {"uv": [0, 0, 3, 6.5], "texture": "#0"}
			}
		},
		{
			"from": [-1.61, 1.4604, -8.95],
			"to": [2.39, 5.4604, -4.01],
			"rotation": {"angle": -22.5, "axis": "x", "origin": [-0.61, 3.4604, -6.48]},
			"faces": {
				"north": {"uv": [0, 0, 3, 3], "texture": "#6"},
				"east": {"uv": [0, 0, 6.5, 3], "texture": "#6"},
				"south": {"uv": [0, 0, 3, 3], "texture": "#6"},
				"west": {"uv": [0, 0, 6.5, 3], "texture": "#6"},
				"up": {"uv": [0, 0, 6.78, 4.69], "texture": "#6"},
				"down": {"uv": [0, 0, 3, 6.5], "texture": "#6"}
			}
		},
		{
			"from": [13.61, 1.4604, -8.95],
			"to": [17.61, 5.4604, -4.01],
			"rotation": {"angle": -22.5, "axis": "x", "origin": [16.61, 3.4604, -6.48]},
			"faces": {
				"north": {"uv": [3, 0, 0, 3], "texture": "#6"},
				"east": {"uv": [6.5, 0, 0, 3], "texture": "#6"},
				"south": {"uv": [3, 0, 0, 3], "texture": "#6"},
				"west": {"uv": [6.5, 0, 0, 3], "texture": "#6"},
				"up": {"uv": [6.78, 0, 0, 4.69], "texture": "#6"},
				"down": {"uv": [3, 0, 0, 6.5], "texture": "#6"}
			}
		},
		{
			"from": [-1.36, 1.4604, -8.7],
			"to": [2.14, 5.2104, -4.01],
			"rotation": {"angle": -22.5, "axis": "x", "origin": [-0.61, 3.4604, -6.48]},
			"faces": {
				"north": {"uv": [5, 5, 11, 11], "texture": "#15"},
				"east": {"uv": [0, 5, 5.5, 11], "texture": "#15"},
				"south": {"uv": [5, 5, 11, 11], "texture": "#15"},
				"west": {"uv": [10.5, 5, 16, 11], "texture": "#15"},
				"up": {"uv": [4, 10.31, 11.78, 16], "texture": "#15"},
				"down": {"uv": [4, 0, 12, 5.5], "texture": "#15"}
			}
		},
		{
			"from": [13.86, 1.4604, -8.7],
			"to": [17.36, 5.2104, -4.01],
			"rotation": {"angle": -22.5, "axis": "x", "origin": [16.61, 3.4604, -6.48]},
			"faces": {
				"north": {"uv": [11, 5, 5, 11], "texture": "#15"},
				"east": {"uv": [5.5, 5, 0, 11], "texture": "#15"},
				"south": {"uv": [11, 5, 5, 11], "texture": "#15"},
				"west": {"uv": [16, 5, 10.5, 11], "texture": "#15"},
				"up": {"uv": [11.78, 10.31, 4, 16], "texture": "#15"},
				"down": {"uv": [12, 0, 4, 5.5], "texture": "#15"}
			}
		},
		{
			"from": [6.61, 5.4604, -3.95],
			"to": [10.39, 7.4604, 0.24],
			"rotation": {"angle": 22.5, "axis": "x", "origin": [8, 8.4604, -2.98]},
			"faces": {
				"north": {"uv": [0, 0, 3, 3], "texture": "#6"},
				"east": {"uv": [0, 0, 6.5, 3], "texture": "#6"},
				"south": {"uv": [0, 0, 3, 3], "texture": "#6"},
				"west": {"uv": [0, 0, 6.5, 3], "texture": "#6"},
				"up": {"uv": [0, 0, 6.78, 4.69], "texture": "#6"},
				"down": {"uv": [0, 0, 3, 6.5], "texture": "#6"}
			}
		},
		{
			"from": [8.49, 0.4604, -3.95],
			"to": [15.39, 6.4604, 0.74],
			"rotation": {"angle": 0, "axis": "y", "origin": [8, 1.5, 8]},
			"faces": {
				"north": {"uv": [0, 0, 3, 3], "texture": "#3"},
				"east": {"uv": [0, 0, 6.5, 5], "texture": "#4"},
				"south": {"uv": [0, 0, 16, 5], "texture": "#4"},
				"west": {"uv": [0, 0, 6.5, 3], "texture": "#3"},
				"up": {"uv": [0, 4, 16, 13.69], "texture": "#5"},
				"down": {"uv": [0, 0, 3, 6.5], "texture": "#3"}
			}
		},
		{
			"from": [0.61, 0.4604, -3.95],
			"to": [8.49, 6.4604, 0.74],
			"rotation": {"angle": 0, "axis": "y", "origin": [8, 1.5, 8]},
			"faces": {
				"north": {"uv": [0, 0, 3, 3], "texture": "#3"},
				"east": {"uv": [0, 0, 6.5, 3], "texture": "#3"},
				"south": {"uv": [0, 0, 16, 5], "texture": "#4"},
				"west": {"uv": [0, 0, 6.5, 5], "texture": "#4"},
				"up": {"uv": [0, 4, 16, 13.69], "texture": "#3"},
				"down": {"uv": [0, 0, 3, 6.5], "texture": "#3"}
			}
		},
		{
			"from": [4.61, 0.6412, 20.26],
			"to": [11.39, 8.6412, 24.95],
			"rotation": {"angle": 0, "axis": "y", "origin": [8, 1.5, 8]},
			"faces": {
				"north": {"uv": [1, 0, 4, 3], "texture": "#0"},
				"east": {"uv": [1, 0, 7.5, 3], "texture": "#0"},
				"south": {"uv": [2, 0, 5, 3], "texture": "#0"},
				"west": {"uv": [1, 0, 7.5, 3], "texture": "#0"},
				"up": {"uv": [0, 1, 6.78, 5.69], "texture": "#0"},
				"down": {"uv": [0, 1, 3, 7.5], "texture": "#0"}
			}
		},
		{
			"from": [4.61, 1.3912, 23.01],
			"to": [11.39, 5.3912, 25.7],
			"rotation": {"angle": -22.5, "axis": "x", "origin": [8, 2.1412, 28.605]},
			"faces": {
				"north": {"uv": [1, 0, 4, 3], "texture": "#16"},
				"east": {"uv": [0, 7, 10.5, 16], "texture": "#16"},
				"south": {"uv": [0, 6, 16, 16], "texture": "#16"},
				"west": {"uv": [6.5, 7, 16, 16], "texture": "#16"},
				"up": {"uv": [0, 1, 6.78, 5.69], "texture": "#16"},
				"down": {"uv": [0, 0, 16, 5.5], "texture": "#16"}
			}
		},
		{
			"name": "inside",
			"from": [4.86, 1.6412, 23.01],
			"to": [11.14, 5.3912, 25.45],
			"rotation": {"angle": -22.5, "axis": "x", "origin": [8, 2.1412, 28.605]},
			"faces": {
				"north": {"uv": [1, 0, 4, 3], "texture": "#17"},
				"east": {"uv": [1, 0, 7.5, 3], "texture": "#17"},
				"south": {"uv": [4, 7, 13, 12], "texture": "#17"},
				"west": {"uv": [1, 0, 7.5, 3], "texture": "#17"},
				"up": {"uv": [0, 1, 6.78, 5.69], "texture": "#17"},
				"down": {"uv": [4, 11.5, 13, 15], "texture": "#17"}
			}
		},
		{
			"from": [4.61, 0.6638, 20.26],
			"to": [11.39, 8.6638, 24.95],
			"rotation": {"angle": -22.5, "axis": "y", "origin": [8, 1.5, 8]},
			"faces": {
				"north": {"uv": [1, 0, 4, 3], "texture": "#0"},
				"east": {"uv": [1, 0, 7.5, 3], "texture": "#0"},
				"south": {"uv": [0, 0, 3, 3], "texture": "#0"},
				"west": {"uv": [1, 0, 7.5, 3], "texture": "#0"},
				"up": {"uv": [0, 1, 6.78, 5.69], "texture": "#0"},
				"down": {"uv": [0, 1, 3, 7.5], "texture": "#0"}
			}
		},
		{
			"from": [4.61, 0.483, -8.95],
			"to": [11.39, 8.483, -4.26],
			"rotation": {"angle": -22.5, "axis": "y", "origin": [8, 1.5, 8]},
			"faces": {
				"north": {"uv": [1, 0, 4, 3], "texture": "#0"},
				"east": {"uv": [0, 0, 6.5, 3], "texture": "#0"},
				"south": {"uv": [0, 0, 3, 3], "texture": "#0"},
				"west": {"uv": [0, 0, 6.5, 3], "texture": "#0"},
				"up": {"uv": [0, 0, 6.78, 4.69], "texture": "#0"},
				"down": {"uv": [0, 0, 3, 6.5], "texture": "#0"}
			}
		},
		{
			"from": [4.61, 0.6864, 20.26],
			"to": [11.39, 8.6864, 24.95],
			"rotation": {"angle": -45, "axis": "y", "origin": [8, 1.5, 8]},
			"faces": {
				"north": {"uv": [1, 0, 4, 3], "texture": "#0"},
				"east": {"uv": [1, 0, 7.5, 3], "texture": "#0"},
				"south": {"uv": [0, 0, 3, 3], "texture": "#0"},
				"west": {"uv": [1, 0, 7.5, 3], "texture": "#0"},
				"up": {"uv": [0, 1, 6.78, 5.69], "texture": "#0"},
				"down": {"uv": [0, 1, 3, 7.5], "texture": "#0"}
			}
		},
		{
			"from": [4.61, 0.5056, -8.95],
			"to": [11.39, 8.5056, -4.26],
			"rotation": {"angle": -45, "axis": "y", "origin": [8, 1.5, 8]},
			"faces": {
				"north": {"uv": [13, 0, 16, 3], "texture": "#0"},
				"east": {"uv": [0, 0, 6.5, 3], "texture": "#0"},
				"south": {"uv": [0, 0, 3, 3], "texture": "#0"},
				"west": {"uv": [0, 0, 6.5, 3], "texture": "#0"},
				"up": {"uv": [0, 0, 6.78, 4.69], "texture": "#0"},
				"down": {"uv": [0, 0, 3, 6.5], "texture": "#0"}
			}
		},
		{
			"from": [-7.594, 8.4152, 4.8812],
			"to": [-6.2792, 9.4152, 11.1188],
			"rotation": {"angle": -45, "axis": "y", "origin": [8, 1.5, 8]},
			"faces": {
				"north": {"uv": [1, 0, 7.5, 3], "texture": "#9"},
				"east": {"uv": [1, 0, 4, 3], "texture": "#9"},
				"south": {"uv": [1, 0, 7.5, 3], "texture": "#9"},
				"west": {"uv": [0, 0, 3, 3], "texture": "#9"},
				"up": {"uv": [0, 1, 6.78, 5.69], "rotation": 90, "texture": "#9"},
				"down": {"uv": [0, 1, 3, 7.5], "rotation": 270, "texture": "#9"}
			}
		},
		{
			"from": [4.8812, 8.4378, -7.594],
			"to": [11.1188, 10.4378, -5.7792],
			"rotation": {"angle": 22.5, "axis": "y", "origin": [8, 1.5, 8]},
			"faces": {
				"north": {"uv": [0, 0, 3, 3], "texture": "#9"},
				"east": {"uv": [1, 0, 7.5, 3], "texture": "#9"},
				"south": {"uv": [1, 0, 4, 3], "texture": "#9"},
				"west": {"uv": [0, 0, 6.5, 3], "texture": "#9"},
				"up": {"uv": [0, 1, 6.78, 5.69], "rotation": 180, "texture": "#9"},
				"down": {"uv": [0, 1, 3, 7.5], "rotation": 180, "texture": "#9"}
			}
		},
		{
			"from": [4.8812, 8.4604, -7.594],
			"to": [11.1188, 10.4604, -5.5492],
			"rotation": {"angle": 0, "axis": "y", "origin": [8, 1.5, 8]},
			"faces": {
				"north": {"uv": [0, 0, 3, 3], "texture": "#9"},
				"east": {"uv": [0, 0, 6.5, 3], "texture": "#9"},
				"south": {"uv": [0, 0, 3, 3], "texture": "#9"},
				"west": {"uv": [0, 0, 6.5, 3], "texture": "#9"},
				"up": {"uv": [0, 0, 6.78, 4.69], "texture": "#9"},
				"down": {"uv": [0, 0, 3, 6.5], "texture": "#9"}
			}
		},
		{
			"from": [4.8812, 8.483, -7.594],
			"to": [11.1188, 10.483, -5.7792],
			"rotation": {"angle": -22.5, "axis": "y", "origin": [8, 1.5, 8]},
			"faces": {
				"north": {"uv": [0, 0, 3, 3], "texture": "#9"},
				"east": {"uv": [0, 0, 6.5, 3], "texture": "#9"},
				"south": {"uv": [0, 0, 3, 3], "texture": "#9"},
				"west": {"uv": [0, 0, 6.5, 3], "texture": "#9"},
				"up": {"uv": [0, 0, 6.78, 4.69], "texture": "#9"},
				"down": {"uv": [0, 0, 3, 6.5], "texture": "#9"}
			}
		},
		{
			"from": [4.8812, 8.5056, -7.594],
			"to": [11.1188, 9.5056, -6.1192],
			"rotation": {"angle": -45, "axis": "y", "origin": [8, 1.5, 8]},
			"faces": {
				"north": {"uv": [0, 0, 3, 3], "texture": "#9"},
				"east": {"uv": [0, 0, 6.5, 3], "texture": "#9"},
				"south": {"uv": [0, 0, 3, 3], "texture": "#9"},
				"west": {"uv": [0, 0, 6.5, 3], "texture": "#9"},
				"up": {"uv": [0, 0, 6.78, 4.69], "texture": "#9"},
				"down": {"uv": [0, 0, 3, 6.5], "texture": "#9"}
			}
		},
		{
			"from": [-7.594, 9.4152, 4.8812],
			"to": [-7.2792, 14.4152, 11.1188],
			"rotation": {"angle": -45, "axis": "y", "origin": [8, 2.5, 8]},
			"faces": {
				"north": {"uv": [0, 0, 1, 16], "texture": "#7"},
				"east": {"uv": [0, 0, 16, 16], "texture": "#7"},
				"south": {"uv": [0, 0, 1, 16], "texture": "#7"},
				"west": {"uv": [0, 0, 16, 16], "texture": "#7"},
				"up": {"uv": [0, 1, 16, 0], "rotation": 90, "texture": "#7"}
			}
		},
		{
			"from": [4.8812, 10.4378, -7.594],
			"to": [11.1188, 19.4378, -6.7792],
			"rotation": {"angle": 22.5, "axis": "y", "origin": [8, 3.5, 8]},
			"faces": {
				"north": {"uv": [1, 0, 16, 16], "texture": "#7"},
				"south": {"uv": [0, 0, 15, 16], "texture": "#7"},
				"west": {"uv": [0, 0, 1, 16], "texture": "#7"},
				"up": {"uv": [0, 1, 16, 0], "rotation": 180, "texture": "#7"}
			}
		},
		{
			"from": [4.8812, 10.4604, -7.594],
			"to": [11.1188, 20.4604, -6.5492],
			"rotation": {"angle": 0, "axis": "y", "origin": [8, 3.5, 8]},
			"faces": {
				"north": {"uv": [1, 0, 15, 16], "texture": "#7"},
				"east": {"uv": [0, 0, 6.5, 3], "texture": "#7"},
				"south": {"uv": [1, 0, 15, 16], "texture": "#7"},
				"west": {"uv": [0, 0, 6.5, 3], "texture": "#7"},
				"up": {"uv": [0, 0, 16, 0.69], "texture": "#7"},
				"down": {"uv": [0, 0, 3, 6.5], "texture": "#7"}
			}
		},
		{
			"from": [4.8812, 10.483, -7.594],
			"to": [11.1188, 19.483, -6.7792],
			"rotation": {"angle": -22.5, "axis": "y", "origin": [8, 3.5, 8]},
			"faces": {
				"north": {"uv": [0, 0, 15, 16], "texture": "#7"},
				"east": {"uv": [0, 0, 1, 16], "texture": "#7"},
				"south": {"uv": [1, 0, 16, 16], "texture": "#7"},
				"up": {"uv": [0, 0, 16, 1], "texture": "#7"}
			}
		},
		{
			"from": [4.8812, 9.5056, -7.594],
			"to": [11.1188, 14.5056, -7.1192],
			"rotation": {"angle": -45, "axis": "y", "origin": [8, 2.5, 8]},
			"faces": {
				"north": {"uv": [0, 0, 16, 16], "texture": "#7"},
				"east": {"uv": [0, 0, 6.5, 3], "texture": "#7"},
				"south": {"uv": [1, 0, 16, 16], "texture": "#7"},
				"west": {"uv": [0, 0, 6.5, 3], "texture": "#7"},
				"up": {"uv": [0, 0, 11.78, 0.69], "texture": "#7"}
			}
		},
		{
			"from": [-8.95, 0.709, 4.61],
			"to": [-4.26, 8.709, 11.39],
			"rotation": {"angle": 22.5, "axis": "y", "origin": [8, 1.5, 8]},
			"faces": {
				"north": {"uv": [1, 0, 7.5, 3], "texture": "#0"},
				"east": {"uv": [1, 0, 4, 3], "texture": "#0"},
				"south": {"uv": [0, 0, 6.5, 3], "texture": "#0"},
				"west": {"uv": [0, 0, 3, 3], "texture": "#0"},
				"up": {"uv": [0, 1, 6.78, 5.69], "rotation": 90, "texture": "#0"},
				"down": {"uv": [0, 1, 3, 7.5], "rotation": 270, "texture": "#0"}
			}
		},
		{
			"from": [20.26, 0.5282, 4.61],
			"to": [24.95, 8.5282, 11.39],
			"rotation": {"angle": 22.5, "axis": "y", "origin": [8, 1.5, 8]},
			"faces": {
				"north": {"uv": [0, 0, 6.5, 3], "texture": "#0"},
				"east": {"uv": [13, 0, 16, 3], "texture": "#0"},
				"south": {"uv": [0, 0, 6.5, 3], "texture": "#0"},
				"west": {"uv": [0, 0, 3, 3], "texture": "#0"},
				"up": {"uv": [0, 0, 6.78, 4.69], "rotation": 90, "texture": "#0"},
				"down": {"uv": [0, 0, 3, 6.5], "rotation": 270, "texture": "#0"}
			}
		},
		{
			"from": [-8.95, 0.37, 4.61],
			"to": [-4.26, 8.37, 11.39],
			"rotation": {"angle": 0, "axis": "y", "origin": [8, 1.5, 8]},
			"faces": {
				"north": {"uv": [1, 0, 7.5, 3], "texture": "#0"},
				"east": {"uv": [1, 0, 4, 3], "texture": "#0"},
				"south": {"uv": [1, 0, 7.5, 3], "texture": "#0"},
				"west": {"uv": [0, 0, 3, 3], "texture": "#0"},
				"up": {"uv": [0, 1, 6.78, 5.69], "rotation": 90, "texture": "#0"},
				"down": {"uv": [0, 1, 3, 7.5], "rotation": 270, "texture": "#0"}
			}
		},
		{
			"from": [20.26, 0.5508, 4.61],
			"to": [24.95, 8.5508, 11.39],
			"rotation": {"angle": 0, "axis": "y", "origin": [8, 1.5, 8]},
			"faces": {
				"north": {"uv": [0, 0, 6.5, 3], "texture": "#0"},
				"east": {"uv": [13, 0, 16, 3], "texture": "#0"},
				"south": {"uv": [0, 0, 6.5, 3], "texture": "#0"},
				"west": {"uv": [0, 0, 3, 3], "texture": "#0"},
				"up": {"uv": [0, 0, 6.78, 4.69], "rotation": 90, "texture": "#0"},
				"down": {"uv": [0, 0, 3, 6.5], "rotation": 270, "texture": "#0"}
			}
		},
		{
			"from": [-8.95, 0.3926, 4.61],
			"to": [-4.26, 8.3926, 11.39],
			"rotation": {"angle": -22.5, "axis": "y", "origin": [8, 1.5, 8]},
			"faces": {
				"north": {"uv": [1, 0, 7.5, 3], "texture": "#0"},
				"east": {"uv": [1, 0, 4, 3], "texture": "#0"},
				"south": {"uv": [1, 0, 7.5, 3], "texture": "#0"},
				"west": {"uv": [0, 0, 3, 3], "texture": "#0"},
				"up": {"uv": [0, 1, 6.78, 5.69], "rotation": 90, "texture": "#0"},
				"down": {"uv": [0, 1, 3, 7.5], "rotation": 270, "texture": "#0"}
			}
		},
		{
			"from": [20.26, 0.5734, 4.61],
			"to": [24.95, 8.5734, 11.39],
			"rotation": {"angle": -22.5, "axis": "y", "origin": [8, 1.5, 8]},
			"faces": {
				"north": {"uv": [0, 0, 6.5, 3], "texture": "#0"},
				"east": {"uv": [13, 0, 16, 3], "texture": "#0"},
				"south": {"uv": [0, 0, 6.5, 3], "texture": "#0"},
				"west": {"uv": [0, 0, 3, 3], "texture": "#0"},
				"up": {"uv": [0, 0, 6.78, 4.69], "rotation": 90, "texture": "#0"},
				"down": {"uv": [0, 0, 3, 6.5], "rotation": 270, "texture": "#0"}
			}
		},
		{
			"from": [-8.95, 0.4152, 4.61],
			"to": [-4.26, 8.4152, 11.39],
			"rotation": {"angle": -45, "axis": "y", "origin": [8, 1.5, 8]},
			"faces": {
				"north": {"uv": [1, 0, 7.5, 3], "texture": "#0"},
				"east": {"uv": [1, 0, 4, 3], "texture": "#0"},
				"south": {"uv": [1, 0, 7.5, 3], "texture": "#0"},
				"west": {"uv": [0, 0, 3, 3], "texture": "#0"},
				"up": {"uv": [0, 1, 6.78, 5.69], "rotation": 90, "texture": "#0"},
				"down": {"uv": [0, 1, 3, 7.5], "rotation": 270, "texture": "#0"}
			}
		},
		{
			"from": [20.26, 0.596, 4.61],
			"to": [24.95, 8.596, 11.39],
			"rotation": {"angle": -45, "axis": "y", "origin": [8, 1.5, 8]},
			"faces": {
				"north": {"uv": [0, 0, 6.5, 3], "texture": "#0"},
				"east": {"uv": [13, 0, 16, 3], "texture": "#0"},
				"south": {"uv": [0, 0, 6.5, 3], "texture": "#0"},
				"west": {"uv": [0, 0, 3, 3], "texture": "#0"},
				"up": {"uv": [0, 0, 6.78, 4.69], "rotation": 90, "texture": "#0"},
				"down": {"uv": [0, 0, 3, 6.5], "rotation": 270, "texture": "#0"}
			}
		},
		{
			"from": [4.61, 0.6186, 20.26],
			"to": [11.39, 8.6186, 24.95],
			"rotation": {"angle": 22.5, "axis": "y", "origin": [8, 1.5, 8]},
			"faces": {
				"north": {"uv": [0, 0, 3, 3], "texture": "#0"},
				"east": {"uv": [0, 0, 6.5, 3], "texture": "#0"},
				"south": {"uv": [13, 0, 16, 3], "texture": "#0"},
				"west": {"uv": [0, 0, 6.5, 3], "texture": "#0"},
				"up": {"uv": [0, 0, 6.78, 4.69], "rotation": 180, "texture": "#0"},
				"down": {"uv": [0, 0, 3, 6.5], "rotation": 180, "texture": "#0"}
			}
		},
		{
			"name": "carpet",
			"from": [-4, 0, -2],
			"to": [20, 2, 18],
			"faces": {
				"north": {"uv": [0, 0, 16, 2], "texture": "#2"},
				"east": {"uv": [0, 0, 16, 2], "texture": "#2"},
				"south": {"uv": [0, 0, 16, 2], "texture": "#2"},
				"west": {"uv": [0, 0, 16, 2], "texture": "#2"},
				"up": {"uv": [0, 0, 16, 16], "texture": "#2"},
				"down": {"uv": [0, 0, 16, 16], "texture": "#2"}
			}
		},
		{
			"from": [5.288, -5.5622, -5.56],
			"to": [10.712, -2.5622, 6.192],
			"rotation": {"angle": 22.5, "axis": "y", "origin": [8, -4.5, 8]},
			"faces": {
				"north": {"uv": [13, 0, 16, 3], "texture": "#0"},
				"east": {"uv": [1, 0, 7.5, 3], "texture": "#0"},
				"south": {"uv": [1, 0, 4, 3], "texture": "#0"},
				"west": {"uv": [1, 0, 7.5, 3], "texture": "#0"},
				"up": {"uv": [0, 1, 3, 7.5], "rotation": 180, "texture": "#0"},
				"down": {"uv": [0, 1, 5.424, 12.752], "rotation": 180, "texture": "#0"}
			}
		},
		{
			"from": [5.288, -5.5396, -5.56],
			"to": [10.712, -2.5396, 6.192],
			"rotation": {"angle": 0, "axis": "y", "origin": [8, -4.5, 8]},
			"faces": {
				"north": {"uv": [1, 0, 4, 3], "texture": "#0"},
				"east": {"uv": [0, 0, 6.5, 3], "texture": "#0"},
				"south": {"uv": [0, 0, 3, 3], "texture": "#0"},
				"west": {"uv": [0, 0, 6.5, 3], "texture": "#0"},
				"up": {"uv": [0, 0, 3, 6.5], "texture": "#0"},
				"down": {"uv": [0, 0, 5.424, 11.752], "texture": "#0"}
			}
		},
		{
			"from": [5.288, -5.3588, 9.808],
			"to": [10.712, -2.3588, 21.56],
			"rotation": {"angle": 0, "axis": "y", "origin": [8, -4.5, 8]},
			"faces": {
				"north": {"uv": [1, 0, 4, 3], "texture": "#0"},
				"east": {"uv": [1, 0, 7.5, 3], "texture": "#0"},
				"south": {"uv": [1, 0, 4, 3], "texture": "#0"},
				"west": {"uv": [1, 0, 7.5, 3], "texture": "#0"},
				"up": {"uv": [0, 1, 3, 7.5], "texture": "#0"},
				"down": {"uv": [0, 1, 5.424, 12.752], "texture": "#0"}
			}
		},
		{
			"from": [5.288, -5.3362, 9.808],
			"to": [10.712, -2.3362, 21.56],
			"rotation": {"angle": -22.5, "axis": "y", "origin": [8, -4.5, 8]},
			"faces": {
				"north": {"uv": [1, 0, 4, 3], "texture": "#0"},
				"east": {"uv": [1, 0, 7.5, 3], "texture": "#0"},
				"south": {"uv": [0, 0, 3, 3], "texture": "#0"},
				"west": {"uv": [1, 0, 7.5, 3], "texture": "#0"},
				"up": {"uv": [0, 1, 3, 7.5], "texture": "#0"},
				"down": {"uv": [0, 1, 5.424, 12.752], "texture": "#0"}
			}
		},
		{
			"from": [5.288, -5.517, -5.56],
			"to": [10.712, -2.517, 6.192],
			"rotation": {"angle": -22.5, "axis": "y", "origin": [8, -4.5, 8]},
			"faces": {
				"north": {"uv": [0, 0, 3, 3], "texture": "#0"},
				"east": {"uv": [0, 0, 6.5, 3], "texture": "#0"},
				"south": {"uv": [0, 0, 3, 3], "texture": "#0"},
				"west": {"uv": [0, 0, 6.5, 3], "texture": "#0"},
				"up": {"uv": [0, 0, 3, 6.5], "texture": "#0"},
				"down": {"uv": [0, 0, 5.424, 11.752], "texture": "#0"}
			}
		},
		{
			"from": [5.288, -5.3136, 9.808],
			"to": [10.712, -2.3136, 21.56],
			"rotation": {"angle": -45, "axis": "y", "origin": [8, -4.5, 8]},
			"faces": {
				"north": {"uv": [1, 0, 4, 3], "texture": "#0"},
				"east": {"uv": [1, 0, 7.5, 3], "texture": "#0"},
				"south": {"uv": [0, 0, 3, 3], "texture": "#0"},
				"west": {"uv": [1, 0, 7.5, 3], "texture": "#0"},
				"up": {"uv": [0, 1, 3, 7.5], "texture": "#0"},
				"down": {"uv": [0, 1, 5.424, 12.752], "texture": "#0"}
			}
		},
		{
			"from": [5.288, -5.4944, -5.56],
			"to": [10.712, -2.4944, 6.192],
			"rotation": {"angle": -45, "axis": "y", "origin": [8, -4.5, 8]},
			"faces": {
				"north": {"uv": [13, 0, 16, 3], "texture": "#0"},
				"east": {"uv": [0, 0, 6.5, 3], "texture": "#0"},
				"south": {"uv": [0, 0, 3, 3], "texture": "#0"},
				"west": {"uv": [0, 0, 6.5, 3], "texture": "#0"},
				"up": {"uv": [0, 0, 3, 6.5], "texture": "#0"},
				"down": {"uv": [0, 0, 5.424, 11.752], "texture": "#0"}
			}
		},
		{
			"from": [-5.56, -5.291, 5.288],
			"to": [6.192, -2.291, 10.712],
			"rotation": {"angle": 22.5, "axis": "y", "origin": [8, -4.5, 8]},
			"faces": {
				"north": {"uv": [1, 0, 7.5, 3], "texture": "#0"},
				"east": {"uv": [1, 0, 4, 3], "texture": "#0"},
				"south": {"uv": [0, 0, 6.5, 3], "texture": "#0"},
				"west": {"uv": [0, 0, 3, 3], "texture": "#0"},
				"up": {"uv": [0, 1, 3, 7.5], "rotation": 90, "texture": "#0"},
				"down": {"uv": [0, 1, 5.424, 12.752], "rotation": 270, "texture": "#0"}
			}
		},
		{
			"from": [9.808, -5.4718, 5.288],
			"to": [21.56, -2.4718, 10.712],
			"rotation": {"angle": 22.5, "axis": "y", "origin": [8, -4.5, 8]},
			"faces": {
				"north": {"uv": [0, 0, 6.5, 3], "texture": "#0"},
				"east": {"uv": [13, 0, 16, 3], "texture": "#0"},
				"south": {"uv": [0, 0, 6.5, 3], "texture": "#0"},
				"west": {"uv": [0, 0, 3, 3], "texture": "#0"},
				"up": {"uv": [0, 0, 3, 6.5], "rotation": 90, "texture": "#0"},
				"down": {"uv": [0, 0, 5.424, 11.752], "rotation": 270, "texture": "#0"}
			}
		},
		{
			"from": [-5.56, -5.63, 5.288],
			"to": [6.192, -2.63, 10.712],
			"rotation": {"angle": 0, "axis": "y", "origin": [8, -4.5, 8]},
			"faces": {
				"north": {"uv": [1, 0, 7.5, 3], "texture": "#0"},
				"east": {"uv": [1, 0, 4, 3], "texture": "#0"},
				"south": {"uv": [1, 0, 7.5, 3], "texture": "#0"},
				"west": {"uv": [0, 0, 3, 3], "texture": "#0"},
				"up": {"uv": [0, 1, 3, 7.5], "rotation": 90, "texture": "#0"},
				"down": {"uv": [0, 1, 5.424, 12.752], "rotation": 270, "texture": "#0"}
			}
		},
		{
			"from": [9.808, -5.4492, 5.288],
			"to": [21.56, -2.4492, 10.712],
			"rotation": {"angle": 0, "axis": "y", "origin": [8, -4.5, 8]},
			"faces": {
				"north": {"uv": [0, 0, 6.5, 3], "texture": "#0"},
				"east": {"uv": [13, 0, 16, 3], "texture": "#0"},
				"south": {"uv": [0, 0, 6.5, 3], "texture": "#0"},
				"west": {"uv": [0, 0, 3, 3], "texture": "#0"},
				"up": {"uv": [0, 0, 3, 6.5], "rotation": 90, "texture": "#0"},
				"down": {"uv": [0, 0, 5.424, 11.752], "rotation": 270, "texture": "#0"}
			}
		},
		{
			"from": [-5.56, -5.6074, 5.288],
			"to": [6.192, -2.6074, 10.712],
			"rotation": {"angle": -22.5, "axis": "y", "origin": [8, -4.5, 8]},
			"faces": {
				"north": {"uv": [1, 0, 7.5, 3], "texture": "#0"},
				"east": {"uv": [1, 0, 4, 3], "texture": "#0"},
				"south": {"uv": [1, 0, 7.5, 3], "texture": "#0"},
				"west": {"uv": [0, 0, 3, 3], "texture": "#0"},
				"up": {"uv": [0, 1, 3, 7.5], "rotation": 90, "texture": "#0"},
				"down": {"uv": [0, 1, 5.424, 12.752], "rotation": 270, "texture": "#0"}
			}
		},
		{
			"from": [9.808, -5.4266, 5.288],
			"to": [21.56, -2.4266, 10.712],
			"rotation": {"angle": -22.5, "axis": "y", "origin": [8, -4.5, 8]},
			"faces": {
				"north": {"uv": [0, 0, 6.5, 3], "texture": "#0"},
				"east": {"uv": [13, 0, 16, 3], "texture": "#0"},
				"south": {"uv": [0, 0, 6.5, 3], "texture": "#0"},
				"west": {"uv": [0, 0, 3, 3], "texture": "#0"},
				"up": {"uv": [0, 0, 3, 6.5], "rotation": 90, "texture": "#0"},
				"down": {"uv": [0, 0, 5.424, 11.752], "rotation": 270, "texture": "#0"}
			}
		},
		{
			"from": [-5.56, -5.5848, 5.288],
			"to": [6.192, -2.5848, 10.712],
			"rotation": {"angle": -45, "axis": "y", "origin": [8, -4.5, 8]},
			"faces": {
				"north": {"uv": [1, 0, 7.5, 3], "texture": "#0"},
				"east": {"uv": [1, 0, 4, 3], "texture": "#0"},
				"south": {"uv": [1, 0, 7.5, 3], "texture": "#0"},
				"west": {"uv": [0, 0, 3, 3], "texture": "#0"},
				"up": {"uv": [0, 1, 3, 7.5], "rotation": 90, "texture": "#0"},
				"down": {"uv": [0, 1, 5.424, 12.752], "rotation": 270, "texture": "#0"}
			}
		},
		{
			"from": [9.808, -5.404, 5.288],
			"to": [21.56, -2.404, 10.712],
			"rotation": {"angle": -45, "axis": "y", "origin": [8, -4.5, 8]},
			"faces": {
				"north": {"uv": [0, 0, 6.5, 3], "texture": "#0"},
				"east": {"uv": [13, 0, 16, 3], "texture": "#0"},
				"south": {"uv": [0, 0, 6.5, 3], "texture": "#0"},
				"west": {"uv": [0, 0, 3, 3], "texture": "#0"},
				"up": {"uv": [0, 0, 3, 6.5], "rotation": 90, "texture": "#0"},
				"down": {"uv": [0, 0, 5.424, 11.752], "rotation": 270, "texture": "#0"}
			}
		},
		{
			"from": [5.288, -5.3814, 9.808],
			"to": [10.712, -2.3814, 21.56],
			"rotation": {"angle": 22.5, "axis": "y", "origin": [8, -4.5, 8]},
			"faces": {
				"north": {"uv": [0, 0, 3, 3], "texture": "#0"},
				"east": {"uv": [0, 0, 6.5, 3], "texture": "#0"},
				"south": {"uv": [13, 0, 16, 3], "texture": "#0"},
				"west": {"uv": [0, 0, 6.5, 3], "texture": "#0"},
				"up": {"uv": [0, 0, 3, 6.5], "rotation": 180, "texture": "#0"},
				"down": {"uv": [0, 0, 5.424, 11.752], "rotation": 180, "texture": "#0"}
			}
		},
		{
			"from": [5.288, -8.5622, -5.56],
			"to": [10.712, -5.5622, 6.192],
			"rotation": {"angle": 22.5, "axis": "y", "origin": [8, -7.5, 8]},
			"faces": {
				"north": {"uv": [0, 0, 3, 3], "texture": "#9"},
				"east": {"uv": [1, 0, 7.5, 3], "texture": "#9"},
				"south": {"uv": [1, 0, 4, 3], "texture": "#9"},
				"west": {"uv": [1, 0, 7.5, 3], "texture": "#9"},
				"up": {"uv": [0, 1, 3, 7.5], "rotation": 180, "texture": "#9"},
				"down": {"uv": [0, 1, 5.424, 12.752], "rotation": 180, "texture": "#9"}
			}
		},
		{
			"from": [5.288, -8.5396, -5.56],
			"to": [10.712, -5.5396, 6.192],
			"rotation": {"angle": 0, "axis": "y", "origin": [8, -7.5, 8]},
			"faces": {
				"north": {"uv": [0, 0, 3, 3], "texture": "#8"},
				"east": {"uv": [0, 0, 6.5, 3], "texture": "#8"},
				"south": {"uv": [0, 0, 3, 3], "texture": "#8"},
				"west": {"uv": [0, 0, 6.5, 3], "texture": "#8"},
				"up": {"uv": [0, 0, 3, 6.5], "texture": "#8"},
				"down": {"uv": [0, 0, 5.424, 11.752], "texture": "#8"}
			}
		},
		{
			"from": [5.288, -8.3588, 9.808],
			"to": [10.712, -5.3588, 21.56],
			"rotation": {"angle": 0, "axis": "y", "origin": [8, -7.5, 8]},
			"faces": {
				"north": {"uv": [1, 0, 4, 3], "texture": "#8"},
				"east": {"uv": [1, 0, 7.5, 3], "texture": "#8"},
				"south": {"uv": [0, 0, 3, 3], "texture": "#8"},
				"west": {"uv": [1, 0, 7.5, 3], "texture": "#8"},
				"up": {"uv": [0, 1, 3, 7.5], "texture": "#8"},
				"down": {"uv": [0, 1, 5.424, 12.752], "texture": "#8"}
			}
		},
		{
			"from": [5.288, -8.3362, 9.808],
			"to": [10.712, -5.3362, 21.56],
			"rotation": {"angle": -22.5, "axis": "y", "origin": [8, -7.5, 8]},
			"faces": {
				"north": {"uv": [1, 0, 4, 3], "texture": "#9"},
				"east": {"uv": [1, 0, 7.5, 3], "texture": "#9"},
				"south": {"uv": [0, 0, 3, 3], "texture": "#9"},
				"west": {"uv": [1, 0, 7.5, 3], "texture": "#9"},
				"up": {"uv": [0, 1, 3, 7.5], "texture": "#9"},
				"down": {"uv": [0, 1, 5.424, 12.752], "texture": "#9"}
			}
		},
		{
			"from": [5.288, -8.517, -5.56],
			"to": [10.712, -5.517, 6.192],
			"rotation": {"angle": -22.5, "axis": "y", "origin": [8, -7.5, 8]},
			"faces": {
				"north": {"uv": [0, 0, 3, 3], "texture": "#9"},
				"east": {"uv": [0, 0, 6.5, 3], "texture": "#9"},
				"south": {"uv": [0, 0, 3, 3], "texture": "#9"},
				"west": {"uv": [0, 0, 6.5, 3], "texture": "#9"},
				"up": {"uv": [0, 0, 3, 6.5], "texture": "#9"},
				"down": {"uv": [0, 0, 5.424, 11.752], "texture": "#9"}
			}
		},
		{
			"from": [5.288, -8.3136, 9.808],
			"to": [10.712, -5.3136, 21.56],
			"rotation": {"angle": -45, "axis": "y", "origin": [8, -7.5, 8]},
			"faces": {
				"north": {"uv": [1, 0, 4, 3], "texture": "#8"},
				"east": {"uv": [1, 0, 7.5, 3], "texture": "#8"},
				"south": {"uv": [0, 0, 3, 3], "texture": "#8"},
				"west": {"uv": [1, 0, 7.5, 3], "texture": "#8"},
				"up": {"uv": [0, 1, 3, 7.5], "texture": "#8"},
				"down": {"uv": [0, 1, 5.424, 12.752], "texture": "#8"}
			}
		},
		{
			"from": [5.288, -8.4944, -5.56],
			"to": [10.712, -5.4944, 6.192],
			"rotation": {"angle": -45, "axis": "y", "origin": [8, -7.5, 8]},
			"faces": {
				"north": {"uv": [0, 0, 3, 3], "texture": "#8"},
				"east": {"uv": [0, 0, 6.5, 3], "texture": "#8"},
				"south": {"uv": [0, 0, 3, 3], "texture": "#8"},
				"west": {"uv": [0, 0, 6.5, 3], "texture": "#8"},
				"up": {"uv": [0, 0, 3, 6.5], "texture": "#8"},
				"down": {"uv": [0, 0, 5.424, 11.752], "texture": "#8"}
			}
		},
		{
			"from": [-5.56, -8.291, 5.288],
			"to": [6.192, -5.291, 10.712],
			"rotation": {"angle": 22.5, "axis": "y", "origin": [8, -7.5, 8]},
			"faces": {
				"north": {"uv": [1, 0, 7.5, 3], "texture": "#9"},
				"east": {"uv": [1, 0, 4, 3], "texture": "#9"},
				"south": {"uv": [0, 0, 6.5, 3], "texture": "#9"},
				"west": {"uv": [0, 0, 3, 3], "texture": "#9"},
				"up": {"uv": [0, 1, 3, 7.5], "rotation": 90, "texture": "#9"},
				"down": {"uv": [0, 1, 5.424, 12.752], "rotation": 270, "texture": "#9"}
			}
		},
		{
			"from": [9.808, -8.4718, 5.288],
			"to": [21.56, -5.4718, 10.712],
			"rotation": {"angle": 22.5, "axis": "y", "origin": [8, -7.5, 8]},
			"faces": {
				"north": {"uv": [0, 0, 6.5, 3], "texture": "#9"},
				"east": {"uv": [0, 0, 3, 3], "texture": "#9"},
				"south": {"uv": [0, 0, 6.5, 3], "texture": "#9"},
				"west": {"uv": [0, 0, 3, 3], "texture": "#9"},
				"up": {"uv": [0, 0, 3, 6.5], "rotation": 90, "texture": "#9"},
				"down": {"uv": [0, 0, 5.424, 11.752], "rotation": 270, "texture": "#9"}
			}
		},
		{
			"from": [-5.56, -8.63, 5.288],
			"to": [6.192, -5.63, 10.712],
			"rotation": {"angle": 0, "axis": "y", "origin": [8, -7.5, 8]},
			"faces": {
				"north": {"uv": [1, 0, 7.5, 3], "texture": "#8"},
				"east": {"uv": [1, 0, 4, 3], "texture": "#8"},
				"south": {"uv": [1, 0, 7.5, 3], "texture": "#8"},
				"west": {"uv": [0, 0, 3, 3], "texture": "#8"},
				"up": {"uv": [0, 1, 3, 7.5], "rotation": 90, "texture": "#8"},
				"down": {"uv": [0, 1, 5.424, 12.752], "rotation": 270, "texture": "#8"}
			}
		},
		{
			"from": [9.808, -8.4492, 5.288],
			"to": [21.56, -5.4492, 10.712],
			"rotation": {"angle": 0, "axis": "y", "origin": [8, -7.5, 8]},
			"faces": {
				"north": {"uv": [0, 0, 6.5, 3], "texture": "#8"},
				"east": {"uv": [0, 0, 3, 3], "texture": "#8"},
				"south": {"uv": [0, 0, 6.5, 3], "texture": "#8"},
				"west": {"uv": [0, 0, 3, 3], "texture": "#8"},
				"up": {"uv": [0, 0, 3, 6.5], "rotation": 90, "texture": "#8"},
				"down": {"uv": [0, 0, 5.424, 11.752], "rotation": 270, "texture": "#8"}
			}
		},
		{
			"from": [-5.56, -8.6074, 5.288],
			"to": [6.192, -5.6074, 10.712],
			"rotation": {"angle": -22.5, "axis": "y", "origin": [8, -7.5, 8]},
			"faces": {
				"north": {"uv": [1, 0, 7.5, 3], "texture": "#9"},
				"east": {"uv": [1, 0, 4, 3], "texture": "#9"},
				"south": {"uv": [1, 0, 7.5, 3], "texture": "#9"},
				"west": {"uv": [0, 0, 3, 3], "texture": "#9"},
				"up": {"uv": [0, 1, 3, 7.5], "rotation": 90, "texture": "#9"},
				"down": {"uv": [0, 1, 5.424, 12.752], "rotation": 270, "texture": "#9"}
			}
		},
		{
			"from": [9.808, -8.4266, 5.288],
			"to": [21.56, -5.4266, 10.712],
			"rotation": {"angle": -22.5, "axis": "y", "origin": [8, -7.5, 8]},
			"faces": {
				"north": {"uv": [0, 0, 6.5, 3], "texture": "#9"},
				"east": {"uv": [0, 0, 3, 3], "texture": "#9"},
				"south": {"uv": [0, 0, 6.5, 3], "texture": "#9"},
				"west": {"uv": [0, 0, 3, 3], "texture": "#9"},
				"up": {"uv": [0, 0, 3, 6.5], "rotation": 90, "texture": "#9"},
				"down": {"uv": [0, 0, 5.424, 11.752], "rotation": 270, "texture": "#9"}
			}
		},
		{
			"from": [-5.56, -8.5848, 5.288],
			"to": [6.192, -5.5848, 10.712],
			"rotation": {"angle": -45, "axis": "y", "origin": [8, -7.5, 8]},
			"faces": {
				"north": {"uv": [1, 0, 7.5, 3], "texture": "#8"},
				"east": {"uv": [1, 0, 4, 3], "texture": "#8"},
				"south": {"uv": [1, 0, 7.5, 3], "texture": "#8"},
				"west": {"uv": [0, 0, 3, 3], "texture": "#8"},
				"up": {"uv": [0, 1, 3, 7.5], "rotation": 90, "texture": "#8"},
				"down": {"uv": [0, 1, 5.424, 12.752], "rotation": 270, "texture": "#8"}
			}
		},
		{
			"from": [9.808, -8.404, 5.288],
			"to": [21.56, -5.404, 10.712],
			"rotation": {"angle": -45, "axis": "y", "origin": [8, -7.5, 8]},
			"faces": {
				"north": {"uv": [0, 0, 6.5, 3], "texture": "#8"},
				"east": {"uv": [0, 0, 3, 3], "texture": "#8"},
				"south": {"uv": [0, 0, 6.5, 3], "texture": "#8"},
				"west": {"uv": [0, 0, 3, 3], "texture": "#8"},
				"up": {"uv": [0, 0, 3, 6.5], "rotation": 90, "texture": "#8"},
				"down": {"uv": [0, 0, 5.424, 11.752], "rotation": 270, "texture": "#8"}
			}
		},
		{
			"from": [5.288, -8.3814, 9.808],
			"to": [10.712, -5.3814, 21.56],
			"rotation": {"angle": 22.5, "axis": "y", "origin": [8, -7.5, 8]},
			"faces": {
				"north": {"uv": [0, 0, 3, 3], "texture": "#9"},
				"east": {"uv": [0, 0, 6.5, 3], "texture": "#9"},
				"south": {"uv": [0, 0, 3, 3], "texture": "#9"},
				"west": {"uv": [0, 0, 6.5, 3], "texture": "#9"},
				"up": {"uv": [0, 0, 3, 6.5], "rotation": 180, "texture": "#9"},
				"down": {"uv": [0, 0, 5.424, 11.752], "rotation": 180, "texture": "#9"}
			}
		},
		{
			"from": [6.15584, -10.5622, -1.2208],
			"to": [9.84416, -8.5622, 6.77056],
			"rotation": {"angle": 22.5, "axis": "y", "origin": [8, -10.5, 8]},
			"faces": {
				"north": {"uv": [0, 0, 3, 3], "texture": "#0"},
				"east": {"uv": [1, 0, 7.5, 3], "texture": "#0"},
				"south": {"uv": [1, 0, 4, 3], "texture": "#0"},
				"west": {"uv": [1, 0, 7.5, 3], "texture": "#0"},
				"up": {"uv": [0, 1, 3, 7.5], "rotation": 180, "texture": "#0"},
				"down": {"uv": [0, 1, 5.424, 12.752], "rotation": 180, "texture": "#0"}
			}
		},
		{
			"from": [-1.2208, -11.5848, 6.15584],
			"to": [6.77056, -10.5848, 9.84416],
			"rotation": {"angle": -45, "axis": "y", "origin": [8, -16.5, 8]},
			"faces": {
				"north": {"uv": [1, 0, 7.5, 3], "texture": "#8"},
				"east": {"uv": [1, 0, 4, 3], "texture": "#8"},
				"south": {"uv": [1, 0, 7.5, 3], "texture": "#8"},
				"west": {"uv": [0, 0, 3, 3], "texture": "#8"},
				"up": {"uv": [0, 1, 3, 7.5], "rotation": 90, "texture": "#8"},
				"down": {"uv": [0, 1, 5.424, 12.752], "rotation": 270, "texture": "#8"}
			}
		},
		{
			"from": [-1.2208, -11.63, 6.15584],
			"to": [6.77056, -10.63, 9.84416],
			"rotation": {"angle": 0, "axis": "y", "origin": [8, -16.5, 8]},
			"faces": {
				"north": {"uv": [1, 0, 7.5, 3], "texture": "#8"},
				"east": {"uv": [1, 0, 4, 3], "texture": "#8"},
				"south": {"uv": [1, 0, 7.5, 3], "texture": "#8"},
				"west": {"uv": [0, 0, 3, 3], "texture": "#8"},
				"up": {"uv": [0, 1, 3, 7.5], "rotation": 90, "texture": "#8"},
				"down": {"uv": [0, 1, 5.424, 12.752], "rotation": 270, "texture": "#8"}
			}
		},
		{
			"from": [6.15584, -13.3814, 9.22944],
			"to": [9.84416, -11.3814, 17.2208],
			"rotation": {"angle": 22.5, "axis": "y", "origin": [8, -13.5, 8]},
			"faces": {
				"north": {"uv": [0, 0, 3, 3], "texture": "#0"},
				"east": {"uv": [0, 13, 6.5, 16], "texture": "#0"},
				"south": {"uv": [0, 0, 3, 3], "texture": "#0"},
				"west": {"uv": [0, 0, 6.5, 3], "texture": "#0"},
				"up": {"uv": [0, 0, 3, 6.5], "rotation": 180, "texture": "#0"},
				"down": {"uv": [0, 0, 5.424, 11.752], "rotation": 180, "texture": "#0"}
			}
		},
		{
			"from": [9.22944, -13.404, 6.15584],
			"to": [17.2208, -11.404, 9.84416],
			"rotation": {"angle": -45, "axis": "y", "origin": [8, -13.5, 8]},
			"faces": {
				"north": {"uv": [0, 0, 6.5, 3], "texture": "#0"},
				"east": {"uv": [0, 13, 3, 16], "texture": "#0"},
				"south": {"uv": [0, 0, 6.5, 3], "texture": "#0"},
				"west": {"uv": [0, 0, 3, 3], "texture": "#0"},
				"up": {"uv": [0, 0, 3, 6.5], "rotation": 90, "texture": "#0"},
				"down": {"uv": [0, 0, 5.424, 11.752], "rotation": 270, "texture": "#0"}
			}
		},
		{
			"from": [-1.2208, -13.5848, 6.15584],
			"to": [6.77056, -11.5848, 9.84416],
			"rotation": {"angle": -45, "axis": "y", "origin": [8, -13.5, 8]},
			"faces": {
				"north": {"uv": [1, 0, 7.5, 3], "texture": "#0"},
				"east": {"uv": [1, 0, 4, 3], "texture": "#0"},
				"south": {"uv": [1, 0, 7.5, 3], "texture": "#0"},
				"west": {"uv": [0, 13, 3, 16], "texture": "#0"},
				"up": {"uv": [0, 1, 3, 7.5], "rotation": 90, "texture": "#0"},
				"down": {"uv": [0, 1, 5.424, 12.752], "rotation": 270, "texture": "#0"}
			}
		},
		{
			"from": [9.22944, -13.4266, 6.15584],
			"to": [17.2208, -11.4266, 9.84416],
			"rotation": {"angle": -22.5, "axis": "y", "origin": [8, -13.5, 8]},
			"faces": {
				"north": {"uv": [0, 0, 6.5, 3], "texture": "#0"},
				"east": {"uv": [0, 13, 3, 16], "texture": "#0"},
				"south": {"uv": [0, 0, 6.5, 3], "texture": "#0"},
				"west": {"uv": [0, 0, 3, 3], "texture": "#0"},
				"up": {"uv": [0, 0, 3, 6.5], "rotation": 90, "texture": "#0"},
				"down": {"uv": [0, 0, 5.424, 11.752], "rotation": 270, "texture": "#0"}
			}
		},
		{
			"from": [-1.2208, -13.6074, 6.15584],
			"to": [6.77056, -11.6074, 9.84416],
			"rotation": {"angle": -22.5, "axis": "y", "origin": [8, -13.5, 8]},
			"faces": {
				"north": {"uv": [1, 0, 7.5, 3], "texture": "#0"},
				"east": {"uv": [1, 0, 4, 3], "texture": "#0"},
				"south": {"uv": [1, 0, 7.5, 3], "texture": "#0"},
				"west": {"uv": [0, 13, 3, 16], "texture": "#0"},
				"up": {"uv": [0, 1, 3, 7.5], "rotation": 90, "texture": "#0"},
				"down": {"uv": [0, 1, 5.424, 12.752], "rotation": 270, "texture": "#0"}
			}
		},
		{
			"from": [9.22944, -13.4492, 6.15584],
			"to": [17.2208, -11.4492, 9.84416],
			"rotation": {"angle": 0, "axis": "y", "origin": [8, -13.5, 8]},
			"faces": {
				"north": {"uv": [0, 0, 6.5, 3], "texture": "#0"},
				"east": {"uv": [0, 13, 3, 16], "texture": "#0"},
				"south": {"uv": [0, 0, 6.5, 3], "texture": "#0"},
				"west": {"uv": [0, 0, 3, 3], "texture": "#0"},
				"up": {"uv": [0, 0, 3, 6.5], "rotation": 90, "texture": "#0"},
				"down": {"uv": [0, 0, 5.424, 11.752], "rotation": 270, "texture": "#0"}
			}
		},
		{
			"from": [-1.2208, -13.63, 6.15584],
			"to": [6.77056, -11.63, 9.84416],
			"rotation": {"angle": 0, "axis": "y", "origin": [8, -13.5, 8]},
			"faces": {
				"north": {"uv": [1, 0, 7.5, 3], "texture": "#0"},
				"east": {"uv": [1, 0, 4, 3], "texture": "#0"},
				"south": {"uv": [1, 0, 7.5, 3], "texture": "#0"},
				"west": {"uv": [0, 13, 3, 16], "texture": "#0"},
				"up": {"uv": [0, 1, 3, 7.5], "rotation": 90, "texture": "#0"},
				"down": {"uv": [0, 1, 5.424, 12.752], "rotation": 270, "texture": "#0"}
			}
		},
		{
			"from": [9.22944, -13.4718, 6.15584],
			"to": [17.2208, -11.4718, 9.84416],
			"rotation": {"angle": 22.5, "axis": "y", "origin": [8, -13.5, 8]},
			"faces": {
				"north": {"uv": [0, 13, 6.5, 16], "texture": "#0"},
				"east": {"uv": [0, 0, 3, 3], "texture": "#0"},
				"south": {"uv": [0, 0, 6.5, 3], "texture": "#0"},
				"west": {"uv": [0, 0, 3, 3], "texture": "#0"},
				"up": {"uv": [0, 0, 3, 6.5], "rotation": 90, "texture": "#0"},
				"down": {"uv": [0, 0, 5.424, 11.752], "rotation": 270, "texture": "#0"}
			}
		},
		{
			"from": [-1.2208, -13.291, 6.15584],
			"to": [6.77056, -11.291, 9.84416],
			"rotation": {"angle": 22.5, "axis": "y", "origin": [8, -13.5, 8]},
			"faces": {
				"north": {"uv": [1, 0, 7.5, 3], "texture": "#0"},
				"east": {"uv": [1, 0, 4, 3], "texture": "#0"},
				"south": {"uv": [0, 13, 6.5, 16], "texture": "#0"},
				"west": {"uv": [0, 13, 3, 16], "texture": "#0"},
				"up": {"uv": [0, 1, 3, 7.5], "rotation": 90, "texture": "#0"},
				"down": {"uv": [0, 1, 5.424, 12.752], "rotation": 270, "texture": "#0"}
			}
		},
		{
			"from": [6.15584, -13.4944, -1.2208],
			"to": [9.84416, -11.4944, 6.77056],
			"rotation": {"angle": -45, "axis": "y", "origin": [8, -13.5, 8]},
			"faces": {
				"north": {"uv": [0, 13, 3, 16], "texture": "#0"},
				"east": {"uv": [0, 0, 6.5, 3], "texture": "#0"},
				"south": {"uv": [0, 0, 3, 3], "texture": "#0"},
				"west": {"uv": [0, 0, 6.5, 3], "texture": "#0"},
				"up": {"uv": [0, 0, 3, 6.5], "texture": "#0"},
				"down": {"uv": [0, 0, 5.424, 11.752], "texture": "#0"}
			}
		},
		{
			"from": [6.15584, -13.3136, 9.22944],
			"to": [9.84416, -11.3136, 17.2208],
			"rotation": {"angle": -45, "axis": "y", "origin": [8, -13.5, 8]},
			"faces": {
				"north": {"uv": [1, 0, 4, 3], "texture": "#0"},
				"east": {"uv": [1, 0, 7.5, 3], "texture": "#0"},
				"south": {"uv": [0, 13, 3, 16], "texture": "#0"},
				"west": {"uv": [1, 0, 7.5, 3], "texture": "#0"},
				"up": {"uv": [0, 1, 3, 7.5], "texture": "#0"},
				"down": {"uv": [0, 1, 5.424, 12.752], "texture": "#0"}
			}
		},
		{
			"from": [6.15584, -13.517, -1.2208],
			"to": [9.84416, -11.517, 6.77056],
			"rotation": {"angle": -22.5, "axis": "y", "origin": [8, -13.5, 8]},
			"faces": {
				"north": {"uv": [0, 13, 3, 16], "texture": "#0"},
				"east": {"uv": [0, 0, 6.5, 3], "texture": "#0"},
				"south": {"uv": [0, 0, 3, 3], "texture": "#0"},
				"west": {"uv": [0, 0, 6.5, 3], "texture": "#0"},
				"up": {"uv": [0, 0, 3, 6.5], "texture": "#0"},
				"down": {"uv": [0, 0, 5.424, 11.752], "texture": "#0"}
			}
		},
		{
			"from": [6.15584, -13.3362, 9.22944],
			"to": [9.84416, -11.3362, 17.2208],
			"rotation": {"angle": -22.5, "axis": "y", "origin": [8, -13.5, 8]},
			"faces": {
				"north": {"uv": [1, 0, 4, 3], "texture": "#0"},
				"east": {"uv": [1, 0, 7.5, 3], "texture": "#0"},
				"south": {"uv": [0, 13, 3, 16], "texture": "#0"},
				"west": {"uv": [1, 0, 7.5, 3], "texture": "#0"},
				"up": {"uv": [0, 1, 3, 7.5], "texture": "#0"},
				"down": {"uv": [0, 1, 5.424, 12.752], "texture": "#0"}
			}
		},
		{
			"from": [6.15584, -13.3588, 9.22944],
			"to": [9.84416, -11.3588, 17.2208],
			"rotation": {"angle": 0, "axis": "y", "origin": [8, -13.5, 8]},
			"faces": {
				"north": {"uv": [1, 0, 4, 3], "texture": "#0"},
				"east": {"uv": [1, 0, 7.5, 3], "texture": "#0"},
				"south": {"uv": [0, 13, 3, 16], "texture": "#0"},
				"west": {"uv": [1, 0, 7.5, 3], "texture": "#0"},
				"up": {"uv": [0, 1, 3, 7.5], "texture": "#0"},
				"down": {"uv": [0, 1, 5.424, 12.752], "texture": "#0"}
			}
		},
		{
			"from": [6.15584, -13.5396, -1.2208],
			"to": [9.84416, -11.5396, 6.77056],
			"rotation": {"angle": 0, "axis": "y", "origin": [8, -13.5, 8]},
			"faces": {
				"north": {"uv": [0, 13, 3, 16], "texture": "#0"},
				"east": {"uv": [0, 0, 6.5, 3], "texture": "#0"},
				"south": {"uv": [0, 0, 3, 3], "texture": "#0"},
				"west": {"uv": [0, 0, 6.5, 3], "texture": "#0"},
				"up": {"uv": [0, 0, 3, 6.5], "texture": "#0"},
				"down": {"uv": [0, 0, 5.424, 11.752], "texture": "#0"}
			}
		},
		{
			"from": [6.15584, -13.5622, -1.2208],
			"to": [9.84416, -11.5622, 6.77056],
			"rotation": {"angle": 22.5, "axis": "y", "origin": [8, -13.5, 8]},
			"faces": {
				"north": {"uv": [0, 13, 3, 16], "texture": "#0"},
				"east": {"uv": [1, 0, 7.5, 3], "texture": "#0"},
				"south": {"uv": [1, 0, 4, 3], "texture": "#0"},
				"west": {"uv": [1, 0, 7.5, 3], "texture": "#0"},
				"up": {"uv": [0, 1, 3, 7.5], "rotation": 180, "texture": "#0"},
				"down": {"uv": [0, 1, 5.424, 12.752], "rotation": 180, "texture": "#0"}
			}
		},
		{
			"from": [6.15584, -10.5396, -1.2208],
			"to": [9.84416, -8.5396, 6.77056],
			"rotation": {"angle": 0, "axis": "y", "origin": [8, -10.5, 8]},
			"faces": {
				"north": {"uv": [0, 0, 3, 3], "texture": "#0"},
				"east": {"uv": [0, 0, 6.5, 3], "texture": "#0"},
				"south": {"uv": [0, 0, 3, 3], "texture": "#0"},
				"west": {"uv": [0, 0, 6.5, 3], "texture": "#0"},
				"up": {"uv": [0, 0, 3, 6.5], "texture": "#0"},
				"down": {"uv": [0, 0, 5.424, 11.752], "texture": "#0"}
			}
		},
		{
			"from": [6.15584, -10.3588, 9.22944],
			"to": [9.84416, -8.3588, 17.2208],
			"rotation": {"angle": 0, "axis": "y", "origin": [8, -10.5, 8]},
			"faces": {
				"north": {"uv": [1, 0, 4, 3], "texture": "#0"},
				"east": {"uv": [1, 0, 7.5, 3], "texture": "#0"},
				"south": {"uv": [0, 0, 3, 3], "texture": "#0"},
				"west": {"uv": [1, 0, 7.5, 3], "texture": "#0"},
				"up": {"uv": [0, 1, 3, 7.5], "texture": "#0"},
				"down": {"uv": [0, 1, 5.424, 12.752], "texture": "#0"}
			}
		},
		{
			"from": [6.15584, -10.3362, 9.22944],
			"to": [9.84416, -8.3362, 17.2208],
			"rotation": {"angle": -22.5, "axis": "y", "origin": [8, -10.5, 8]},
			"faces": {
				"north": {"uv": [1, 0, 4, 3], "texture": "#0"},
				"east": {"uv": [1, 0, 7.5, 3], "texture": "#0"},
				"south": {"uv": [0, 0, 3, 3], "texture": "#0"},
				"west": {"uv": [1, 0, 7.5, 3], "texture": "#0"},
				"up": {"uv": [0, 1, 3, 7.5], "texture": "#0"},
				"down": {"uv": [0, 1, 5.424, 12.752], "texture": "#0"}
			}
		},
		{
			"from": [6.15584, -10.517, -1.2208],
			"to": [9.84416, -8.517, 6.77056],
			"rotation": {"angle": -22.5, "axis": "y", "origin": [8, -10.5, 8]},
			"faces": {
				"north": {"uv": [0, 0, 3, 3], "texture": "#0"},
				"east": {"uv": [0, 0, 6.5, 3], "texture": "#0"},
				"south": {"uv": [0, 0, 3, 3], "texture": "#0"},
				"west": {"uv": [0, 0, 6.5, 3], "texture": "#0"},
				"up": {"uv": [0, 0, 3, 6.5], "texture": "#0"},
				"down": {"uv": [0, 0, 5.424, 11.752], "texture": "#0"}
			}
		},
		{
			"from": [6.15584, -10.3136, 9.22944],
			"to": [9.84416, -8.3136, 17.2208],
			"rotation": {"angle": -45, "axis": "y", "origin": [8, -10.5, 8]},
			"faces": {
				"north": {"uv": [1, 0, 4, 3], "texture": "#0"},
				"east": {"uv": [1, 0, 7.5, 3], "texture": "#0"},
				"south": {"uv": [0, 0, 3, 3], "texture": "#0"},
				"west": {"uv": [1, 0, 7.5, 3], "texture": "#0"},
				"up": {"uv": [0, 1, 3, 7.5], "texture": "#0"},
				"down": {"uv": [0, 1, 5.424, 12.752], "texture": "#0"}
			}
		},
		{
			"from": [6.15584, -10.4944, -1.2208],
			"to": [9.84416, -8.4944, 6.77056],
			"rotation": {"angle": -45, "axis": "y", "origin": [8, -10.5, 8]},
			"faces": {
				"north": {"uv": [0, 0, 3, 3], "texture": "#0"},
				"east": {"uv": [0, 0, 6.5, 3], "texture": "#0"},
				"south": {"uv": [0, 0, 3, 3], "texture": "#0"},
				"west": {"uv": [0, 0, 6.5, 3], "texture": "#0"},
				"up": {"uv": [0, 0, 3, 6.5], "texture": "#0"},
				"down": {"uv": [0, 0, 5.424, 11.752], "texture": "#0"}
			}
		},
		{
			"from": [-1.2208, -10.291, 6.15584],
			"to": [6.77056, -8.291, 9.84416],
			"rotation": {"angle": 22.5, "axis": "y", "origin": [8, -10.5, 8]},
			"faces": {
				"north": {"uv": [1, 0, 7.5, 3], "texture": "#0"},
				"east": {"uv": [1, 0, 4, 3], "texture": "#0"},
				"south": {"uv": [0, 0, 6.5, 3], "texture": "#0"},
				"west": {"uv": [0, 0, 3, 3], "texture": "#0"},
				"up": {"uv": [0, 1, 3, 7.5], "rotation": 90, "texture": "#0"},
				"down": {"uv": [0, 1, 5.424, 12.752], "rotation": 270, "texture": "#0"}
			}
		},
		{
			"from": [9.22944, -10.4718, 6.15584],
			"to": [17.2208, -8.4718, 9.84416],
			"rotation": {"angle": 22.5, "axis": "y", "origin": [8, -10.5, 8]},
			"faces": {
				"north": {"uv": [0, 0, 6.5, 3], "texture": "#0"},
				"east": {"uv": [0, 0, 3, 3], "texture": "#0"},
				"south": {"uv": [0, 0, 6.5, 3], "texture": "#0"},
				"west": {"uv": [0, 0, 3, 3], "texture": "#0"},
				"up": {"uv": [0, 0, 3, 6.5], "rotation": 90, "texture": "#0"},
				"down": {"uv": [0, 0, 5.424, 11.752], "rotation": 270, "texture": "#0"}
			}
		},
		{
			"from": [-1.2208, -10.63, 6.15584],
			"to": [6.77056, -8.63, 9.84416],
			"rotation": {"angle": 0, "axis": "y", "origin": [8, -10.5, 8]},
			"faces": {
				"north": {"uv": [1, 0, 7.5, 3], "texture": "#0"},
				"east": {"uv": [1, 0, 4, 3], "texture": "#0"},
				"south": {"uv": [1, 0, 7.5, 3], "texture": "#0"},
				"west": {"uv": [0, 0, 3, 3], "texture": "#0"},
				"up": {"uv": [0, 1, 3, 7.5], "rotation": 90, "texture": "#0"},
				"down": {"uv": [0, 1, 5.424, 12.752], "rotation": 270, "texture": "#0"}
			}
		},
		{
			"from": [9.22944, -10.4492, 6.15584],
			"to": [17.2208, -8.4492, 9.84416],
			"rotation": {"angle": 0, "axis": "y", "origin": [8, -10.5, 8]},
			"faces": {
				"north": {"uv": [0, 0, 6.5, 3], "texture": "#0"},
				"east": {"uv": [0, 0, 3, 3], "texture": "#0"},
				"south": {"uv": [0, 0, 6.5, 3], "texture": "#0"},
				"west": {"uv": [0, 0, 3, 3], "texture": "#0"},
				"up": {"uv": [0, 0, 3, 6.5], "rotation": 90, "texture": "#0"},
				"down": {"uv": [0, 0, 5.424, 11.752], "rotation": 270, "texture": "#0"}
			}
		},
		{
			"from": [-1.2208, -10.6074, 6.15584],
			"to": [6.77056, -8.6074, 9.84416],
			"rotation": {"angle": -22.5, "axis": "y", "origin": [8, -10.5, 8]},
			"faces": {
				"north": {"uv": [1, 0, 7.5, 3], "texture": "#0"},
				"east": {"uv": [1, 0, 4, 3], "texture": "#0"},
				"south": {"uv": [1, 0, 7.5, 3], "texture": "#0"},
				"west": {"uv": [0, 0, 3, 3], "texture": "#0"},
				"up": {"uv": [0, 1, 3, 7.5], "rotation": 90, "texture": "#0"},
				"down": {"uv": [0, 1, 5.424, 12.752], "rotation": 270, "texture": "#0"}
			}
		},
		{
			"from": [9.22944, -10.4266, 6.15584],
			"to": [17.2208, -8.4266, 9.84416],
			"rotation": {"angle": -22.5, "axis": "y", "origin": [8, -10.5, 8]},
			"faces": {
				"north": {"uv": [0, 0, 6.5, 3], "texture": "#0"},
				"east": {"uv": [0, 0, 3, 3], "texture": "#0"},
				"south": {"uv": [0, 0, 6.5, 3], "texture": "#0"},
				"west": {"uv": [0, 0, 3, 3], "texture": "#0"},
				"up": {"uv": [0, 0, 3, 6.5], "rotation": 90, "texture": "#0"},
				"down": {"uv": [0, 0, 5.424, 11.752], "rotation": 270, "texture": "#0"}
			}
		},
		{
			"from": [-1.2208, -10.5848, 6.15584],
			"to": [6.77056, -8.5848, 9.84416],
			"rotation": {"angle": -45, "axis": "y", "origin": [8, -10.5, 8]},
			"faces": {
				"north": {"uv": [1, 0, 7.5, 3], "texture": "#0"},
				"east": {"uv": [1, 0, 4, 3], "texture": "#0"},
				"south": {"uv": [1, 0, 7.5, 3], "texture": "#0"},
				"west": {"uv": [0, 0, 3, 3], "texture": "#0"},
				"up": {"uv": [0, 1, 3, 7.5], "rotation": 90, "texture": "#0"},
				"down": {"uv": [0, 1, 5.424, 12.752], "rotation": 270, "texture": "#0"}
			}
		},
		{
			"from": [9.22944, -10.404, 6.15584],
			"to": [17.2208, -8.404, 9.84416],
			"rotation": {"angle": -45, "axis": "y", "origin": [8, -10.5, 8]},
			"faces": {
				"north": {"uv": [0, 0, 6.5, 3], "texture": "#0"},
				"east": {"uv": [0, 0, 3, 3], "texture": "#0"},
				"south": {"uv": [0, 0, 6.5, 3], "texture": "#0"},
				"west": {"uv": [0, 0, 3, 3], "texture": "#0"},
				"up": {"uv": [0, 0, 3, 6.5], "rotation": 90, "texture": "#0"},
				"down": {"uv": [0, 0, 5.424, 11.752], "rotation": 270, "texture": "#0"}
			}
		},
		{
			"from": [6.15584, -10.3814, 9.22944],
			"to": [9.84416, -8.3814, 17.2208],
			"rotation": {"angle": 22.5, "axis": "y", "origin": [8, -10.5, 8]},
			"faces": {
				"north": {"uv": [0, 0, 3, 3], "texture": "#0"},
				"east": {"uv": [0, 0, 6.5, 3], "texture": "#0"},
				"south": {"uv": [0, 0, 3, 3], "texture": "#0"},
				"west": {"uv": [0, 0, 6.5, 3], "texture": "#0"},
				"up": {"uv": [0, 0, 3, 6.5], "rotation": 180, "texture": "#0"},
				"down": {"uv": [0, 0, 5.424, 11.752], "rotation": 180, "texture": "#0"}
			}
		},
		{
			"from": [6.15584, -11.5622, -1.2208],
			"to": [9.84416, -10.5622, 6.77056],
			"rotation": {"angle": 22.5, "axis": "y", "origin": [8, -12.5, 8]},
			"faces": {
				"north": {"uv": [0, 0, 3, 3], "texture": "#9"},
				"east": {"uv": [1, 0, 7.5, 3], "texture": "#9"},
				"south": {"uv": [1, 0, 4, 3], "texture": "#9"},
				"west": {"uv": [1, 0, 7.5, 3], "texture": "#9"},
				"up": {"uv": [0, 1, 3, 7.5], "rotation": 180, "texture": "#9"},
				"down": {"uv": [0, 1, 5.424, 12.752], "rotation": 180, "texture": "#9"}
			}
		},
		{
			"from": [6.15584, -11.5396, -1.2208],
			"to": [9.84416, -10.5396, 6.77056],
			"rotation": {"angle": 0, "axis": "y", "origin": [8, -12.5, 8]},
			"faces": {
				"north": {"uv": [0, 0, 3, 3], "texture": "#8"},
				"east": {"uv": [0, 0, 6.5, 3], "texture": "#8"},
				"south": {"uv": [0, 0, 3, 3], "texture": "#8"},
				"west": {"uv": [0, 0, 6.5, 3], "texture": "#8"},
				"up": {"uv": [0, 0, 3, 6.5], "texture": "#8"},
				"down": {"uv": [0, 0, 5.424, 11.752], "texture": "#8"}
			}
		},
		{
			"from": [6.15584, -11.3588, 9.22944],
			"to": [9.84416, -10.3588, 17.2208],
			"rotation": {"angle": 0, "axis": "y", "origin": [8, -12.5, 8]},
			"faces": {
				"north": {"uv": [1, 0, 4, 3], "texture": "#8"},
				"east": {"uv": [1, 0, 7.5, 3], "texture": "#8"},
				"south": {"uv": [0, 0, 3, 3], "texture": "#8"},
				"west": {"uv": [1, 0, 7.5, 3], "texture": "#8"},
				"up": {"uv": [0, 1, 3, 7.5], "texture": "#8"},
				"down": {"uv": [0, 1, 5.424, 12.752], "texture": "#8"}
			}
		},
		{
			"from": [6.15584, -11.3362, 9.22944],
			"to": [9.84416, -10.3362, 17.2208],
			"rotation": {"angle": -22.5, "axis": "y", "origin": [8, -12.5, 8]},
			"faces": {
				"north": {"uv": [1, 0, 4, 3], "texture": "#9"},
				"east": {"uv": [1, 0, 7.5, 3], "texture": "#9"},
				"south": {"uv": [0, 0, 3, 3], "texture": "#9"},
				"west": {"uv": [1, 0, 7.5, 3], "texture": "#9"},
				"up": {"uv": [0, 1, 3, 7.5], "texture": "#9"},
				"down": {"uv": [0, 1, 5.424, 12.752], "texture": "#9"}
			}
		},
		{
			"from": [6.15584, -11.517, -1.2208],
			"to": [9.84416, -10.517, 6.77056],
			"rotation": {"angle": -22.5, "axis": "y", "origin": [8, -12.5, 8]},
			"faces": {
				"north": {"uv": [0, 0, 3, 3], "texture": "#9"},
				"east": {"uv": [0, 0, 6.5, 3], "texture": "#9"},
				"south": {"uv": [0, 0, 3, 3], "texture": "#9"},
				"west": {"uv": [0, 0, 6.5, 3], "texture": "#9"},
				"up": {"uv": [0, 0, 3, 6.5], "texture": "#9"},
				"down": {"uv": [0, 0, 5.424, 11.752], "texture": "#9"}
			}
		},
		{
			"from": [6.15584, -11.3136, 9.22944],
			"to": [9.84416, -10.3136, 17.2208],
			"rotation": {"angle": -45, "axis": "y", "origin": [8, -12.5, 8]},
			"faces": {
				"north": {"uv": [1, 0, 4, 3], "texture": "#8"},
				"east": {"uv": [1, 0, 7.5, 3], "texture": "#8"},
				"south": {"uv": [0, 0, 3, 3], "texture": "#8"},
				"west": {"uv": [1, 0, 7.5, 3], "texture": "#8"},
				"up": {"uv": [0, 1, 3, 7.5], "texture": "#8"},
				"down": {"uv": [0, 1, 5.424, 12.752], "texture": "#8"}
			}
		},
		{
			"from": [6.15584, -11.4944, -1.2208],
			"to": [9.84416, -10.4944, 6.77056],
			"rotation": {"angle": -45, "axis": "y", "origin": [8, -12.5, 8]},
			"faces": {
				"north": {"uv": [0, 0, 3, 3], "texture": "#8"},
				"east": {"uv": [0, 0, 6.5, 3], "texture": "#8"},
				"south": {"uv": [0, 0, 3, 3], "texture": "#8"},
				"west": {"uv": [0, 0, 6.5, 3], "texture": "#8"},
				"up": {"uv": [0, 0, 3, 6.5], "texture": "#8"},
				"down": {"uv": [0, 0, 5.424, 11.752], "texture": "#8"}
			}
		},
		{
			"from": [-1.2208, -11.291, 6.15584],
			"to": [6.77056, -10.291, 9.84416],
			"rotation": {"angle": 22.5, "axis": "y", "origin": [8, -12.5, 8]},
			"faces": {
				"north": {"uv": [1, 0, 7.5, 3], "texture": "#9"},
				"east": {"uv": [1, 0, 4, 3], "texture": "#9"},
				"south": {"uv": [0, 0, 6.5, 3], "texture": "#9"},
				"west": {"uv": [0, 0, 3, 3], "texture": "#9"},
				"up": {"uv": [0, 1, 3, 7.5], "rotation": 90, "texture": "#9"},
				"down": {"uv": [0, 1, 5.424, 12.752], "rotation": 270, "texture": "#9"}
			}
		},
		{
			"from": [9.22944, -11.4718, 6.15584],
			"to": [17.2208, -10.4718, 9.84416],
			"rotation": {"angle": 22.5, "axis": "y", "origin": [8, -12.5, 8]},
			"faces": {
				"north": {"uv": [0, 0, 6.5, 3], "texture": "#9"},
				"east": {"uv": [0, 0, 3, 3], "texture": "#9"},
				"south": {"uv": [0, 0, 6.5, 3], "texture": "#9"},
				"west": {"uv": [0, 0, 3, 3], "texture": "#9"},
				"up": {"uv": [0, 0, 3, 6.5], "rotation": 90, "texture": "#9"},
				"down": {"uv": [0, 0, 5.424, 11.752], "rotation": 270, "texture": "#9"}
			}
		},
		{
			"from": [-1.2208, -10.63, 6.15584],
			"to": [6.77056, -10.63, 9.84416],
			"rotation": {"angle": 0, "axis": "y", "origin": [8, -12.5, 8]},
			"faces": {
				"north": {"uv": [1, 0, 7.5, 3], "texture": "#8"},
				"east": {"uv": [1, 0, 4, 3], "texture": "#8"},
				"south": {"uv": [1, 0, 7.5, 3], "texture": "#8"},
				"west": {"uv": [0, 0, 3, 3], "texture": "#8"},
				"up": {"uv": [0, 1, 3, 7.5], "rotation": 90, "texture": "#8"},
				"down": {"uv": [0, 1, 5.424, 12.752], "rotation": 270, "texture": "#8"}
			}
		},
		{
			"from": [9.22944, -11.4492, 6.15584],
			"to": [17.2208, -10.4492, 9.84416],
			"rotation": {"angle": 0, "axis": "y", "origin": [8, -12.5, 8]},
			"faces": {
				"north": {"uv": [0, 0, 6.5, 3], "texture": "#8"},
				"east": {"uv": [0, 0, 3, 3], "texture": "#8"},
				"south": {"uv": [0, 0, 6.5, 3], "texture": "#8"},
				"west": {"uv": [0, 0, 3, 3], "texture": "#8"},
				"up": {"uv": [0, 0, 3, 6.5], "rotation": 90, "texture": "#8"},
				"down": {"uv": [0, 0, 5.424, 11.752], "rotation": 270, "texture": "#8"}
			}
		},
		{
			"from": [-1.2208, -11.6074, 6.15584],
			"to": [6.77056, -10.6074, 9.84416],
			"rotation": {"angle": -22.5, "axis": "y", "origin": [8, -12.5, 8]},
			"faces": {
				"north": {"uv": [1, 0, 7.5, 3], "texture": "#9"},
				"east": {"uv": [1, 0, 4, 3], "texture": "#9"},
				"south": {"uv": [1, 0, 7.5, 3], "texture": "#9"},
				"west": {"uv": [0, 0, 3, 3], "texture": "#9"},
				"up": {"uv": [0, 1, 3, 7.5], "rotation": 90, "texture": "#9"},
				"down": {"uv": [0, 1, 5.424, 12.752], "rotation": 270, "texture": "#9"}
			}
		},
		{
			"from": [9.22944, -11.4266, 6.15584],
			"to": [17.2208, -10.4266, 9.84416],
			"rotation": {"angle": -22.5, "axis": "y", "origin": [8, -12.5, 8]},
			"faces": {
				"north": {"uv": [0, 0, 6.5, 3], "texture": "#9"},
				"east": {"uv": [0, 0, 3, 3], "texture": "#9"},
				"south": {"uv": [0, 0, 6.5, 3], "texture": "#9"},
				"west": {"uv": [0, 0, 3, 3], "texture": "#9"},
				"up": {"uv": [0, 0, 3, 6.5], "rotation": 90, "texture": "#9"},
				"down": {"uv": [0, 0, 5.424, 11.752], "rotation": 270, "texture": "#9"}
			}
		},
		{
			"from": [-1.2208, -10.5848, 6.15584],
			"to": [6.77056, -10.5848, 9.84416],
			"rotation": {"angle": -45, "axis": "y", "origin": [8, -12.5, 8]},
			"faces": {
				"north": {"uv": [1, 0, 7.5, 3], "texture": "#8"},
				"east": {"uv": [1, 0, 4, 3], "texture": "#8"},
				"south": {"uv": [1, 0, 7.5, 3], "texture": "#8"},
				"west": {"uv": [0, 0, 3, 3], "texture": "#8"},
				"up": {"uv": [0, 1, 3, 7.5], "rotation": 90, "texture": "#8"},
				"down": {"uv": [0, 1, 5.424, 12.752], "rotation": 270, "texture": "#8"}
			}
		},
		{
			"from": [9.22944, -11.404, 6.15584],
			"to": [17.2208, -10.404, 9.84416],
			"rotation": {"angle": -45, "axis": "y", "origin": [8, -12.5, 8]},
			"faces": {
				"north": {"uv": [0, 0, 6.5, 3], "texture": "#8"},
				"east": {"uv": [0, 0, 3, 3], "texture": "#8"},
				"south": {"uv": [0, 0, 6.5, 3], "texture": "#8"},
				"west": {"uv": [0, 0, 3, 3], "texture": "#8"},
				"up": {"uv": [0, 0, 3, 6.5], "rotation": 90, "texture": "#8"},
				"down": {"uv": [0, 0, 5.424, 11.752], "rotation": 270, "texture": "#8"}
			}
		},
		{
			"from": [6.15584, -11.3814, 9.22944],
			"to": [9.84416, -10.3814, 17.2208],
			"rotation": {"angle": 22.5, "axis": "y", "origin": [8, -12.5, 8]},
			"faces": {
				"north": {"uv": [0, 0, 3, 3], "texture": "#9"},
				"east": {"uv": [0, 0, 6.5, 3], "texture": "#9"},
				"south": {"uv": [0, 0, 3, 3], "texture": "#9"},
				"west": {"uv": [0, 0, 6.5, 3], "texture": "#9"},
				"up": {"uv": [0, 0, 3, 6.5], "rotation": 180, "texture": "#9"},
				"down": {"uv": [0, 0, 5.424, 11.752], "rotation": 180, "texture": "#9"}
			}
		},
		{
			"from": [4.644, -15, 5.22],
			"to": [11.356, -12.5396, 11.096],
			"rotation": {"angle": 0, "axis": "y", "origin": [8, -10.5, 8]},
			"faces": {
				"north": {"uv": [0, 0, 16, 2.4604], "texture": "#missing"},
				"east": {"uv": [0, 0, 15.876, 2.4604], "texture": "#missing"},
				"south": {"uv": [0, 0, 16, 2.4604], "texture": "#missing"},
				"west": {"uv": [0, 0, 15.876, 2.4604], "texture": "#missing"},
				"up": {"uv": [0, 0, 8.712, 7.876], "texture": "#0"},
				"down": {"uv": [0, 0, 16, 16], "texture": "#11"}
			}
		},
		{
			"from": [11.356, -16, 5.22],
			"to": [12.356, -12.5396, 11.096],
			"rotation": {"angle": 0, "axis": "y", "origin": [8, -10.5, 8]},
			"faces": {
				"north": {"uv": [0, 0, 16, 2.4604], "texture": "#missing"},
				"east": {"uv": [2, 0, 13.876, 2.4604], "texture": "#12"},
				"south": {"uv": [0, 0, 16, 2.4604], "texture": "#missing"},
				"west": {"uv": [0, 0, 15.876, 2.4604], "texture": "#12"},
				"up": {"uv": [0, 0, 8.712, 7.876], "texture": "#0"},
				"down": {"uv": [13, 3, 16, 12.876], "texture": "#10"}
			}
		},
		{
			"from": [3.644, -16, 4.22],
			"to": [12.356, -12.5396, 5.22],
			"rotation": {"angle": 0, "axis": "y", "origin": [8, -10.5, 8]},
			"faces": {
				"north": {"uv": [0, 0, 16, 2.4604], "texture": "#12"},
				"east": {"uv": [13.124, 0, 16, 3.4604], "texture": "#12"},
				"south": {"uv": [0, 0, 16, 3], "texture": "#12"},
				"west": {"uv": [0, 0, 2.876, 2.4604], "texture": "#12"},
				"up": {"uv": [0, 0, 8.712, 7.876], "texture": "#0"},
				"down": {"uv": [0, 13.124, 16, 16], "texture": "#10"}
			}
		},
		{
			"from": [3.644, -16, 11.096],
			"to": [12.356, -12.5396, 12.096],
			"rotation": {"angle": 0, "axis": "y", "origin": [8, -10.5, 8]},
			"faces": {
				"north": {"uv": [0, 0, 16, 2.4604], "texture": "#12"},
				"east": {"uv": [0, 0, 2.876, 2.4604], "texture": "#12"},
				"south": {"uv": [0, 0, 16, 2.4604], "texture": "#12"},
				"west": {"uv": [0, 0, 2.876, 2.4604], "texture": "#12"},
				"up": {"uv": [0, 0, 8.712, 7.876], "texture": "#0"},
				"down": {"uv": [0, 0, 16, 2.876], "texture": "#10"}
			}
		},
		{
			"from": [3.644, -16, 5.22],
			"to": [4.644, -12.5396, 11.096],
			"rotation": {"angle": 0, "axis": "y", "origin": [8, -10.5, 8]},
			"faces": {
				"north": {"uv": [0, 0, 16, 2.4604], "texture": "#missing"},
				"east": {"uv": [0, 0, 15.876, 2.4604], "texture": "#12"},
				"south": {"uv": [0, 0, 16, 2.4604], "texture": "#missing"},
				"west": {"uv": [0, 0, 15.876, 2.4604], "texture": "#12"},
				"up": {"uv": [0, 0, 8.712, 7.876], "texture": "#0"},
				"down": {"uv": [0, 3, 2.712, 12.876], "texture": "#10"}
			}
		},
		{
			"from": [-9.178, -14.6388, -2.0512],
			"to": [-5.822, -11.7008, -0.5908],
			"rotation": {"angle": 22.5, "axis": "x", "origin": [-11.5, -10.1698, 24.579]},
			"faces": {
				"north": {"uv": [0, 0, 8.712, 7.876], "rotation": 180, "texture": "#9"},
				"east": {"uv": [0, 0, 15.876, 2.4604], "rotation": 90, "texture": "#9"},
				"south": {"uv": [0, 0, 16, 16], "texture": "#9"},
				"west": {"uv": [0, 0, 15.876, 2.4604], "rotation": 270, "texture": "#9"},
				"up": {"uv": [0, 0, 16, 2.4604], "texture": "#9"},
				"down": {"uv": [0, 0, 16, 2.4604], "rotation": 180, "texture": "#9"}
			}
		},
		{
			"from": [-9.428, -15.11826, -0.55724],
			"to": [-5.572, -11.68026, 8.90316],
			"rotation": {"angle": 22.5, "axis": "x", "origin": [-11.5, -10.39926, 25.13296]},
			"faces": {
				"north": {"uv": [0, 0, 3.856, 3.438], "rotation": 180, "texture": "#0"},
				"east": {"uv": [0, 0, 3.438, 9.4604], "rotation": 90, "texture": "#0"},
				"south": {"uv": [0, 0, 3.856, 3.438], "texture": "#0"},
				"west": {"uv": [0, 0, 3.438, 9.4604], "rotation": 270, "texture": "#0"},
				"up": {"uv": [12.144, 0, 16, 9.4604], "texture": "#0"},
				"down": {"uv": [12.144, 0, 16, 9.4604], "rotation": 180, "texture": "#0"}
			}
		},
		{
			"from": [-9.178, -14.6388, 8.9488],
			"to": [-5.822, -11.7008, 10.4092],
			"rotation": {"angle": 22.5, "axis": "x", "origin": [-11.5, -10.1698, 24.579]},
			"faces": {
				"north": {"uv": [0, 0, 8.712, 7.876], "rotation": 180, "texture": "#9"},
				"east": {"uv": [0, 0, 15.876, 2.4604], "rotation": 90, "texture": "#9"},
				"south": {"uv": [0, 0, 16, 16], "texture": "#9"},
				"west": {"uv": [0, 0, 15.876, 2.4604], "rotation": 270, "texture": "#9"},
				"up": {"uv": [0, 0, 16, 2.4604], "texture": "#9"},
				"down": {"uv": [0, 0, 16, 2.4604], "rotation": 180, "texture": "#9"}
			}
		},
		{
			"from": [-9.678, -14.6388, 9.9488],
			"to": [-9.178, -11.7008, 13.4092],
			"rotation": {"angle": 22.5, "axis": "x", "origin": [-11.5, -10.1698, 24.579]},
			"faces": {
				"north": {"uv": [0, 0, 0.5, 2.938], "rotation": 180, "texture": "#0"},
				"east": {"uv": [0, 0, 2.938, 3.4604], "rotation": 90, "texture": "#12"},
				"south": {"uv": [0, 3, 0.5, 5.938], "texture": "#10"},
				"west": {"uv": [0, 0, 2.938, 3.4604], "rotation": 270, "texture": "#12"},
				"up": {"uv": [0, 0, 0.5, 3.4604], "texture": "#missing"},
				"down": {"uv": [0, 0, 0.5, 3.4604], "rotation": 180, "texture": "#missing"}
			}
		},
		{
			"from": [-9.678, -11.7008, 9.9488],
			"to": [-5.322, -11.2008, 13.4092],
			"rotation": {"angle": 22.5, "axis": "x", "origin": [-11.5, -10.1698, 24.579]},
			"faces": {
				"north": {"uv": [0, 0, 4.356, 0.5], "rotation": 180, "texture": "#0"},
				"east": {"uv": [0, 0, 0.5, 3.4604], "rotation": 90, "texture": "#12"},
				"south": {"uv": [0, 0, 4.356, 0.5], "texture": "#10"},
				"west": {"uv": [0, 0, 0.5, 3.4604], "rotation": 270, "texture": "#12"},
				"up": {"uv": [0, 0, 4.356, 3.4604], "texture": "#12"},
				"down": {"uv": [0, 0, 4.356, 3.4604], "rotation": 180, "texture": "#12"}
			}
		},
		{
			"from": [-9.178, -14.6388, 9.9488],
			"to": [-5.822, -11.7008, 12.4092],
			"rotation": {"angle": 22.5, "axis": "x", "origin": [-11.5, -10.1698, 24.579]},
			"faces": {
				"north": {"uv": [0, 0, 8.712, 7.876], "rotation": 180, "texture": "#0"},
				"east": {"uv": [0, 0, 15.876, 2.4604], "rotation": 90, "texture": "#missing"},
				"south": {"uv": [0, 0, 16, 16], "texture": "#11"},
				"west": {"uv": [0, 0, 15.876, 2.4604], "rotation": 270, "texture": "#missing"},
				"up": {"uv": [0, 0, 16, 2.4604], "texture": "#missing"},
				"down": {"uv": [0, 0, 16, 2.4604], "rotation": 180, "texture": "#missing"}
			}
		},
		{
			"from": [-5.822, -14.6388, 9.9488],
			"to": [-5.322, -11.7008, 13.4092],
			"rotation": {"angle": 22.5, "axis": "x", "origin": [-11.5, -10.1698, 24.579]},
			"faces": {
				"north": {"uv": [0, 0, 0.5, 2.938], "rotation": 180, "texture": "#0"},
				"east": {"uv": [2, 0, 4.938, 3.4604], "rotation": 90, "texture": "#12"},
				"south": {"uv": [13, 3, 13.5, 5.938], "texture": "#10"},
				"west": {"uv": [0, 0, 2.938, 3.4604], "rotation": 270, "texture": "#12"},
				"up": {"uv": [0, 0, 0.5, 3.4604], "texture": "#missing"},
				"down": {"uv": [0, 0, 0.5, 3.4604], "rotation": 180, "texture": "#missing"}
			}
		},
		{
			"from": [-9.678, -15.1388, 9.9488],
			"to": [-5.322, -14.6388, 13.4092],
			"rotation": {"angle": 22.5, "axis": "x", "origin": [-11.5, -10.1698, 24.579]},
			"faces": {
				"north": {"uv": [0, 0, 4.356, 0.5], "rotation": 180, "texture": "#0"},
				"east": {"uv": [13.124, 0, 13.624, 3.4604], "rotation": 90, "texture": "#12"},
				"south": {"uv": [0, 13.124, 4.356, 13.624], "texture": "#10"},
				"west": {"uv": [0, 0, 0.5, 3.4604], "rotation": 270, "texture": "#12"},
				"up": {"uv": [0, 0, 4.356, 3.4604], "texture": "#12"},
				"down": {"uv": [0, 0, 4.356, 3.4604], "rotation": 180, "texture": "#12"}
			}
		},
		{
			"from": [21.822, -14.6388, -2.0512],
			"to": [25.178, -11.7008, -0.5908],
			"rotation": {"angle": 22.5, "axis": "x", "origin": [27.5, -10.1698, 24.579]},
			"faces": {
				"north": {"uv": [8.712, 0, 0, 7.876], "rotation": 180, "texture": "#9"},
				"east": {"uv": [0, 2.4604, 15.876, 0], "rotation": 270, "texture": "#9"},
				"south": {"uv": [16, 0, 0, 16], "texture": "#9"},
				"west": {"uv": [0, 2.4604, 15.876, 0], "rotation": 90, "texture": "#9"},
				"up": {"uv": [16, 0, 0, 2.4604], "texture": "#9"},
				"down": {"uv": [16, 0, 0, 2.4604], "rotation": 180, "texture": "#9"}
			}
		},
		{
			"from": [21.572, -15.11826, -0.55724],
			"to": [25.428, -11.68026, 8.90316],
			"rotation": {"angle": 22.5, "axis": "x", "origin": [27.5, -10.39926, 25.13296]},
			"faces": {
				"north": {"uv": [3.856, 0, 0, 3.438], "rotation": 180, "texture": "#0"},
				"east": {"uv": [0, 9.4604, 3.438, 0], "rotation": 270, "texture": "#0"},
				"south": {"uv": [3.856, 0, 0, 3.438], "texture": "#0"},
				"west": {"uv": [0, 9.4604, 3.438, 0], "rotation": 90, "texture": "#0"},
				"up": {"uv": [16, 0, 12.144, 9.4604], "texture": "#0"},
				"down": {"uv": [16, 0, 12.144, 9.4604], "rotation": 180, "texture": "#0"}
			}
		},
		{
			"from": [21.822, -14.6388, 8.9488],
			"to": [25.178, -11.7008, 10.4092],
			"rotation": {"angle": 22.5, "axis": "x", "origin": [27.5, -10.1698, 24.579]},
			"faces": {
				"north": {"uv": [8.712, 0, 0, 7.876], "rotation": 180, "texture": "#9"},
				"east": {"uv": [0, 2.4604, 15.876, 0], "rotation": 270, "texture": "#9"},
				"south": {"uv": [16, 0, 0, 16], "texture": "#9"},
				"west": {"uv": [0, 2.4604, 15.876, 0], "rotation": 90, "texture": "#9"},
				"up": {"uv": [16, 0, 0, 2.4604], "texture": "#9"},
				"down": {"uv": [16, 0, 0, 2.4604], "rotation": 180, "texture": "#9"}
			}
		},
		{
			"from": [25.178, -14.6388, 9.9488],
			"to": [25.678, -11.7008, 13.4092],
			"rotation": {"angle": 22.5, "axis": "x", "origin": [27.5, -10.1698, 24.579]},
			"faces": {
				"north": {"uv": [0.5, 0, 0, 2.938], "rotation": 180, "texture": "#0"},
				"east": {"uv": [0, 3.4604, 2.938, 0], "rotation": 270, "texture": "#12"},
				"south": {"uv": [0.5, 3, 0, 5.938], "texture": "#10"},
				"west": {"uv": [0, 3.4604, 2.938, 0], "rotation": 90, "texture": "#12"},
				"up": {"uv": [0.5, 0, 0, 3.4604], "texture": "#missing"},
				"down": {"uv": [0.5, 0, 0, 3.4604], "rotation": 180, "texture": "#missing"}
			}
		},
		{
			"from": [21.322, -11.7008, 9.9488],
			"to": [25.678, -11.2008, 13.4092],
			"rotation": {"angle": 22.5, "axis": "x", "origin": [27.5, -10.1698, 24.579]},
			"faces": {
				"north": {"uv": [4.356, 0, 0, 0.5], "rotation": 180, "texture": "#0"},
				"east": {"uv": [0, 3.4604, 0.5, 0], "rotation": 270, "texture": "#12"},
				"south": {"uv": [4.356, 0, 0, 0.5], "texture": "#10"},
				"west": {"uv": [0, 3.4604, 0.5, 0], "rotation": 90, "texture": "#12"},
				"up": {"uv": [4.356, 0, 0, 3.4604], "texture": "#12"},
				"down": {"uv": [4.356, 0, 0, 3.4604], "rotation": 180, "texture": "#12"}
			}
		},
		{
			"from": [21.822, -14.6388, 9.9488],
			"to": [25.178, -11.7008, 12.4092],
			"rotation": {"angle": 22.5, "axis": "x", "origin": [27.5, -10.1698, 24.579]},
			"faces": {
				"north": {"uv": [8.712, 0, 0, 7.876], "rotation": 180, "texture": "#0"},
				"east": {"uv": [0, 2.4604, 15.876, 0], "rotation": 270, "texture": "#missing"},
				"south": {"uv": [16, 0, 0, 16], "texture": "#11"},
				"west": {"uv": [0, 2.4604, 15.876, 0], "rotation": 90, "texture": "#missing"},
				"up": {"uv": [16, 0, 0, 2.4604], "texture": "#missing"},
				"down": {"uv": [16, 0, 0, 2.4604], "rotation": 180, "texture": "#missing"}
			}
		},
		{
			"from": [21.322, -14.6388, 9.9488],
			"to": [21.822, -11.7008, 13.4092],
			"rotation": {"angle": 22.5, "axis": "x", "origin": [27.5, -10.1698, 24.579]},
			"faces": {
				"north": {"uv": [0.5, 0, 0, 2.938], "rotation": 180, "texture": "#0"},
				"east": {"uv": [0, 3.4604, 2.938, 0], "rotation": 270, "texture": "#12"},
				"south": {"uv": [13.5, 3, 13, 5.938], "texture": "#10"},
				"west": {"uv": [2, 3.4604, 4.938, 0], "rotation": 90, "texture": "#12"},
				"up": {"uv": [0.5, 0, 0, 3.4604], "texture": "#missing"},
				"down": {"uv": [0.5, 0, 0, 3.4604], "rotation": 180, "texture": "#missing"}
			}
		},
		{
			"from": [21.322, -15.1388, 9.9488],
			"to": [25.678, -14.6388, 13.4092],
			"rotation": {"angle": 22.5, "axis": "x", "origin": [27.5, -10.1698, 24.579]},
			"faces": {
				"north": {"uv": [4.356, 0, 0, 0.5], "rotation": 180, "texture": "#0"},
				"east": {"uv": [0, 3.4604, 0.5, 0], "rotation": 270, "texture": "#12"},
				"south": {"uv": [4.356, 13.124, 0, 13.624], "texture": "#10"},
				"west": {"uv": [13.124, 3.4604, 13.624, 0], "rotation": 90, "texture": "#12"},
				"up": {"uv": [4.356, 0, 0, 3.4604], "texture": "#12"},
				"down": {"uv": [4.356, 0, 0, 3.4604], "rotation": 180, "texture": "#12"}
			}
		}
	],
	"display": {
		"thirdperson_righthand": {
			"rotation": [-149.51, 44.44, -179.3],
			"translation": [0, 16.5, 80],
			"scale": [3, 3, 3]
		},
		"gui": {
			"rotation": [-149.51, 44.44, -179.3],
			"translation": [0, 16.5, 80],
			"scale": [2, 2, 2]
		},
		"head": {
			"translation": [0, 12.25, -5.5],
			"scale": [1.5, 1.5, 1.5]
		}
	},
	"groups": [
		{
			"name": "group",
			"origin": [8, 0.5, 8],
			"color": 0,
			"children": [0, 1, 2, 3, 4, 5, 6, 7, 8, 9, 10, 11, 12, 13, 14, 15]
		},
		{
			"name": "group",
			"origin": [8, 0.5, 8],
			"color": 0,
			"children": [
				16,
				17,
				{
					"name": "group",
					"origin": [16.61, 3.4604, -6.48],
					"color": 0,
					"children": [18, 19]
				},
				{
					"name": "group",
					"origin": [16.61, 3.4604, -6.48],
					"color": 0,
					"children": [20, 21]
				},
				22,
				23,
				24,
				25,
				{
					"name": "group",
					"origin": [8, 2.1412, 28.605],
					"color": 0,
					"children": [26, 27]
				},
				28,
				29,
				30,
				31,
				32,
				33,
				34,
				35,
				36,
				37,
				38,
				39,
				40,
				41,
				42,
				43,
				44,
				45,
				46,
				47,
				48,
				49,
				50
			]
		},
		51,
		{
			"name": "group",
			"origin": [8, 0.5, 8],
			"color": 0,
			"children": [
				52,
				53,
				54,
				55,
				56,
				57,
				58,
				59,
				60,
				61,
				62,
				63,
				64,
				65,
				66,
				67,
				{
					"name": "group",
					"origin": [8, 0.5, 8],
					"color": 0,
					"children": [68, 69, 70, 71, 72, 73, 74, 75, 76, 77, 78, 79, 80, 81, 82, 83]
				}
			]
		},
		{
			"name": "group",
			"origin": [8, 0.5, 8],
			"color": 0,
			"children": [
				84,
				85,
				86,
				87,
				88,
				89,
				90,
				91,
				92,
				93,
				94,
				95,
				96,
				97,
				98,
				99,
				100,
				101,
				102,
				103,
				104,
				105,
				106,
				107,
				108,
				109,
				110,
				111,
				112,
				113,
				114,
				115,
				116,
				117,
				{
					"name": "group",
					"origin": [8, 0.5, 8],
					"color": 0,
					"children": [118, 119, 120, 121, 122, 123, 124, 125, 126, 127, 128, 129, 130, 131, 132, 133]
				}
			]
		},
		134,
		135,
		136,
		137,
		138,
		{
			"name": "small engine west",
			"origin": [-11.5, -10.1698, 24.579],
			"color": 0,
			"children": [139, 140, 141, 142, 143, 144, 145, 146]
		},
		{
			"name": "small engine east",
			"origin": [-11.5, -10.1698, 24.579],
			"color": 0,
			"children": [147, 148, 149, 150, 151, 152, 153, 154]
		}
	]
}