{
	"credit": "Made with love for Christmas by Bear",
	"parent": "item/custom/christmas/cookies/display_properties",
	"textures": {
		"0": "block/yellow_concrete_powder",
		"1": "entity/axolotl/axolotl_gold",
		"2": "item/cookie",
		"3": "block/orange_concrete_powder",
		"particle": "block/yellow_concrete_powder"
	},
	"elements": [
		{
			"from": [4, 13, 7.598],
			"to": [12, 14, 8.598],
			"faces": {
				"north": {"uv": [5, 2, 11, 3], "texture": "#2"},
				"east": {"uv": [10, 2, 11, 3], "texture": "#2"},
				"south": {"uv": [5, 3, 11, 2], "texture": "#2"},
				"west": {"uv": [5, 2, 6, 3], "texture": "#2"},
				"up": {"uv": [5, 2, 11, 3], "texture": "#2"}
			}
		},
		{
			"from": [4, 12, 7.498],
			"to": [12, 13, 7.598],
			"faces": {
				"north": {"uv": [0, 0, 8, 1], "texture": "#0"},
				"east": {"uv": [0, 0, 0.1, 1], "texture": "#0"},
				"west": {"uv": [0, 0, 0.1, 1], "texture": "#0"},
				"up": {"uv": [0, 0, 8, 0.1], "texture": "#0"},
				"down": {"uv": [0, 0, 8, 0.1], "texture": "#0"}
			}
		},
		{
			"from": [12, 4, 7.498],
			"to": [13, 12, 7.598],
			"faces": {
				"north": {"uv": [0, 0, 1, 9], "texture": "#0"},
				"east": {"uv": [0, 0, 0, 8], "texture": "#0"},
				"west": {"uv": [0, 0, 0, 8], "texture": "#0"},
				"up": {"uv": [0, 0, 1, 0], "texture": "#0"},
				"down": {"uv": [0, 0, 1, 0], "texture": "#0"}
			}
		},
		{
			"from": [3, 4, 7.498],
			"to": [4, 12, 7.598],
			"faces": {
				"north": {"uv": [0, 0, 1, 10], "texture": "#0"},
				"east": {"uv": [0, 0, 0, 8], "texture": "#0"},
				"west": {"uv": [0, 0, 0, 8], "texture": "#0"},
				"up": {"uv": [0, 0, 1, 0], "texture": "#0"},
				"down": {"uv": [0, 0, 1, 0], "texture": "#0"}
			}
		},
		{
			"from": [3, 4, 7.499],
			"to": [13, 12, 7.599],
			"faces": {
				"north": {"uv": [0.75, 1.5, 3.75, 2.75], "texture": "#1"},
				"east": {"uv": [0, 0, 1, 10], "texture": "#0"},
				"west": {"uv": [0, 0, 1, 10], "texture": "#0"},
				"up": {"uv": [0, 0, 10, 1], "texture": "#0"},
				"down": {"uv": [0, 0, 10, 1], "texture": "#0"}
			}
		},
		{
			"from": [4, 2, 7.598],
			"to": [12, 3, 8.598],
			"faces": {
				"north": {"uv": [5, 13, 11, 14], "texture": "#2"},
				"east": {"uv": [10, 13, 11, 14], "texture": "#2"},
				"south": {"uv": [5, 14, 11, 13], "texture": "#2"},
				"west": {"uv": [5, 13, 6, 14], "texture": "#2"},
				"down": {"uv": [5, 13, 11, 14], "texture": "#2"}
			}
		},
		{
			"from": [3, 3, 7.598],
			"to": [4, 4, 8.598],
			"faces": {
				"north": {"uv": [10, 13, 11, 14], "texture": "#2"},
				"east": {"uv": [10, 13, 11, 14], "texture": "#2"},
				"south": {"uv": [10, 14, 11, 13], "texture": "#2"},
				"west": {"uv": [10, 13, 11, 14], "texture": "#2"},
				"up": {"uv": [10, 13, 11, 14], "texture": "#2"},
				"down": {"uv": [7, 13, 8, 14], "texture": "#2"}
			}
		},
		{
			"from": [12, 3, 7.598],
			"to": [13, 4, 8.598],
			"faces": {
				"north": {"uv": [5, 13, 7, 14], "texture": "#2"},
				"east": {"uv": [5, 13, 6, 14], "texture": "#2"},
				"south": {"uv": [5, 14, 6, 13], "texture": "#2"},
				"west": {"uv": [5, 2, 6, 3], "texture": "#2"},
				"up": {"uv": [5, 13, 6, 14], "texture": "#2"},
				"down": {"uv": [7, 13, 8, 14], "texture": "#2"}
			}
		},
		{
			"from": [3, 12, 7.598],
			"to": [4, 13, 8.598],
			"faces": {
				"north": {"uv": [5, 2, 11, 3], "texture": "#2"},
				"east": {"uv": [10, 2, 11, 3], "texture": "#2"},
				"south": {"uv": [5, 3, 11, 2], "texture": "#2"},
				"west": {"uv": [5, 2, 6, 3], "texture": "#2"},
				"up": {"uv": [5, 2, 11, 3], "texture": "#2"}
			}
		},
		{
			"from": [2, 4, 7.498],
			"to": [3, 12, 7.598],
			"faces": {
				"north": {"uv": [1, 5, 2, 11], "texture": "#2"},
				"east": {"uv": [0, 0, 0.1, 8], "texture": "#0"},
				"west": {"uv": [1, 5, 1.1, 11], "texture": "#2"},
				"up": {"uv": [5, 2, 6, 3.1], "texture": "#2"},
				"down": {"uv": [5, 13, 6, 13.1], "texture": "#2"}
			}
		},
		{
			"from": [3, 4, 8.601],
			"to": [13, 12, 8.701],
			"rotation": {"angle": 0, "axis": "y", "origin": [0, 0, 16]},
			"faces": {
				"east": {"uv": [1, 0, 0, 10], "texture": "#0"},
				"south": {"uv": [4, 1.5, 0.5, 2.75], "texture": "#1"},
				"west": {"uv": [1, 0, 0, 10], "texture": "#0"},
				"up": {"uv": [0, 1, 10, 0], "texture": "#0"},
				"down": {"uv": [0, 1, 10, 0], "texture": "#0"}
			}
		},
		{
			"from": [3, 4, 8.602],
			"to": [4, 12, 8.702],
			"rotation": {"angle": 0, "axis": "y", "origin": [0, 0, 16]},
			"faces": {
				"east": {"uv": [0, 0, 0, 8], "texture": "#0"},
				"south": {"uv": [1, 0, 0, 10], "texture": "#0"},
				"west": {"uv": [0, 0, 0, 8], "texture": "#0"},
				"up": {"uv": [0, 0, 1, 0], "texture": "#0"},
				"down": {"uv": [0, 0, 1, 0], "texture": "#0"}
			}
		},
		{
			"from": [4, 12, 8.602],
			"to": [12, 13, 8.702],
			"rotation": {"angle": 0, "axis": "y", "origin": [0, 0, 16]},
			"faces": {
				"east": {"uv": [0.1, 0, 0.2, 1], "texture": "#0"},
				"south": {"uv": [6, 0, 14, 1], "texture": "#0"},
				"west": {"uv": [0.1, 0, 0.2, 1], "texture": "#0"},
				"up": {"uv": [0, 0.1, 8, 0.2], "texture": "#0"},
				"down": {"uv": [0, 0.1, 8, 0.2], "texture": "#0"}
			}
		},
		{
			"from": [4, 3, 8.602],
			"to": [12, 4, 8.702],
			"rotation": {"angle": 0, "axis": "y", "origin": [0, 0, 16]},
			"faces": {
				"east": {"uv": [0.1, 0, 0.2, 1], "texture": "#0"},
				"south": {"uv": [6, 0, 14, 1], "texture": "#0"},
				"west": {"uv": [0.1, 0, 0.2, 1], "texture": "#0"},
				"up": {"uv": [0, 0.1, 8, 0.2], "texture": "#0"},
				"down": {"uv": [0, 0.1, 8, 0.2], "texture": "#0"}
			}
		},
		{
			"from": [4, 12, 7.598],
			"to": [12, 13, 8.598],
			"faces": {
				"north": {"uv": [0, 0, 8, 1], "texture": "#0"},
				"east": {"uv": [0, 0, 1, 1], "texture": "#0"},
				"west": {"uv": [0, 0, 1, 1], "texture": "#0"},
				"up": {"uv": [0, 0, 8, 1], "texture": "#0"},
				"down": {"uv": [0, 0, 8, 1], "texture": "#0"}
			}
		},
		{
			"from": [2, 4, 7.598],
			"to": [14, 12, 8.598],
			"faces": {
				"north": {"uv": [0, 0, 12, 8], "texture": "#0"},
				"east": {"uv": [14, 5, 15, 11], "texture": "#2"},
				"west": {"uv": [1, 5, 2, 11], "texture": "#2"},
				"up": {"uv": [3, 3, 13, 4], "texture": "#2"},
				"down": {"uv": [11, 13, 10, 14], "texture": "#2"}
			}
		},
		{
			"from": [4, 3, 7.498],
			"to": [12, 4, 7.598],
			"faces": {
				"north": {"uv": [0, 0, 8, 1], "texture": "#0"},
				"east": {"uv": [0, 0, 0.1, 1], "texture": "#0"},
				"west": {"uv": [0, 0, 0.1, 1], "texture": "#0"},
				"up": {"uv": [0, 0, 8, 0.1], "texture": "#0"},
				"down": {"uv": [0, 0, 8, 0.1], "texture": "#0"}
			}
		},
		{
			"from": [4, 12, 8.602],
			"to": [12, 13, 8.702],
			"rotation": {"angle": 0, "axis": "y", "origin": [0, 0, 16]},
			"faces": {
				"east": {"uv": [0.1, 0, 0.2, 1], "texture": "#0"},
				"south": {"uv": [6, 0, 14, 1], "texture": "#0"},
				"west": {"uv": [0.1, 0, 0.2, 1], "texture": "#0"},
				"up": {"uv": [0, 0.1, 8, 0.2], "texture": "#0"},
				"down": {"uv": [0, 0.1, 8, 0.2], "texture": "#0"}
			}
		},
		{
			"from": [12, 4, 8.602],
			"to": [13, 12, 8.702],
			"rotation": {"angle": 0, "axis": "y", "origin": [0, 0, 16]},
			"faces": {
				"east": {"uv": [0, 0, 0, 8], "texture": "#0"},
				"south": {"uv": [1, 0, 0, 9], "texture": "#0"},
				"west": {"uv": [0, 0, 0, 8], "texture": "#0"},
				"up": {"uv": [0, 0, 1, 0], "texture": "#0"},
				"down": {"uv": [0, 0, 1, 0], "texture": "#0"}
			}
		},
		{
			"from": [4, 3, 7.598],
			"to": [12, 4, 8.598],
			"faces": {
				"north": {"uv": [0, 0, 8, 1], "texture": "#0"},
				"east": {"uv": [0, 0, 1, 1], "texture": "#0"},
				"west": {"uv": [0, 0, 1, 1], "texture": "#0"},
				"up": {"uv": [0, 0, 8, 1], "texture": "#0"},
				"down": {"uv": [0, 0, 8, 1], "texture": "#0"}
			}
		},
		{
			"from": [13, 4, 7.498],
			"to": [14, 12, 7.598],
			"faces": {
				"north": {"uv": [1, 5, 2, 11], "texture": "#2"},
				"east": {"uv": [14, 5, 15.1, 11], "texture": "#2"},
				"west": {"uv": [0, 0, 0.1, 8], "texture": "#0"},
				"up": {"uv": [5, 2, 6, 3.1], "texture": "#2"},
				"down": {"uv": [5, 13, 6, 13.1], "texture": "#2"}
			}
		},
		{
			"from": [12, 12, 7.598],
			"to": [13, 13, 8.598],
			"faces": {
				"north": {"uv": [5, 2, 11, 3], "texture": "#2"},
				"east": {"uv": [10, 2, 11, 3], "texture": "#2"},
				"south": {"uv": [5, 3, 11, 2], "texture": "#2"},
				"west": {"uv": [5, 2, 6, 3], "texture": "#2"},
				"up": {"uv": [5, 2, 11, 3], "texture": "#2"}
			}
		},
		{
			"from": [13, 4, 8.602],
			"to": [14, 12, 8.702],
			"rotation": {"angle": 0, "axis": "y", "origin": [0, 0, 16]},
			"faces": {
				"east": {"uv": [14.1, 5, 15.2, 11], "texture": "#2"},
				"south": {"uv": [14, 5, 15, 11], "texture": "#2"},
				"west": {"uv": [0.1, 0, 0.2, 8], "texture": "#0"},
				"up": {"uv": [5, 2.1, 6, 3.2], "texture": "#2"},
				"down": {"uv": [5, 13.1, 6, 13.2], "texture": "#2"}
			}
		},
		{
			"from": [2, 4, 8.6],
			"to": [3, 12, 8.7],
			"rotation": {"angle": 0, "axis": "y", "origin": [0, 0, 16]},
			"faces": {
				"east": {"uv": [0.1, 0, 0.2, 8], "texture": "#0"},
				"south": {"uv": [1, 5, 2, 11], "texture": "#2"},
				"west": {"uv": [1.1, 5, 1.2, 11], "texture": "#2"},
				"up": {"uv": [5, 2.1, 6, 3.2], "texture": "#2"},
				"down": {"uv": [5, 13.1, 6, 13.2], "texture": "#2"}
			}
		},
		{
			"from": [9.5, 12.1, 8.601],
			"to": [10.5, 13.1, 8.801],
			"rotation": {"angle": 0, "axis": "y", "origin": [16, 0, 16]},
			"faces": {
				"north": {"uv": [0.5, 8.5, 0.75, 8.75], "texture": "#1"},
				"east": {"uv": [0, 0, 1, 10], "texture": "#3"},
				"south": {"uv": [1.25, 9.75, 1.5, 10], "texture": "#1"},
				"west": {"uv": [0, 0, 1, 10], "texture": "#3"},
				"up": {"uv": [10, 1, 0, 0], "texture": "#3"},
				"down": {"uv": [10, 1, 0, 0], "texture": "#3"}
			}
		},
		{
			"from": [10.5, 12.1, 8.601],
			"to": [11.5, 13.1, 8.801],
			"rotation": {"angle": 0, "axis": "y", "origin": [16, 0, 16]},
			"faces": {
				"north": {"uv": [0.5, 8.5, 0.75, 8.75], "texture": "#1"},
				"east": {"uv": [0, 0, 1, 10], "texture": "#3"},
				"south": {"uv": [1.25, 9.75, 1, 10], "texture": "#1"},
				"west": {"uv": [0, 0, 1, 10], "texture": "#3"},
				"up": {"uv": [10, 1, 0, 0], "texture": "#3"},
				"down": {"uv": [10, 1, 0, 0], "texture": "#3"}
			}
		},
		{
			"from": [10.5, 13.1, 8.601],
			"to": [11.5, 14.1, 8.801],
			"rotation": {"angle": 0, "axis": "y", "origin": [16, 0, 16]},
			"faces": {
				"north": {"uv": [0.5, 8.5, 0.75, 8.75], "texture": "#1"},
				"east": {"uv": [0, 0, 1, 10], "texture": "#3"},
				"south": {"uv": [1, 9.5, 1.25, 9.75], "texture": "#1"},
				"west": {"uv": [0, 0, 1, 10], "texture": "#3"},
				"up": {"uv": [10, 1, 0, 0], "texture": "#3"},
				"down": {"uv": [10, 1, 0, 0], "texture": "#3"}
			}
		},
		{
			"from": [11.5, 13.1, 8.601],
			"to": [12.5, 14.1, 8.801],
			"rotation": {"angle": 0, "axis": "y", "origin": [16, 0, 16]},
			"faces": {
				"north": {"uv": [0.5, 8.5, 0.75, 8.75], "texture": "#1"},
				"east": {"uv": [0, 0, 1, 10], "texture": "#3"},
				"south": {"uv": [0.75, 9.5, 1, 9.75], "texture": "#1"},
				"west": {"uv": [0, 0, 1, 10], "texture": "#3"},
				"up": {"uv": [10, 1, 0, 0], "texture": "#3"},
				"down": {"uv": [10, 1, 0, 0], "texture": "#3"}
			}
		},
		{
			"from": [11.5, 14.1, 8.601],
			"to": [12.5, 15.1, 8.801],
			"rotation": {"angle": 0, "axis": "y", "origin": [16, 0, 16]},
			"faces": {
				"north": {"uv": [0.5, 8.5, 0.75, 8.75], "texture": "#1"},
				"east": {"uv": [0, 0, 1, 10], "texture": "#3"},
				"south": {"uv": [0.75, 9.25, 1, 9.5], "texture": "#1"},
				"west": {"uv": [0, 0, 1, 10], "texture": "#3"},
				"up": {"uv": [10, 1, 0, 0], "texture": "#3"},
				"down": {"uv": [10, 1, 0, 0], "texture": "#3"}
			}
		},
		{
			"from": [12.1, 8, 8.601],
			"to": [13.1, 9, 8.801],
			"rotation": {"angle": 0, "axis": "y", "origin": [16, 0, 16]},
			"faces": {
				"north": {"uv": [0, 0, 0, 0], "texture": "#0"},
				"east": {"uv": [0, 0, 1, 10], "texture": "#3"},
				"south": {"uv": [0.5, 10.75, 0.75, 11], "texture": "#1"},
				"west": {"uv": [0, 0, 1, 10], "texture": "#3"},
				"up": {"uv": [10, 1, 0, 0], "texture": "#3"},
				"down": {"uv": [10, 1, 0, 0], "texture": "#3"}
			}
		},
		{
			"from": [12.1, 9, 8.601],
			"to": [13.1, 10, 8.801],
			"rotation": {"angle": 0, "axis": "y", "origin": [16, 0, 16]},
			"faces": {
				"north": {"uv": [0, 0, 0, 0], "texture": "#0"},
				"east": {"uv": [0, 0, 1, 10], "texture": "#3"},
				"south": {"uv": [0.5, 10.5, 0.75, 10.75], "texture": "#1"},
				"west": {"uv": [0, 0, 1, 10], "texture": "#3"},
				"up": {"uv": [10, 1, 0, 0], "texture": "#3"},
				"down": {"uv": [10, 1, 0, 0], "texture": "#3"}
			}
		},
		{
			"from": [13.1, 9, 8.601],
			"to": [14.1, 10, 8.801],
			"rotation": {"angle": 0, "axis": "y", "origin": [16, 0, 16]},
			"faces": {
				"north": {"uv": [0, 0, 0, 0], "texture": "#0"},
				"east": {"uv": [0, 0, 1, 10], "texture": "#3"},
				"south": {"uv": [0.25, 10.5, 0.5, 10.75], "texture": "#1"},
				"west": {"uv": [0, 0, 1, 10], "texture": "#3"},
				"up": {"uv": [10, 1, 0, 0], "texture": "#3"},
				"down": {"uv": [10, 1, 0, 0], "texture": "#3"}
			}
		},
		{
			"from": [13.1, 10, 8.601],
			"to": [14.1, 11, 8.801],
			"rotation": {"angle": 0, "axis": "y", "origin": [16, 0, 16]},
			"faces": {
				"east": {"uv": [0, 0, 1, 10], "texture": "#3"},
				"south": {"uv": [0.25, 10.5, 0.5, 10.75], "texture": "#1"},
				"west": {"uv": [0, 0, 1, 10], "texture": "#3"},
				"up": {"uv": [10, 1, 0, 0], "texture": "#3"},
				"down": {"uv": [10, 1, 0, 0], "texture": "#3"}
			}
		},
		{
			"from": [14.1, 10, 8.601],
			"to": [15.1, 11, 8.801],
			"rotation": {"angle": 0, "axis": "y", "origin": [16, 0, 16]},
			"faces": {
				"north": {"uv": [0.25, 10.5, 0.5, 10.75], "texture": "#1"},
				"east": {"uv": [0, 0, 1, 10], "texture": "#3"},
				"south": {"uv": [0.25, 10.5, 0.5, 10.75], "texture": "#1"},
				"west": {"uv": [0, 0, 1, 10], "texture": "#3"},
				"up": {"uv": [10, 1, 0, 0], "texture": "#3"},
				"down": {"uv": [10, 1, 0, 0], "texture": "#3"}
			}
		},
		{
			"from": [14.1, 11, 8.601],
			"to": [15.1, 12, 8.801],
			"rotation": {"angle": 0, "axis": "y", "origin": [16, 0, 16]},
			"faces": {
				"north": {"uv": [0, 10, 0.25, 10.25], "texture": "#1"},
				"east": {"uv": [0, 0, 1, 10], "texture": "#3"},
				"south": {"uv": [0.25, 10.5, 0.5, 10.75], "texture": "#1"},
				"west": {"uv": [0, 0, 1, 10], "texture": "#3"},
				"up": {"uv": [10, 1, 0, 0], "texture": "#3"},
				"down": {"uv": [10, 1, 0, 0], "texture": "#3"}
			}
		},
		{
			"from": [12.1, 3.9, 8.601],
			"to": [13.1, 4.9, 8.801],
			"rotation": {"angle": 0, "axis": "y", "origin": [16, 0, 16]},
			"faces": {
				"north": {"uv": [0, 0, 0, 0], "texture": "#0"},
				"east": {"uv": [0, 0, 1, 10], "texture": "#3"},
				"south": {"uv": [1.25, 9.75, 1.5, 10], "texture": "#1"},
				"west": {"uv": [0, 0, 1, 10], "texture": "#3"},
				"up": {"uv": [10, 1, 0, 0], "texture": "#3"},
				"down": {"uv": [10, 1, 0, 0], "texture": "#3"}
			}
		},
		{
			"from": [13.1, 3.9, 8.601],
			"to": [14.1, 4.9, 8.801],
			"rotation": {"angle": 0, "axis": "y", "origin": [16, 0, 16]},
			"faces": {
				"north": {"uv": [0, 0, 0, 0], "texture": "#0"},
				"east": {"uv": [0, 0, 1, 10], "texture": "#3"},
				"south": {"uv": [1.25, 9.75, 1, 10], "texture": "#1"},
				"west": {"uv": [0, 0, 1, 10], "texture": "#3"},
				"up": {"uv": [10, 1, 0, 0], "texture": "#3"},
				"down": {"uv": [10, 1, 0, 0], "texture": "#3"}
			}
		},
		{
			"from": [13.1, 4.9, 8.601],
			"to": [14.1, 5.9, 8.801],
			"rotation": {"angle": 0, "axis": "y", "origin": [16, 0, 16]},
			"faces": {
				"north": {"uv": [0, 0, 0, 0], "texture": "#0"},
				"east": {"uv": [0, 0, 1, 10], "texture": "#3"},
				"south": {"uv": [1, 9.5, 1.25, 9.75], "texture": "#1"},
				"west": {"uv": [0, 0, 1, 10], "texture": "#3"},
				"up": {"uv": [10, 1, 0, 0], "texture": "#3"},
				"down": {"uv": [10, 1, 0, 0], "texture": "#3"}
			}
		},
		{
			"from": [14.1, 4.9, 8.601],
			"to": [15.1, 5.9, 8.801],
			"rotation": {"angle": 0, "axis": "y", "origin": [16, 0, 16]},
			"faces": {
				"north": {"uv": [1.75, 8.75, 2, 9], "texture": "#1"},
				"east": {"uv": [0, 0, 1, 10], "texture": "#3"},
				"south": {"uv": [0.75, 9.5, 1, 9.75], "texture": "#1"},
				"west": {"uv": [0, 0, 1, 10], "texture": "#3"},
				"up": {"uv": [10, 1, 0, 0], "texture": "#3"},
				"down": {"uv": [10, 1, 0, 0], "texture": "#3"}
			}
		},
		{
			"from": [14.1, 5.9, 8.601],
			"to": [15.1, 6.9, 8.801],
			"rotation": {"angle": 0, "axis": "y", "origin": [16, 0, 16]},
			"faces": {
				"north": {"uv": [1.75, 8.75, 2, 9], "texture": "#1"},
				"east": {"uv": [0, 0, 1, 10], "texture": "#3"},
				"south": {"uv": [0.75, 9.25, 1, 9.5], "texture": "#1"},
				"west": {"uv": [0, 0, 1, 10], "texture": "#3"},
				"up": {"uv": [10, 1, 0, 0], "texture": "#3"},
				"down": {"uv": [10, 1, 0, 0], "texture": "#3"}
			}
		},
		{
			"from": [2.9, 3.9, 8.601],
			"to": [3.9, 4.9, 8.801],
			"rotation": {"angle": 0, "axis": "y", "origin": [0, 0, 16]},
			"faces": {
				"north": {"uv": [0, 0, 0, 0], "texture": "#0"},
				"east": {"uv": [1, 0, 0, 10], "texture": "#3"},
				"south": {"uv": [1.5, 9.75, 1.25, 10], "texture": "#1"},
				"west": {"uv": [1, 0, 0, 10], "texture": "#3"},
				"up": {"uv": [0, 1, 10, 0], "texture": "#3"},
				"down": {"uv": [0, 1, 10, 0], "texture": "#3"}
			}
		},
		{
			"from": [1.9, 3.9, 8.601],
			"to": [2.9, 4.9, 8.801],
			"rotation": {"angle": 0, "axis": "y", "origin": [0, 0, 16]},
			"faces": {
				"north": {"uv": [0, 0, 0, 0], "texture": "#0"},
				"east": {"uv": [1, 0, 0, 10], "texture": "#3"},
				"south": {"uv": [1, 9.75, 1.25, 10], "texture": "#1"},
				"west": {"uv": [1, 0, 0, 10], "texture": "#3"},
				"up": {"uv": [0, 1, 10, 0], "texture": "#3"},
				"down": {"uv": [0, 1, 10, 0], "texture": "#3"}
			}
		},
		{
			"from": [1.9, 4.9, 8.601],
			"to": [2.9, 5.9, 8.801],
			"rotation": {"angle": 0, "axis": "y", "origin": [0, 0, 16]},
			"faces": {
				"north": {"uv": [0, 0, 0, 0], "texture": "#0"},
				"east": {"uv": [1, 0, 0, 10], "texture": "#3"},
				"south": {"uv": [1.25, 9.5, 1, 9.75], "texture": "#1"},
				"west": {"uv": [1, 0, 0, 10], "texture": "#3"},
				"up": {"uv": [0, 1, 10, 0], "texture": "#3"},
				"down": {"uv": [0, 1, 10, 0], "texture": "#3"}
			}
		},
		{
			"from": [0.9, 4.9, 8.601],
			"to": [1.9, 5.9, 8.801],
			"rotation": {"angle": 0, "axis": "y", "origin": [0, 0, 16]},
			"faces": {
				"north": {"uv": [3.25, 11.25, 3.5, 11.5], "texture": "#1"},
				"east": {"uv": [1, 0, 0, 10], "texture": "#3"},
				"south": {"uv": [1, 9.5, 0.75, 9.75], "texture": "#1"},
				"west": {"uv": [1, 0, 0, 10], "texture": "#3"},
				"up": {"uv": [0, 1, 10, 0], "texture": "#3"},
				"down": {"uv": [0, 1, 10, 0], "texture": "#3"}
			}
		},
		{
			"from": [0.9, 5.9, 8.601],
			"to": [1.9, 6.9, 8.801],
			"rotation": {"angle": 0, "axis": "y", "origin": [0, 0, 16]},
			"faces": {
				"north": {"uv": [3.25, 11, 3.5, 11.25], "texture": "#1"},
				"east": {"uv": [1, 0, 0, 10], "texture": "#3"},
				"south": {"uv": [1, 9.25, 0.75, 9.5], "texture": "#1"},
				"west": {"uv": [1, 0, 0, 10], "texture": "#3"},
				"up": {"uv": [0, 1, 10, 0], "texture": "#3"},
				"down": {"uv": [0, 1, 10, 0], "texture": "#3"}
			}
		},
		{
			"from": [5.5, 12.1, 8.601],
			"to": [6.5, 13.1, 8.801],
			"rotation": {"angle": 0, "axis": "y", "origin": [0, 0, 16]},
			"faces": {
				"north": {"uv": [0, 0, 0, 0], "texture": "#0"},
				"east": {"uv": [1, 0, 0, 10], "texture": "#3"},
				"south": {"uv": [1.5, 9.75, 1.25, 10], "texture": "#1"},
				"west": {"uv": [1, 0, 0, 10], "texture": "#3"},
				"up": {"uv": [0, 1, 10, 0], "texture": "#3"},
				"down": {"uv": [0, 1, 10, 0], "texture": "#3"}
			}
		},
		{
			"from": [4.5, 12.1, 8.601],
			"to": [5.5, 13.1, 8.801],
			"rotation": {"angle": 0, "axis": "y", "origin": [0, 0, 16]},
			"faces": {
				"north": {"uv": [0, 0, 0, 0], "texture": "#0"},
				"east": {"uv": [1, 0, 0, 10], "texture": "#3"},
				"south": {"uv": [1, 9.75, 1.25, 10], "texture": "#1"},
				"west": {"uv": [1, 0, 0, 10], "texture": "#3"},
				"up": {"uv": [0, 1, 10, 0], "texture": "#3"},
				"down": {"uv": [0, 1, 10, 0], "texture": "#3"}
			}
		},
		{
			"from": [4.5, 13.1, 8.601],
			"to": [5.5, 14.1, 8.801],
			"rotation": {"angle": 0, "axis": "y", "origin": [0, 0, 16]},
			"faces": {
				"north": {"uv": [0, 0, 0, 0], "texture": "#0"},
				"east": {"uv": [1, 0, 0, 10], "texture": "#3"},
				"south": {"uv": [1.25, 9.5, 1, 9.75], "texture": "#1"},
				"west": {"uv": [1, 0, 0, 10], "texture": "#3"},
				"up": {"uv": [0, 1, 10, 0], "texture": "#3"},
				"down": {"uv": [0, 1, 10, 0], "texture": "#3"}
			}
		},
		{
			"from": [3.5, 13.1, 8.601],
			"to": [4.5, 14.1, 8.801],
			"rotation": {"angle": 0, "axis": "y", "origin": [0, 0, 16]},
			"faces": {
				"north": {"uv": [0.75, 9.5, 1, 9.75], "texture": "#1"},
				"east": {"uv": [1, 0, 0, 10], "texture": "#3"},
				"south": {"uv": [1, 9.5, 0.75, 9.75], "texture": "#1"},
				"west": {"uv": [1, 0, 0, 10], "texture": "#3"},
				"up": {"uv": [0, 1, 10, 0], "texture": "#3"},
				"down": {"uv": [0, 1, 10, 0], "texture": "#3"}
			}
		},
		{
			"from": [3.5, 14.1, 8.601],
			"to": [4.5, 15.1, 8.801],
			"rotation": {"angle": 0, "axis": "y", "origin": [0, 0, 16]},
			"faces": {
				"north": {"uv": [0.75, 9.25, 1, 9.5], "texture": "#1"},
				"east": {"uv": [1, 0, 0, 10], "texture": "#3"},
				"south": {"uv": [1, 9.25, 0.75, 9.5], "texture": "#1"},
				"west": {"uv": [1, 0, 0, 10], "texture": "#3"},
				"up": {"uv": [0, 1, 10, 0], "texture": "#3"},
				"down": {"uv": [0, 1, 10, 0], "texture": "#3"}
			}
		},
		{
			"from": [2.9, 8, 8.601],
			"to": [3.9, 9, 8.801],
			"rotation": {"angle": 0, "axis": "y", "origin": [0, 0, 16]},
			"faces": {
				"north": {"uv": [0, 0, 0, 0], "texture": "#0"},
				"east": {"uv": [1, 0, 0, 10], "texture": "#3"},
				"south": {"uv": [0.75, 10.75, 0.5, 11], "texture": "#1"},
				"west": {"uv": [1, 0, 0, 10], "texture": "#3"},
				"up": {"uv": [0, 1, 10, 0], "texture": "#3"},
				"down": {"uv": [0, 1, 10, 0], "texture": "#3"}
			}
		},
		{
			"from": [2.9, 9, 8.601],
			"to": [3.9, 10, 8.801],
			"rotation": {"angle": 0, "axis": "y", "origin": [0, 0, 16]},
			"faces": {
				"north": {"uv": [0, 0, 0, 0], "texture": "#0"},
				"east": {"uv": [1, 0, 0, 10], "texture": "#3"},
				"south": {"uv": [0.75, 10.5, 0.5, 10.75], "texture": "#1"},
				"west": {"uv": [1, 0, 0, 10], "texture": "#3"},
				"up": {"uv": [0, 1, 10, 0], "texture": "#3"},
				"down": {"uv": [0, 1, 10, 0], "texture": "#3"}
			}
		},
		{
			"from": [1.9, 9, 8.601],
			"to": [2.9, 10, 8.801],
			"rotation": {"angle": 0, "axis": "y", "origin": [0, 0, 16]},
			"faces": {
				"north": {"uv": [0, 0, 0, 0], "texture": "#0"},
				"east": {"uv": [1, 0, 0, 10], "texture": "#3"},
				"south": {"uv": [0.5, 10.5, 0.25, 10.75], "texture": "#1"},
				"west": {"uv": [1, 0, 0, 10], "texture": "#3"},
				"up": {"uv": [0, 1, 10, 0], "texture": "#3"},
				"down": {"uv": [0, 1, 10, 0], "texture": "#3"}
			}
		},
		{
			"from": [1.9, 10, 8.601],
			"to": [2.9, 11, 8.801],
			"rotation": {"angle": 0, "axis": "y", "origin": [0, 0, 16]},
			"faces": {
				"north": {"uv": [0, 0, 0, 0], "texture": "#0"},
				"east": {"uv": [1, 0, 0, 10], "texture": "#3"},
				"south": {"uv": [0.5, 10.5, 0.25, 10.75], "texture": "#1"},
				"west": {"uv": [1, 0, 0, 10], "texture": "#3"},
				"up": {"uv": [0, 1, 10, 0], "texture": "#3"},
				"down": {"uv": [0, 1, 10, 0], "texture": "#3"}
			}
		},
		{
			"from": [0.9, 10, 8.601],
			"to": [1.9, 11, 8.801],
			"rotation": {"angle": 0, "axis": "y", "origin": [0, 0, 16]},
			"faces": {
				"north": {"uv": [1.75, 8.75, 2, 9], "texture": "#1"},
				"east": {"uv": [1, 0, 0, 10], "texture": "#3"},
				"south": {"uv": [0.5, 10.5, 0.25, 10.75], "texture": "#1"},
				"west": {"uv": [1, 0, 0, 10], "texture": "#3"},
				"up": {"uv": [0, 1, 10, 0], "texture": "#3"},
				"down": {"uv": [0, 1, 10, 0], "texture": "#3"}
			}
		},
		{
			"from": [0.9, 11, 8.601],
			"to": [1.9, 12, 8.801],
			"rotation": {"angle": 0, "axis": "y", "origin": [0, 0, 16]},
			"faces": {
				"north": {"uv": [1.75, 8.75, 2, 9], "texture": "#1"},
				"east": {"uv": [1, 0, 0, 10], "texture": "#3"},
				"south": {"uv": [0.5, 10.5, 0.25, 10.75], "texture": "#1"},
				"west": {"uv": [1, 0, 0, 10], "texture": "#3"},
				"up": {"uv": [0, 1, 10, 0], "texture": "#3"},
				"down": {"uv": [0, 1, 10, 0], "texture": "#3"}
			}
		},
		{
			"from": [9.5, 12.1, 7.401],
			"to": [10.5, 13.1, 7.601],
			"rotation": {"angle": 0, "axis": "y", "origin": [16, 0, 16]},
			"faces": {
				"north": {"uv": [1.5, 9.75, 1.25, 10], "texture": "#1"},
				"east": {"uv": [0, 0, 1, 10], "texture": "#3"},
				"south": {"uv": [1.25, 9.75, 1.5, 10], "texture": "#1"},
				"west": {"uv": [0, 0, 1, 10], "texture": "#3"},
				"up": {"uv": [10, 1, 0, 0], "texture": "#3"},
				"down": {"uv": [10, 1, 0, 0], "texture": "#3"}
			}
		},
		{
			"from": [10.5, 13.1, 7.401],
			"to": [11.5, 14.1, 7.601],
			"rotation": {"angle": 0, "axis": "y", "origin": [16, 0, 16]},
			"faces": {
				"north": {"uv": [1, 9.5, 1.25, 9.75], "texture": "#1"},
				"east": {"uv": [0, 0, 1, 10], "texture": "#3"},
				"south": {"uv": [1, 9.5, 1.25, 9.75], "texture": "#1"},
				"west": {"uv": [0, 0, 1, 10], "texture": "#3"},
				"up": {"uv": [10, 1, 0, 0], "texture": "#3"},
				"down": {"uv": [10, 1, 0, 0], "texture": "#3"}
			}
		},
		{
			"from": [10.5, 12.1, 7.401],
			"to": [11.5, 13.1, 7.601],
			"rotation": {"angle": 0, "axis": "y", "origin": [16, 0, 16]},
			"faces": {
				"north": {"uv": [1, 9.75, 1.25, 10], "texture": "#1"},
				"east": {"uv": [0, 0, 1, 10], "texture": "#3"},
				"south": {"uv": [1.25, 9.75, 1, 10], "texture": "#1"},
				"west": {"uv": [0, 0, 1, 10], "texture": "#3"},
				"up": {"uv": [10, 1, 0, 0], "texture": "#3"},
				"down": {"uv": [10, 1, 0, 0], "texture": "#3"}
			}
		},
		{
			"from": [11.5, 13.1, 7.401],
			"to": [12.5, 14.1, 7.601],
			"rotation": {"angle": 0, "axis": "y", "origin": [16, 0, 16]},
			"faces": {
				"north": {"uv": [0.75, 9.5, 1, 9.75], "texture": "#1"},
				"east": {"uv": [0, 0, 1, 10], "texture": "#3"},
				"south": {"uv": [0.75, 9.5, 1, 9.75], "texture": "#1"},
				"west": {"uv": [0, 0, 1, 10], "texture": "#3"},
				"up": {"uv": [10, 1, 0, 0], "texture": "#3"},
				"down": {"uv": [10, 1, 0, 0], "texture": "#3"}
			}
		},
		{
			"from": [11.5, 14.1, 7.401],
			"to": [12.5, 15.1, 7.601],
			"rotation": {"angle": 0, "axis": "y", "origin": [16, 0, 16]},
			"faces": {
				"north": {"uv": [0.75, 9.25, 1, 9.5], "texture": "#1"},
				"east": {"uv": [0, 0, 1, 10], "texture": "#3"},
				"south": {"uv": [0.75, 9.25, 1, 9.5], "texture": "#1"},
				"west": {"uv": [0, 0, 1, 10], "texture": "#3"},
				"up": {"uv": [10, 1, 0, 0], "texture": "#3"},
				"down": {"uv": [10, 1, 0, 0], "texture": "#3"}
			}
		},
		{
			"from": [12.1, 9, 7.401],
			"to": [13.1, 10, 7.601],
			"rotation": {"angle": 0, "axis": "y", "origin": [16, 0, 16]},
			"faces": {
				"north": {"uv": [0.5, 10.5, 0.75, 10.75], "texture": "#1"},
				"east": {"uv": [0, 0, 1, 10], "texture": "#3"},
				"south": {"uv": [0.5, 10.5, 0.75, 10.75], "texture": "#1"},
				"west": {"uv": [0, 0, 1, 10], "texture": "#3"},
				"up": {"uv": [10, 1, 0, 0], "texture": "#3"},
				"down": {"uv": [10, 1, 0, 0], "texture": "#3"}
			}
		},
		{
			"from": [12.1, 8, 7.401],
			"to": [13.1, 9, 7.601],
			"rotation": {"angle": 0, "axis": "y", "origin": [0, 0, 16]},
			"faces": {
				"north": {"uv": [0.5, 10.75, 0.75, 11], "texture": "#1"},
				"east": {"uv": [1, 0, 0, 10], "texture": "#3"},
				"south": {"uv": [0.75, 10.75, 0.5, 11], "texture": "#1"},
				"west": {"uv": [1, 0, 0, 10], "texture": "#3"},
				"up": {"uv": [0, 1, 10, 0], "texture": "#3"},
				"down": {"uv": [0, 1, 10, 0], "texture": "#3"}
			}
		},
		{
			"from": [13.1, 9, 7.401],
			"to": [14.1, 10, 7.601],
			"rotation": {"angle": 0, "axis": "y", "origin": [16, 0, 16]},
			"faces": {
				"north": {"uv": [1.75, 8.75, 2, 9], "texture": "#1"},
				"east": {"uv": [0, 0, 1, 10], "texture": "#3"},
				"south": {"uv": [0.25, 10.5, 0.5, 10.75], "texture": "#1"},
				"west": {"uv": [0, 0, 1, 10], "texture": "#3"},
				"up": {"uv": [10, 1, 0, 0], "texture": "#3"},
				"down": {"uv": [10, 1, 0, 0], "texture": "#3"}
			}
		},
		{
			"from": [13.1, 10, 7.401],
			"to": [14.1, 11, 7.601],
			"rotation": {"angle": 0, "axis": "y", "origin": [16, 0, 16]},
			"faces": {
				"north": {"uv": [1.75, 8.75, 2, 9], "texture": "#1"},
				"east": {"uv": [0, 0, 1, 10], "texture": "#3"},
				"south": {"uv": [0.25, 10.5, 0.5, 10.75], "texture": "#1"},
				"west": {"uv": [0, 0, 1, 10], "texture": "#3"},
				"up": {"uv": [10, 1, 0, 0], "texture": "#3"},
				"down": {"uv": [10, 1, 0, 0], "texture": "#3"}
			}
		},
		{
			"from": [14.1, 10, 7.401],
			"to": [15.1, 11, 7.601],
			"rotation": {"angle": 0, "axis": "y", "origin": [16, 0, 16]},
			"faces": {
				"north": {"uv": [0, 10.25, 0.25, 10.5], "texture": "#1"},
				"east": {"uv": [0, 0, 1, 10], "texture": "#3"},
				"south": {"uv": [0.25, 10.5, 0.5, 10.75], "texture": "#1"},
				"west": {"uv": [0, 0, 1, 10], "texture": "#3"},
				"up": {"uv": [10, 1, 0, 0], "texture": "#3"},
				"down": {"uv": [10, 1, 0, 0], "texture": "#3"}
			}
		},
		{
			"from": [14.1, 11, 7.401],
			"to": [15.1, 12, 7.601],
			"rotation": {"angle": 0, "axis": "y", "origin": [16, 0, 16]},
			"faces": {
				"north": {"uv": [0, 10, 0.25, 10.25], "texture": "#1"},
				"east": {"uv": [0, 0, 1, 10], "texture": "#3"},
				"south": {"uv": [0.25, 10.5, 0.5, 10.75], "texture": "#1"},
				"west": {"uv": [0, 0, 1, 10], "texture": "#3"},
				"up": {"uv": [10, 1, 0, 0], "texture": "#3"},
				"down": {"uv": [10, 1, 0, 0], "texture": "#3"}
			}
		},
		{
			"from": [12.1, 3.9, 7.401],
			"to": [13.1, 4.9, 7.601],
			"rotation": {"angle": 0, "axis": "y", "origin": [16, 0, 16]},
			"faces": {
				"north": {"uv": [0.5, 11.5, 0.75, 11.75], "texture": "#1"},
				"east": {"uv": [0, 0, 1, 10], "texture": "#3"},
				"south": {"uv": [1.25, 9.75, 1.5, 10], "texture": "#1"},
				"west": {"uv": [0, 0, 1, 10], "texture": "#3"},
				"up": {"uv": [10, 1, 0, 0], "texture": "#3"},
				"down": {"uv": [10, 1, 0, 0], "texture": "#3"}
			}
		},
		{
			"from": [13.1, 3.9, 7.401],
			"to": [14.1, 4.9, 7.601],
			"rotation": {"angle": 0, "axis": "y", "origin": [16, 0, 16]},
			"faces": {
				"north": {"uv": [0.25, 11.5, 0.5, 11.75], "texture": "#1"},
				"east": {"uv": [0, 0, 1, 10], "texture": "#3"},
				"south": {"uv": [1.25, 9.75, 1, 10], "texture": "#1"},
				"west": {"uv": [0, 0, 1, 10], "texture": "#3"},
				"up": {"uv": [10, 1, 0, 0], "texture": "#3"},
				"down": {"uv": [10, 1, 0, 0], "texture": "#3"}
			}
		},
		{
			"from": [13.1, 4.9, 7.401],
			"to": [14.1, 5.9, 7.601],
			"rotation": {"angle": 0, "axis": "y", "origin": [16, 0, 16]},
			"faces": {
				"north": {"uv": [0.25, 11.25, 0.5, 11.5], "texture": "#1"},
				"east": {"uv": [0, 0, 1, 10], "texture": "#3"},
				"south": {"uv": [1, 9.5, 1.25, 9.75], "texture": "#1"},
				"west": {"uv": [0, 0, 1, 10], "texture": "#3"},
				"up": {"uv": [10, 1, 0, 0], "texture": "#3"},
				"down": {"uv": [10, 1, 0, 0], "texture": "#3"}
			}
		},
		{
			"from": [14.1, 5.9, 7.401],
			"to": [15.1, 6.9, 7.601],
			"rotation": {"angle": 0, "axis": "y", "origin": [16, 0, 16]},
			"faces": {
				"north": {"uv": [0, 11, 0.25, 11.25], "texture": "#1"},
				"east": {"uv": [0, 0, 1, 10], "texture": "#3"},
				"south": {"uv": [0.75, 9.25, 1, 9.5], "texture": "#1"},
				"west": {"uv": [0, 0, 1, 10], "texture": "#3"},
				"up": {"uv": [10, 1, 0, 0], "texture": "#3"},
				"down": {"uv": [10, 1, 0, 0], "texture": "#3"}
			}
		},
		{
			"from": [14.1, 4.9, 7.401],
			"to": [15.1, 5.9, 7.601],
			"rotation": {"angle": 0, "axis": "y", "origin": [16, 0, 16]},
			"faces": {
				"north": {"uv": [0, 11.25, 0.25, 11.5], "texture": "#1"},
				"east": {"uv": [0, 0, 1, 10], "texture": "#3"},
				"south": {"uv": [0.75, 9.5, 1, 9.75], "texture": "#1"},
				"west": {"uv": [0, 0, 1, 10], "texture": "#3"},
				"up": {"uv": [10, 1, 0, 0], "texture": "#3"},
				"down": {"uv": [10, 1, 0, 0], "texture": "#3"}
			}
		},
		{
			"from": [2.9, 3.9, 7.401],
			"to": [3.9, 4.9, 7.601],
			"rotation": {"angle": 0, "axis": "y", "origin": [0, 0, 16]},
			"faces": {
				"north": {"uv": [2.75, 11.5, 3, 11.75], "texture": "#1"},
				"east": {"uv": [1, 0, 0, 10], "texture": "#3"},
				"south": {"uv": [1.5, 9.75, 1.25, 10], "texture": "#1"},
				"west": {"uv": [1, 0, 0, 10], "texture": "#3"},
				"up": {"uv": [0, 1, 10, 0], "texture": "#3"},
				"down": {"uv": [0, 1, 10, 0], "texture": "#3"}
			}
		},
		{
			"from": [1.9, 3.9, 7.401],
			"to": [2.9, 4.9, 7.601],
			"rotation": {"angle": 0, "axis": "y", "origin": [0, 0, 16]},
			"faces": {
				"north": {"uv": [3, 11.5, 3.25, 11.75], "texture": "#1"},
				"east": {"uv": [1, 0, 0, 10], "texture": "#3"},
				"south": {"uv": [1, 9.75, 1.25, 10], "texture": "#1"},
				"west": {"uv": [1, 0, 0, 10], "texture": "#3"},
				"up": {"uv": [0, 1, 10, 0], "texture": "#3"},
				"down": {"uv": [0, 1, 10, 0], "texture": "#3"}
			}
		},
		{
			"from": [1.9, 4.9, 7.401],
			"to": [2.9, 5.9, 7.601],
			"rotation": {"angle": 0, "axis": "y", "origin": [0, 0, 16]},
			"faces": {
				"north": {"uv": [3, 11.25, 3.25, 11.5], "texture": "#1"},
				"east": {"uv": [1, 0, 0, 10], "texture": "#3"},
				"south": {"uv": [1.25, 9.5, 1, 9.75], "texture": "#1"},
				"west": {"uv": [1, 0, 0, 10], "texture": "#3"},
				"up": {"uv": [0, 1, 10, 0], "texture": "#3"},
				"down": {"uv": [0, 1, 10, 0], "texture": "#3"}
			}
		},
		{
			"from": [0.9, 4.9, 7.401],
			"to": [1.9, 5.9, 7.601],
			"rotation": {"angle": 0, "axis": "y", "origin": [0, 0, 16]},
			"faces": {
				"north": {"uv": [3.25, 11.25, 3.5, 11.5], "texture": "#1"},
				"east": {"uv": [1, 0, 0, 10], "texture": "#3"},
				"south": {"uv": [1, 9.5, 0.75, 9.75], "texture": "#1"},
				"west": {"uv": [1, 0, 0, 10], "texture": "#3"},
				"up": {"uv": [0, 1, 10, 0], "texture": "#3"},
				"down": {"uv": [0, 1, 10, 0], "texture": "#3"}
			}
		},
		{
			"from": [0.9, 5.9, 7.401],
			"to": [1.9, 6.9, 7.601],
			"rotation": {"angle": 0, "axis": "y", "origin": [0, 0, 16]},
			"faces": {
				"north": {"uv": [3.25, 11, 3.5, 11.25], "texture": "#1"},
				"east": {"uv": [1, 0, 0, 10], "texture": "#3"},
				"south": {"uv": [1, 9.25, 0.75, 9.5], "texture": "#1"},
				"west": {"uv": [1, 0, 0, 10], "texture": "#3"},
				"up": {"uv": [0, 1, 10, 0], "texture": "#3"},
				"down": {"uv": [0, 1, 10, 0], "texture": "#3"}
			}
		},
		{
			"from": [2.9, 8, 7.401],
			"to": [3.9, 9, 7.601],
			"rotation": {"angle": 0, "axis": "y", "origin": [0, 0, 16]},
			"faces": {
				"north": {"uv": [1.75, 8.75, 2, 9], "texture": "#1"},
				"east": {"uv": [1, 0, 0, 10], "texture": "#3"},
				"south": {"uv": [0.75, 10.75, 0.5, 11], "texture": "#1"},
				"west": {"uv": [1, 0, 0, 10], "texture": "#3"},
				"up": {"uv": [0, 1, 10, 0], "texture": "#3"},
				"down": {"uv": [0, 1, 10, 0], "texture": "#3"}
			}
		},
		{
			"from": [2.9, 9, 7.401],
			"to": [3.9, 10, 7.601],
			"rotation": {"angle": 0, "axis": "y", "origin": [0, 0, 16]},
			"faces": {
				"north": {"uv": [1.75, 8.75, 2, 9], "texture": "#1"},
				"east": {"uv": [1, 0, 0, 10], "texture": "#3"},
				"south": {"uv": [0.75, 10.5, 0.5, 10.75], "texture": "#1"},
				"west": {"uv": [1, 0, 0, 10], "texture": "#3"},
				"up": {"uv": [0, 1, 10, 0], "texture": "#3"},
				"down": {"uv": [0, 1, 10, 0], "texture": "#3"}
			}
		},
		{
			"from": [1.9, 9, 7.401],
			"to": [2.9, 10, 7.601],
			"rotation": {"angle": 0, "axis": "y", "origin": [0, 0, 16]},
			"faces": {
				"north": {"uv": [1.75, 8.75, 2, 9], "texture": "#1"},
				"east": {"uv": [1, 0, 0, 10], "texture": "#3"},
				"south": {"uv": [0.5, 10.5, 0.25, 10.75], "texture": "#1"},
				"west": {"uv": [1, 0, 0, 10], "texture": "#3"},
				"up": {"uv": [0, 1, 10, 0], "texture": "#3"},
				"down": {"uv": [0, 1, 10, 0], "texture": "#3"}
			}
		},
		{
			"from": [1.9, 10, 7.401],
			"to": [2.9, 11, 7.601],
			"rotation": {"angle": 0, "axis": "y", "origin": [0, 0, 16]},
			"faces": {
				"north": {"uv": [1.75, 8.75, 2, 9], "texture": "#1"},
				"east": {"uv": [1, 0, 0, 10], "texture": "#3"},
				"south": {"uv": [0.5, 10.5, 0.25, 10.75], "texture": "#1"},
				"west": {"uv": [1, 0, 0, 10], "texture": "#3"},
				"up": {"uv": [0, 1, 10, 0], "texture": "#3"},
				"down": {"uv": [0, 1, 10, 0], "texture": "#3"}
			}
		},
		{
			"from": [0.9, 10, 7.401],
			"to": [1.9, 11, 7.601],
			"rotation": {"angle": 0, "axis": "y", "origin": [0, 0, 16]},
			"faces": {
				"north": {"uv": [1.75, 8.75, 2, 9], "texture": "#1"},
				"east": {"uv": [1, 0, 0, 10], "texture": "#3"},
				"south": {"uv": [0.5, 10.5, 0.25, 10.75], "texture": "#1"},
				"west": {"uv": [1, 0, 0, 10], "texture": "#3"},
				"up": {"uv": [0, 1, 10, 0], "texture": "#3"},
				"down": {"uv": [0, 1, 10, 0], "texture": "#3"}
			}
		},
		{
			"from": [0.9, 11, 7.401],
			"to": [1.9, 12, 7.601],
			"rotation": {"angle": 0, "axis": "y", "origin": [0, 0, 16]},
			"faces": {
				"north": {"uv": [1.75, 8.75, 2, 9], "texture": "#1"},
				"east": {"uv": [1, 0, 0, 10], "texture": "#3"},
				"south": {"uv": [0.5, 10.5, 0.25, 10.75], "texture": "#1"},
				"west": {"uv": [1, 0, 0, 10], "texture": "#3"},
				"up": {"uv": [0, 1, 10, 0], "texture": "#3"},
				"down": {"uv": [0, 1, 10, 0], "texture": "#3"}
			}
		},
		{
			"from": [5.5, 12.1, 7.401],
			"to": [6.5, 13.1, 7.601],
			"rotation": {"angle": 0, "axis": "y", "origin": [0, 0, 16]},
			"faces": {
				"north": {"uv": [2, 9.75, 2.25, 10], "texture": "#1"},
				"east": {"uv": [1, 0, 0, 10], "texture": "#3"},
				"south": {"uv": [1.5, 9.75, 1.25, 10], "texture": "#1"},
				"west": {"uv": [1, 0, 0, 10], "texture": "#3"},
				"up": {"uv": [0, 1, 10, 0], "texture": "#3"},
				"down": {"uv": [0, 1, 10, 0], "texture": "#3"}
			}
		},
		{
			"from": [3.5, 14.1, 7.401],
			"to": [4.5, 15.1, 7.601],
			"rotation": {"angle": 0, "axis": "y", "origin": [0, 0, 16]},
			"faces": {
				"north": {"uv": [2.5, 9.25, 2.75, 9.5], "texture": "#1"},
				"east": {"uv": [1, 0, 0, 10], "texture": "#3"},
				"south": {"uv": [1, 9.25, 0.75, 9.5], "texture": "#1"},
				"west": {"uv": [1, 0, 0, 10], "texture": "#3"},
				"up": {"uv": [0, 1, 10, 0], "texture": "#3"},
				"down": {"uv": [0, 1, 10, 0], "texture": "#3"}
			}
		},
		{
			"from": [3.5, 13.1, 7.401],
			"to": [4.5, 14.1, 7.601],
			"rotation": {"angle": 0, "axis": "y", "origin": [0, 0, 16]},
			"faces": {
				"north": {"uv": [2.5, 9.5, 2.75, 9.75], "texture": "#1"},
				"east": {"uv": [1, 0, 0, 10], "texture": "#3"},
				"south": {"uv": [1, 9.5, 0.75, 9.75], "texture": "#1"},
				"west": {"uv": [1, 0, 0, 10], "texture": "#3"},
				"up": {"uv": [0, 1, 10, 0], "texture": "#3"},
				"down": {"uv": [0, 1, 10, 0], "texture": "#3"}
			}
		},
		{
			"from": [4.5, 13.1, 7.401],
			"to": [5.5, 14.1, 7.601],
			"rotation": {"angle": 0, "axis": "y", "origin": [0, 0, 16]},
			"faces": {
				"north": {"uv": [2.25, 9.5, 2.5, 9.75], "texture": "#1"},
				"east": {"uv": [1, 0, 0, 10], "texture": "#3"},
				"south": {"uv": [1.25, 9.5, 1, 9.75], "texture": "#1"},
				"west": {"uv": [1, 0, 0, 10], "texture": "#3"},
				"up": {"uv": [0, 1, 10, 0], "texture": "#3"},
				"down": {"uv": [0, 1, 10, 0], "texture": "#3"}
			}
		},
		{
			"from": [4.5, 12.1, 7.401],
			"to": [5.5, 13.1, 7.601],
			"rotation": {"angle": 0, "axis": "y", "origin": [0, 0, 16]},
			"faces": {
				"north": {"uv": [2.25, 9.75, 2.5, 10], "texture": "#1"},
				"east": {"uv": [1, 0, 0, 10], "texture": "#3"},
				"south": {"uv": [1, 9.75, 1.25, 10], "texture": "#1"},
				"west": {"uv": [1, 0, 0, 10], "texture": "#3"},
				"up": {"uv": [0, 1, 10, 0], "texture": "#3"},
				"down": {"uv": [0, 1, 10, 0], "texture": "#3"}
			}
		}
	],
	"groups": [
		{
			"name": "cookie",
			"origin": [0, 0, 16],
			"color": 0,
			"children": [0, 1, 2, 3, 4, 5, 6, 7, 8, 9, 10, 11, 12, 13, 14, 15, 16, 17, 18, 19, 20, 21, 22, 23]
		},
		{
			"name": "south_fins",
			"origin": [8, 8, 8],
			"color": 0,
			"children": [
				{
					"name": "east_fins",
					"origin": [8, 8, 8],
					"color": 0,
					"children": [
						{
							"name": "fin",
							"origin": [16, 0, 16],
							"color": 0,
							"children": [24, 25, 26, 27, 28]
						},
						{
							"name": "fin",
							"origin": [16, 0, 16],
							"color": 0,
							"children": [29, 30, 31, 32, 33, 34]
						},
						{
							"name": "fin",
							"origin": [16, 0, 16],
							"color": 0,
							"children": [35, 36, 37, 38, 39]
						}
					]
				},
				{
					"name": "west_fins",
					"origin": [8, 8, 8],
					"color": 0,
					"children": [
						{
							"name": "fin",
							"origin": [0, 0, 16],
							"color": 0,
							"children": [40, 41, 42, 43, 44]
						},
						{
							"name": "fin",
							"origin": [0, 0, 16],
							"color": 0,
							"children": [45, 46, 47, 48, 49]
						},
						{
							"name": "fin",
							"origin": [0, 0, 16],
							"color": 0,
							"children": [50, 51, 52, 53, 54, 55]
						}
					]
				}
			]
		},
		{
			"name": "north_fins",
			"origin": [8, 8, 8],
			"color": 0,
			"children": [
				{
					"name": "west_fins",
					"origin": [8, 8, 8],
					"color": 0,
					"children": [
						{
							"name": "fin",
							"origin": [16, 0, 16],
							"color": 0,
							"children": [56, 57, 58, 59, 60]
						},
						{
							"name": "fin",
							"origin": [16, 0, 16],
							"color": 0,
							"children": [61, 62, 63, 64, 65, 66]
						},
						{
							"name": "fin",
							"origin": [16, 0, 16],
							"color": 0,
							"children": [67, 68, 69, 70, 71]
						}
					]
				},
				{
					"name": "east_fins",
					"origin": [8, 8, 8],
					"color": 0,
					"children": [
						{
							"name": "fin",
							"origin": [0, 0, 16],
							"color": 0,
							"children": [72, 73, 74, 75, 76]
						},
						{
							"name": "fin",
							"origin": [0, 0, 16],
							"color": 0,
							"children": [77, 78, 79, 80, 81, 82]
						},
						{
							"name": "fin",
							"origin": [0, 0, 16],
							"color": 0,
							"children": [83, 84, 85, 86, 87]
						}
					]
				}
			]
		}
	]
}
