{
	"credit": "Made with love for Christmas by Bear",
	"parent": "item/custom/christmas/cookies/display_properties",
	"textures": {
		"0": "block/white_concrete_powder",
		"1": "entity/chicken",
		"2": "item/cookie",
		"3": "block/red_concrete_powder",
		"particle": "block/white_concrete_powder"
	},
	"elements": [
		{
			"from": [4, 12, 7.498],
			"to": [12, 13, 7.598],
			"faces": {
				"north": {"uv": [0, 0, 8, 1], "texture": "#0"},
				"east": {"uv": [0, 0, 0.1, 1], "texture": "#0"},
				"west": {"uv": [0, 0, 0.1, 1], "texture": "#0"},
				"up": {"uv": [0, 0, 8, 0.1], "texture": "#0"},
				"down": {"uv": [0, 0, 8, 0.1], "texture": "#0"}
			}
		},
		{
			"from": [4, 12, 7.598],
			"to": [12, 13, 8.598],
			"faces": {
				"north": {"uv": [0, 0, 8, 1], "texture": "#0"},
				"east": {"uv": [0, 0, 1, 1], "texture": "#0"},
				"west": {"uv": [0, 0, 1, 1], "texture": "#0"},
				"up": {"uv": [0, 0, 8, 1], "texture": "#0"},
				"down": {"uv": [0, 0, 8, 1], "texture": "#0"}
			}
		},
		{
			"from": [4, 13, 7.598],
			"to": [12, 14, 8.598],
			"faces": {
				"north": {"uv": [5, 2, 11, 3], "texture": "#2"},
				"east": {"uv": [10, 2, 11, 3], "texture": "#2"},
				"south": {"uv": [5, 3, 11, 2], "texture": "#2"},
				"west": {"uv": [5, 2, 6, 3], "texture": "#2"},
				"up": {"uv": [5, 2, 11, 3], "texture": "#2"}
			}
		},
		{
			"from": [12, 12, 7.598],
			"to": [13, 13, 8.598],
			"faces": {
				"north": {"uv": [5, 2, 11, 3], "texture": "#2"},
				"east": {"uv": [10, 2, 11, 3], "texture": "#2"},
				"south": {"uv": [5, 3, 11, 2], "texture": "#2"},
				"west": {"uv": [5, 2, 6, 3], "texture": "#2"},
				"up": {"uv": [5, 2, 11, 3], "texture": "#2"}
			}
		},
		{
			"from": [12, 3, 7.598],
			"to": [13, 4, 8.598],
			"faces": {
				"north": {"uv": [5, 13, 7, 14], "texture": "#2"},
				"east": {"uv": [5, 13, 6, 14], "texture": "#2"},
				"south": {"uv": [5, 14, 6, 13], "texture": "#2"},
				"west": {"uv": [5, 2, 6, 3], "texture": "#2"},
				"up": {"uv": [5, 13, 6, 14], "texture": "#2"},
				"down": {"uv": [7, 13, 8, 14], "texture": "#2"}
			}
		},
		{
			"from": [3, 3, 7.598],
			"to": [4, 4, 8.598],
			"faces": {
				"north": {"uv": [10, 13, 11, 14], "texture": "#2"},
				"east": {"uv": [10, 13, 11, 14], "texture": "#2"},
				"south": {"uv": [10, 14, 11, 13], "texture": "#2"},
				"west": {"uv": [10, 13, 11, 14], "texture": "#2"},
				"up": {"uv": [10, 13, 11, 14], "texture": "#2"},
				"down": {"uv": [7, 13, 8, 14], "texture": "#2"}
			}
		},
		{
			"from": [3, 12, 7.598],
			"to": [4, 13, 8.598],
			"faces": {
				"north": {"uv": [5, 2, 11, 3], "texture": "#2"},
				"east": {"uv": [10, 2, 11, 3], "texture": "#2"},
				"south": {"uv": [5, 3, 11, 2], "texture": "#2"},
				"west": {"uv": [5, 2, 6, 3], "texture": "#2"},
				"up": {"uv": [5, 2, 11, 3], "texture": "#2"}
			}
		},
		{
			"from": [4, 2, 7.598],
			"to": [12, 3, 8.598],
			"faces": {
				"north": {"uv": [5, 13, 11, 14], "texture": "#2"},
				"east": {"uv": [10, 13, 11, 14], "texture": "#2"},
				"south": {"uv": [5, 14, 11, 13], "texture": "#2"},
				"west": {"uv": [5, 13, 6, 14], "texture": "#2"},
				"down": {"uv": [5, 13, 11, 14], "texture": "#2"}
			}
		},
		{
			"from": [4, 3, 7.598],
			"to": [12, 4, 8.598],
			"faces": {
				"north": {"uv": [0, 0, 8, 1], "texture": "#0"},
				"east": {"uv": [0, 0, 1, 1], "texture": "#0"},
				"west": {"uv": [0, 0, 1, 1], "texture": "#0"},
				"up": {"uv": [0, 0, 8, 1], "texture": "#0"},
				"down": {"uv": [0, 0, 8, 1], "texture": "#0"}
			}
		},
		{
			"from": [2, 4, 7.598],
			"to": [14, 12, 8.598],
			"faces": {
				"north": {"uv": [0, 0, 12, 8], "texture": "#0"},
				"east": {"uv": [14, 5, 15, 11], "texture": "#2"},
				"west": {"uv": [1, 5, 2, 11], "texture": "#2"},
				"up": {"uv": [3, 3, 13, 4], "texture": "#2"},
				"down": {"uv": [11, 13, 10, 14], "texture": "#2"}
			}
		},
		{
			"from": [3, 4, 7.499],
			"to": [13, 12, 7.599],
			"faces": {
				"north": {"uv": [0.5, 1.75, 1.975, 4.525], "texture": "#1"},
				"east": {"uv": [0, 0, 1, 10], "texture": "#0"},
				"west": {"uv": [0, 0, 1, 10], "texture": "#0"},
				"up": {"uv": [0, 0, 10, 1], "texture": "#0"},
				"down": {"uv": [0, 0, 10, 1], "texture": "#0"}
			}
		},
		{
			"from": [4.2, 7, 6.699],
			"to": [11.6, 10, 7.499],
			"faces": {
				"north": {"uv": [3.5, 1, 5.4, 2], "texture": "#1"},
				"east": {"uv": [4.25, 1, 3.75, 2], "texture": "#1"},
				"south": {"uv": [4.25, 1, 5.9, 2], "texture": "#1"},
				"west": {"uv": [5.25, 1, 5, 2], "texture": "#1"},
				"up": {"uv": [4, 0, 5, 1], "rotation": 180, "texture": "#1"},
				"down": {"uv": [4.25, 1, 6.15, 1.95], "texture": "#1"}
			}
		},
		{
			"from": [6.2, 4, 8.699],
			"to": [9.6, 7, 9.099],
			"faces": {
				"north": {"uv": [1, 3.5, 4.4, 6.5], "texture": "#3"},
				"east": {"uv": [0, 0, 0.7, 3], "texture": "#3"},
				"south": {"uv": [0, 0, 3.4, 3], "texture": "#3"},
				"west": {"uv": [0, 0, 0.7, 3], "texture": "#3"},
				"up": {"uv": [0, 0, 3.4, 0.7], "texture": "#3"},
				"down": {"uv": [0, 0, 3.4, 0.7], "texture": "#3"}
			}
		},
		{
			"from": [4.2, 7, 8.699],
			"to": [11.6, 10, 9.499],
			"faces": {
				"north": {"uv": [3.5, 1, 5.4, 2], "texture": "#1"},
				"east": {"uv": [4.25, 1, 3.75, 2], "texture": "#1"},
				"south": {"uv": [4.25, 1, 5.9, 2], "texture": "#1"},
				"west": {"uv": [5.25, 1, 5, 2], "texture": "#1"},
				"up": {"uv": [4, 0, 5, 1], "rotation": 180, "texture": "#1"},
				"down": {"uv": [4.25, 1, 6.15, 1.95], "texture": "#1"}
			}
		},
		{
			"from": [6.2, 4, 7.199],
			"to": [9.6, 7, 7.499],
			"faces": {
				"north": {"uv": [1, 3.5, 4.4, 6.5], "texture": "#3"},
				"east": {"uv": [0, 0, 0.7, 3], "texture": "#3"},
				"south": {"uv": [0, 0, 3.4, 3], "texture": "#3"},
				"west": {"uv": [0, 0, 0.7, 3], "texture": "#3"},
				"up": {"uv": [0, 0, 3.4, 0.7], "texture": "#3"},
				"down": {"uv": [0, 0, 3.4, 0.7], "texture": "#3"}
			}
		},
		{
			"from": [13, 4, 8.602],
			"to": [14, 12, 8.702],
			"rotation": {"angle": 0, "axis": "y", "origin": [0, 0, 16]},
			"faces": {
				"east": {"uv": [13.9, 5, 15, 11], "texture": "#2"},
				"south": {"uv": [14, 5, 15, 11], "texture": "#2"},
				"west": {"uv": [0.1, 0, 0.2, 8], "texture": "#0"},
				"up": {"uv": [5, 2.1, 6, 3.2], "texture": "#2"},
				"down": {"uv": [5, 13.1, 6, 13.2], "texture": "#2"}
			}
		},
		{
			"from": [4, 3, 8.602],
			"to": [12, 4, 8.702],
			"rotation": {"angle": 0, "axis": "y", "origin": [0, 0, 16]},
			"faces": {
				"east": {"uv": [0.1, 0, 0.2, 1], "texture": "#0"},
				"south": {"uv": [6, 0, 14, 1], "texture": "#0"},
				"west": {"uv": [0.1, 0, 0.2, 1], "texture": "#0"},
				"up": {"uv": [0, 0.1, 8, 0.2], "texture": "#0"},
				"down": {"uv": [0, 0.1, 8, 0.2], "texture": "#0"}
			}
		},
		{
			"from": [2, 4, 8.602],
			"to": [3, 12, 8.702],
			"rotation": {"angle": 0, "axis": "y", "origin": [0, 0, 16]},
			"faces": {
				"east": {"uv": [0.1, 0, 0.2, 8], "texture": "#0"},
				"south": {"uv": [1, 5, 2, 11], "texture": "#2"},
				"west": {"uv": [1.1, 5, 1.2, 11], "texture": "#2"},
				"up": {"uv": [5, 2.1, 6, 3.2], "texture": "#2"},
				"down": {"uv": [5, 13.1, 6, 13.2], "texture": "#2"}
			}
		},
		{
			"from": [3, 4, 8.602],
			"to": [4, 12, 8.702],
			"rotation": {"angle": 0, "axis": "y", "origin": [0, 0, 16]},
			"faces": {
				"east": {"uv": [0, 0, 0, 8], "texture": "#0"},
				"south": {"uv": [1, 0, 0, 10], "texture": "#0"},
				"west": {"uv": [0, 0, 0, 8], "texture": "#0"},
				"up": {"uv": [0, 0, 1, 0], "texture": "#0"},
				"down": {"uv": [0, 0, 1, 0], "texture": "#0"}
			}
		},
		{
			"from": [12, 4, 8.602],
			"to": [13, 12, 8.702],
			"rotation": {"angle": 0, "axis": "y", "origin": [0, 0, 16]},
			"faces": {
				"east": {"uv": [0, 0, 0, 8], "texture": "#0"},
				"south": {"uv": [1, 0, 0, 9], "texture": "#0"},
				"west": {"uv": [0, 0, 0, 8], "texture": "#0"},
				"up": {"uv": [0, 0, 1, 0], "texture": "#0"},
				"down": {"uv": [0, 0, 1, 0], "texture": "#0"}
			}
		},
		{
			"from": [4, 12, 8.602],
			"to": [12, 13, 8.702],
			"rotation": {"angle": 0, "axis": "y", "origin": [0, 0, 16]},
			"faces": {
				"east": {"uv": [0.1, 0, 0.2, 1], "texture": "#0"},
				"south": {"uv": [6, 0, 14, 1], "texture": "#0"},
				"west": {"uv": [0.1, 0, 0.2, 1], "texture": "#0"},
				"up": {"uv": [0, 0.1, 8, 0.2], "texture": "#0"},
				"down": {"uv": [0, 0.1, 8, 0.2], "texture": "#0"}
			}
		},
		{
			"from": [3, 4, 8.601],
			"to": [13, 12, 8.701],
			"rotation": {"angle": 0, "axis": "y", "origin": [0, 0, 16]},
			"faces": {
				"east": {"uv": [1, 0, 0, 10], "texture": "#0"},
				"south": {"uv": [2, 1.75, 0.5, 4.5], "texture": "#1"},
				"west": {"uv": [1, 0, 0, 10], "texture": "#0"},
				"up": {"uv": [0, 1, 10, 0], "texture": "#0"},
				"down": {"uv": [0, 1, 10, 0], "texture": "#0"}
			}
		},
		{
			"from": [4, 3, 7.498],
			"to": [12, 4, 7.598],
			"faces": {
				"north": {"uv": [0, 0, 8, 1], "texture": "#0"},
				"east": {"uv": [0, 0, 0.1, 1], "texture": "#0"},
				"west": {"uv": [0, 0, 0.1, 1], "texture": "#0"},
				"up": {"uv": [0, 0, 8, 0.1], "texture": "#0"},
				"down": {"uv": [0, 0, 8, 0.1], "texture": "#0"}
			}
		},
		{
			"from": [12, 4, 7.498],
			"to": [13, 12, 7.598],
			"faces": {
				"north": {"uv": [0, 0, 1, 9], "texture": "#0"},
				"east": {"uv": [0, 0, 0, 8], "texture": "#0"},
				"west": {"uv": [0, 0, 0, 8], "texture": "#0"},
				"up": {"uv": [0, 0, 1, 0], "texture": "#0"},
				"down": {"uv": [0, 0, 1, 0], "texture": "#0"}
			}
		},
		{
			"from": [3, 4, 7.498],
			"to": [4, 12, 7.598],
			"faces": {
				"north": {"uv": [0, 0, 1, 10], "texture": "#0"},
				"east": {"uv": [0, 0, 0, 8], "texture": "#0"},
				"west": {"uv": [0, 0, 0, 8], "texture": "#0"},
				"up": {"uv": [0, 0, 1, 0], "texture": "#0"},
				"down": {"uv": [0, 0, 1, 0], "texture": "#0"}
			}
		},
		{
			"from": [13, 4, 7.498],
			"to": [14, 12, 7.598],
			"faces": {
				"north": {"uv": [1, 5, 2, 11], "texture": "#2"},
				"east": {"uv": [14, 5, 15.1, 11], "texture": "#2"},
				"west": {"uv": [0, 0, 0.1, 8], "texture": "#0"},
				"up": {"uv": [5, 2, 6, 3.1], "texture": "#2"},
				"down": {"uv": [5, 13, 6, 13.1], "texture": "#2"}
			}
		},
		{
			"from": [2, 4, 7.498],
			"to": [3, 12, 7.598],
			"faces": {
				"north": {"uv": [1, 5, 2, 11], "texture": "#2"},
				"east": {"uv": [0, 0, 0.1, 8], "texture": "#0"},
				"west": {"uv": [1, 5, 1.1, 11], "texture": "#2"},
				"up": {"uv": [5, 2, 6, 3.1], "texture": "#2"},
				"down": {"uv": [5, 13, 6, 13.1], "texture": "#2"}
			}
		}
	]
}
