{
	"credit": "Made with love for Christmas by Bear",
	"parent": "item/custom/christmas/cookies/display_properties",
	"textures": {
		"0": "item/cookie",
		"particle": "item/cookie"
	},
	"elements": [
		{
			"from": [3, 4, 7],
			"to": [13, 6, 8],
			"faces": {
				"north": {"uv": [3, 8, 13, 10], "rotation": 180, "texture": "#0"},
				"east": {"uv": [8, 3, 10, 4], "rotation": 90, "texture": "#0"},
				"south": {"uv": [3, 8, 13, 10], "texture": "#0"},
				"west": {"uv": [8, 3, 10, 4], "rotation": 270, "texture": "#0"},
				"up": {"uv": [2, 7, 12, 8], "texture": "#0"},
				"down": {"uv": [2, 8, 12, 9], "rotation": 180, "texture": "#0"}
			}
		},
		{
			"from": [6, 0, 7],
			"to": [10, 2, 8],
			"faces": {
				"north": {"uv": [2, 4, 6, 6], "rotation": 180, "texture": "#0"},
				"east": {"uv": [8, 3, 10, 4], "rotation": 90, "texture": "#0"},
				"south": {"uv": [2, 5, 6, 7], "texture": "#0"},
				"west": {"uv": [8, 3, 10, 4], "rotation": 270, "texture": "#0"},
				"up": {"uv": [2, 7, 6, 8], "texture": "#0"},
				"down": {"uv": [2, 8, 6, 9], "rotation": 180, "texture": "#0"}
			}
		},
		{
			"from": [2, 2, 7],
			"to": [14, 4, 8],
			"faces": {
				"north": {"uv": [2, 10, 14, 12], "rotation": 180, "texture": "#0"},
				"east": {"uv": [5, 3, 7, 4], "rotation": 90, "texture": "#0"},
				"south": {"uv": [2, 10, 14, 12], "texture": "#0"},
				"west": {"uv": [4, 3, 6, 4], "rotation": 270, "texture": "#0"},
				"up": {"uv": [2, 6, 14, 7], "texture": "#0"},
				"down": {"uv": [2, 8, 14, 9], "rotation": 180, "texture": "#0"}
			}
		},
		{
			"from": [4, 6, 7],
			"to": [12, 8, 8],
			"faces": {
				"north": {"uv": [4, 6, 12, 8], "rotation": 180, "texture": "#0"},
				"east": {"uv": [8, 3, 10, 4], "rotation": 90, "texture": "#0"},
				"south": {"uv": [4, 6, 12, 8], "texture": "#0"},
				"west": {"uv": [8, 3, 10, 4], "rotation": 270, "texture": "#0"},
				"up": {"uv": [2, 7, 10, 8], "texture": "#0"},
				"down": {"uv": [2, 8, 10, 9], "rotation": 180, "texture": "#0"}
			}
		},
		{
			"from": [6, 10, 7],
			"to": [10, 12, 8],
			"faces": {
				"north": {"uv": [5, 3, 9, 5], "rotation": 180, "texture": "#0"},
				"east": {"uv": [8, 3, 10, 4], "rotation": 90, "texture": "#0"},
				"south": {"uv": [6, 2, 10, 4], "texture": "#0"},
				"west": {"uv": [5, 3, 7, 4], "rotation": 270, "texture": "#0"},
				"up": {"uv": [2, 7, 6, 8], "texture": "#0"},
				"down": {"uv": [2, 8, 6, 9], "rotation": 180, "texture": "#0"}
			}
		},
		{
			"from": [7, 12, 7],
			"to": [9, 14, 8],
			"faces": {
				"north": {"uv": [9, 4, 11, 6], "rotation": 180, "texture": "#0"},
				"east": {"uv": [5, 7, 7, 8], "rotation": 90, "texture": "#0"},
				"south": {"uv": [8, 2, 10, 4], "texture": "#0"},
				"west": {"uv": [8, 3, 10, 4], "rotation": 270, "texture": "#0"},
				"up": {"uv": [3, 5, 5, 6], "texture": "#0"},
				"down": {"uv": [2, 8, 4, 9], "rotation": 180, "texture": "#0"}
			}
		},
		{
			"from": [5, 8, 7],
			"to": [11, 10, 8],
			"faces": {
				"north": {"uv": [5, 4, 11, 6], "rotation": 180, "texture": "#0"},
				"east": {"uv": [10, 6, 12, 7], "rotation": 90, "texture": "#0"},
				"south": {"uv": [5, 4, 11, 6], "texture": "#0"},
				"west": {"uv": [8, 3, 10, 4], "rotation": 270, "texture": "#0"},
				"up": {"uv": [8, 7, 14, 8], "texture": "#0"},
				"down": {"uv": [2, 8, 8, 9], "rotation": 180, "texture": "#0"}
				}
			}
		]
}
