{
	"credit": "Made with love for Christmas by Bear",
	"parent": "item/custom/christmas/cookies/display_properties",
	"textures": {
		"0": "item/cookie",
		"1": "block/green_concrete_powder",
		"2": "block/red_concrete_powder",
		"3": "block/yellow_concrete_powder",
		"4": "block/white_concrete_powder",
		"particle": "item/cookie"
	},
	"elements": [
		{
			"from": [6, 0, 7],
			"to": [10, 2, 8],
			"faces": {
				"north": {"uv": [2, 4, 6, 6], "rotation": 180, "texture": "#0"},
				"east": {"uv": [8, 3, 10, 4], "rotation": 90, "texture": "#0"},
				"south": {"uv": [2, 5, 6, 7], "texture": "#0"},
				"west": {"uv": [8, 3, 10, 4], "rotation": 270, "texture": "#0"},
				"up": {"uv": [2, 7, 6, 8], "texture": "#0"},
				"down": {"uv": [2, 8, 6, 9], "rotation": 180, "texture": "#0"}
			}
		},
		{
			"from": [2, 2, 7],
			"to": [14, 4, 8],
			"faces": {
				"north": {"uv": [2, 10, 14, 12], "rotation": 180, "texture": "#0"},
				"east": {"uv": [5, 3, 7, 4], "rotation": 90, "texture": "#0"},
				"south": {"uv": [2, 10, 14, 12], "texture": "#0"},
				"west": {"uv": [4, 3, 6, 4], "rotation": 270, "texture": "#0"},
				"up": {"uv": [2, 6, 14, 7], "texture": "#0"},
				"down": {"uv": [2, 8, 14, 9], "rotation": 180, "texture": "#0"}
			}
		},
		{
			"from": [4, 6, 7],
			"to": [12, 8, 8],
			"faces": {
				"north": {"uv": [4, 6, 12, 8], "rotation": 180, "texture": "#0"},
				"east": {"uv": [8, 3, 10, 4], "rotation": 90, "texture": "#0"},
				"south": {"uv": [4, 6, 12, 8], "texture": "#0"},
				"west": {"uv": [8, 3, 10, 4], "rotation": 270, "texture": "#0"},
				"up": {"uv": [2, 7, 10, 8], "texture": "#0"},
				"down": {"uv": [2, 8, 10, 9], "rotation": 180, "texture": "#0"}
			}
		},
		{
			"from": [6, 10, 7],
			"to": [10, 12, 8],
			"faces": {
				"north": {"uv": [5, 3, 9, 5], "rotation": 180, "texture": "#0"},
				"east": {"uv": [8, 3, 10, 4], "rotation": 90, "texture": "#0"},
				"south": {"uv": [6, 2, 10, 4], "texture": "#0"},
				"west": {"uv": [5, 3, 7, 4], "rotation": 270, "texture": "#0"},
				"up": {"uv": [2, 7, 6, 8], "texture": "#0"},
				"down": {"uv": [2, 8, 6, 9], "rotation": 180, "texture": "#0"}
			}
		},
		{
			"from": [7, 12, 7],
			"to": [9, 14, 8],
			"faces": {
				"north": {"uv": [9, 4, 11, 6], "rotation": 180, "texture": "#0"},
				"east": {"uv": [5, 7, 7, 8], "rotation": 90, "texture": "#0"},
				"south": {"uv": [8, 2, 10, 4], "texture": "#0"},
				"west": {"uv": [8, 3, 10, 4], "rotation": 270, "texture": "#0"},
				"up": {"uv": [3, 5, 5, 6], "texture": "#0"},
				"down": {"uv": [2, 8, 4, 9], "rotation": 180, "texture": "#0"}
			}
		},
		{
			"from": [5, 8, 7],
			"to": [11, 10, 8],
			"faces": {
				"north": {"uv": [5, 4, 11, 6], "rotation": 180, "texture": "#0"},
				"east": {"uv": [10, 6, 12, 7], "rotation": 90, "texture": "#0"},
				"south": {"uv": [5, 4, 11, 6], "texture": "#0"},
				"west": {"uv": [8, 3, 10, 4], "rotation": 270, "texture": "#0"},
				"up": {"uv": [8, 7, 14, 8], "texture": "#0"},
				"down": {"uv": [2, 8, 8, 9], "rotation": 180, "texture": "#0"}
			}
		},
		{
			"from": [3, 4, 7],
			"to": [13, 6, 8],
			"faces": {
				"north": {"uv": [3, 8, 13, 10], "rotation": 180, "texture": "#0"},
				"east": {"uv": [8, 3, 10, 4], "rotation": 90, "texture": "#0"},
				"south": {"uv": [3, 8, 13, 10], "texture": "#0"},
				"west": {"uv": [8, 3, 10, 4], "rotation": 270, "texture": "#0"},
				"up": {"uv": [2, 7, 12, 8], "texture": "#0"},
				"down": {"uv": [2, 8, 12, 9], "rotation": 180, "texture": "#0"}
			}
		},
		{
			"from": [2.3, 2.3, 6.9],
			"to": [13.7, 3.7, 7],
			"faces": {
				"north": {"uv": [2, 10, 14, 12], "rotation": 180, "texture": "#1"},
				"east": {"uv": [5, 3, 7, 4], "rotation": 90, "texture": "#1"},
				"south": {"uv": [2, 10, 14, 12], "texture": "#1"},
				"west": {"uv": [4, 3, 6, 4], "rotation": 270, "texture": "#1"},
				"up": {"uv": [2, 6, 14, 7], "texture": "#1"},
				"down": {"uv": [2, 8, 14, 9], "rotation": 180, "texture": "#1"}
			}
		},
		{
			"from": [3.3, 3.7, 6.9],
			"to": [12.7, 5.7, 7],
			"faces": {
				"north": {"uv": [3, 8, 13, 11], "rotation": 180, "texture": "#1"},
				"east": {"uv": [8, 3, 10, 4], "rotation": 90, "texture": "#1"},
				"south": {"uv": [3, 8, 13, 10], "texture": "#1"},
				"west": {"uv": [8, 3, 10, 4], "rotation": 270, "texture": "#1"},
				"up": {"uv": [2, 7, 12, 8], "texture": "#1"},
				"down": {"uv": [2, 8, 12, 9], "rotation": 180, "texture": "#1"}
			}
		},
		{
			"from": [4.3, 5.7, 6.9],
			"to": [11.7, 7.7, 7],
			"faces": {
				"north": {"uv": [4, 6, 12, 9], "rotation": 180, "texture": "#1"},
				"east": {"uv": [8, 3, 10, 4], "rotation": 90, "texture": "#1"},
				"south": {"uv": [4, 6, 12, 8], "texture": "#1"},
				"west": {"uv": [8, 3, 10, 4], "rotation": 270, "texture": "#1"},
				"up": {"uv": [2, 7, 10, 8], "texture": "#1"},
				"down": {"uv": [2, 8, 10, 9], "rotation": 180, "texture": "#1"}
			}
		},
		{
			"from": [5.3, 7.7, 6.9],
			"to": [10.7, 9.7, 7],
			"faces": {
				"north": {"uv": [5, 4, 11, 7], "rotation": 180, "texture": "#1"},
				"east": {"uv": [10, 6, 12, 7], "rotation": 90, "texture": "#1"},
				"south": {"uv": [5, 4, 11, 6], "texture": "#1"},
				"west": {"uv": [8, 3, 10, 4], "rotation": 270, "texture": "#1"},
				"up": {"uv": [8, 7, 14, 8], "texture": "#1"},
				"down": {"uv": [2, 8, 8, 9], "rotation": 180, "texture": "#1"}
			}
		},
		{
			"from": [6.3, 9.7, 6.9],
			"to": [9.7, 11.7, 7],
			"faces": {
				"north": {"uv": [5, 3, 9, 6], "rotation": 180, "texture": "#1"},
				"east": {"uv": [8, 3, 10, 4], "rotation": 90, "texture": "#1"},
				"south": {"uv": [6, 2, 10, 4], "texture": "#1"},
				"west": {"uv": [5, 3, 7, 4], "rotation": 270, "texture": "#1"},
				"up": {"uv": [2, 7, 6, 8], "texture": "#1"},
				"down": {"uv": [2, 8, 6, 9], "rotation": 180, "texture": "#1"}
			}
		},
		{
			"from": [7.3, 11.7, 6.9],
			"to": [8.7, 13.7, 7],
			"faces": {
				"north": {"uv": [9, 4, 11, 7], "rotation": 180, "texture": "#1"},
				"east": {"uv": [5, 7, 7, 8], "rotation": 90, "texture": "#1"},
				"south": {"uv": [8, 2, 10, 4], "texture": "#1"},
				"west": {"uv": [8, 3, 10, 4], "rotation": 270, "texture": "#1"},
				"up": {"uv": [3, 5, 5, 6], "texture": "#1"},
				"down": {"uv": [2, 8, 4, 9], "rotation": 180, "texture": "#1"}
			}
		},
		{
			"from": [2.3, 2.3, 8],
			"to": [13.7, 3.7, 8.1],
			"faces": {
				"north": {"uv": [2, 10, 14, 12], "rotation": 180, "texture": "#1"},
				"east": {"uv": [5, 3, 7, 4], "rotation": 90, "texture": "#1"},
				"south": {"uv": [2, 10, 14, 12], "texture": "#1"},
				"west": {"uv": [4, 3, 6, 4], "rotation": 270, "texture": "#1"},
				"up": {"uv": [2, 6, 14, 7], "texture": "#1"},
				"down": {"uv": [2, 8, 14, 9], "rotation": 180, "texture": "#1"}
			}
		},
		{
			"from": [3.3, 3.7, 8],
			"to": [12.7, 5.7, 8.1],
			"faces": {
				"north": {"uv": [3, 8, 13, 11], "rotation": 180, "texture": "#1"},
				"east": {"uv": [8, 3, 10, 4], "rotation": 90, "texture": "#1"},
				"south": {"uv": [3, 8, 13, 10], "texture": "#1"},
				"west": {"uv": [8, 3, 10, 4], "rotation": 270, "texture": "#1"},
				"up": {"uv": [2, 7, 12, 8], "texture": "#1"},
				"down": {"uv": [2, 8, 12, 9], "rotation": 180, "texture": "#1"}
			}
		},
		{
			"from": [4.3, 5.7, 8],
			"to": [11.7, 7.7, 8.1],
			"faces": {
				"north": {"uv": [4, 6, 12, 9], "rotation": 180, "texture": "#1"},
				"east": {"uv": [8, 3, 10, 4], "rotation": 90, "texture": "#1"},
				"south": {"uv": [4, 6, 12, 8], "texture": "#1"},
				"west": {"uv": [8, 3, 10, 4], "rotation": 270, "texture": "#1"},
				"up": {"uv": [2, 7, 10, 8], "texture": "#1"},
				"down": {"uv": [2, 8, 10, 9], "rotation": 180, "texture": "#1"}
			}
		},
		{
			"from": [5.3, 7.7, 8],
			"to": [10.7, 9.7, 8.1],
			"faces": {
				"north": {"uv": [5, 4, 11, 7], "rotation": 180, "texture": "#1"},
				"east": {"uv": [10, 6, 12, 7], "rotation": 90, "texture": "#1"},
				"south": {"uv": [5, 4, 11, 6], "texture": "#1"},
				"west": {"uv": [8, 3, 10, 4], "rotation": 270, "texture": "#1"},
				"up": {"uv": [8, 7, 14, 8], "texture": "#1"},
				"down": {"uv": [2, 8, 8, 9], "rotation": 180, "texture": "#1"}
			}
		},
		{
			"from": [6.3, 9.7, 8],
			"to": [9.7, 11.7, 8.1],
			"faces": {
				"north": {"uv": [5, 3, 9, 6], "rotation": 180, "texture": "#1"},
				"east": {"uv": [8, 3, 10, 4], "rotation": 90, "texture": "#1"},
				"south": {"uv": [6, 2, 10, 4], "texture": "#1"},
				"west": {"uv": [5, 3, 7, 4], "rotation": 270, "texture": "#1"},
				"up": {"uv": [2, 7, 6, 8], "texture": "#1"},
				"down": {"uv": [2, 8, 6, 9], "rotation": 180, "texture": "#1"}
			}
		},
		{
			"from": [7.3, 11.7, 8],
			"to": [8.7, 13.7, 8.1],
			"faces": {
				"north": {"uv": [9, 4, 11, 7], "rotation": 180, "texture": "#1"},
				"east": {"uv": [5, 7, 7, 8], "rotation": 90, "texture": "#1"},
				"south": {"uv": [8, 2, 10, 4], "texture": "#1"},
				"west": {"uv": [8, 3, 10, 4], "rotation": 270, "texture": "#1"},
				"up": {"uv": [3, 5, 5, 6], "texture": "#1"},
				"down": {"uv": [2, 8, 4, 9], "rotation": 180, "texture": "#1"}
			}
		},
		{
			"from": [6.1, 4.1, 6.8],
			"to": [6.7, 4.7, 6.9],
			"faces": {
				"north": {"uv": [5, 4, 11, 7], "rotation": 180, "texture": "#2"},
				"east": {"uv": [10, 6, 12, 7], "rotation": 90, "texture": "#2"},
				"south": {"uv": [5, 4, 11, 6], "texture": "#2"},
				"west": {"uv": [8, 3, 10, 4], "rotation": 270, "texture": "#2"},
				"up": {"uv": [8, 7, 14, 8], "texture": "#2"},
				"down": {"uv": [2, 8, 8, 9], "rotation": 180, "texture": "#2"}
			}
		},
		{
			"from": [4.3, 3.4, 6.8],
			"to": [4.9, 4, 6.9],
			"faces": {
				"north": {"uv": [5, 4, 11, 7], "rotation": 180, "texture": "#3"},
				"east": {"uv": [10, 6, 12, 7], "rotation": 90, "texture": "#3"},
				"south": {"uv": [5, 4, 11, 6], "texture": "#3"},
				"west": {"uv": [8, 3, 10, 4], "rotation": 270, "texture": "#3"},
				"up": {"uv": [8, 7, 14, 8], "texture": "#3"},
				"down": {"uv": [2, 8, 8, 9], "rotation": 180, "texture": "#3"}
			}
		},
		{
			"from": [4.9, 5.9, 6.8],
			"to": [5.5, 6.5, 6.9],
			"faces": {
				"north": {"uv": [5, 4, 11, 7], "rotation": 180, "texture": "#3"},
				"east": {"uv": [10, 6, 12, 7], "rotation": 90, "texture": "#3"},
				"south": {"uv": [5, 4, 11, 6], "texture": "#3"},
				"west": {"uv": [8, 3, 10, 4], "rotation": 270, "texture": "#3"},
				"up": {"uv": [8, 7, 14, 8], "texture": "#3"},
				"down": {"uv": [2, 8, 8, 9], "rotation": 180, "texture": "#3"}
			}
		},
		{
			"from": [6.9, 6.6, 6.8],
			"to": [7.5, 7.2, 6.9],
			"faces": {
				"north": {"uv": [5, 4, 11, 7], "rotation": 180, "texture": "#2"},
				"east": {"uv": [10, 6, 12, 7], "rotation": 90, "texture": "#2"},
				"south": {"uv": [5, 4, 11, 6], "texture": "#2"},
				"west": {"uv": [8, 3, 10, 4], "rotation": 270, "texture": "#2"},
				"up": {"uv": [8, 7, 14, 8], "texture": "#2"},
				"down": {"uv": [2, 8, 8, 9], "rotation": 180, "texture": "#2"}
			}
		},
		{
			"from": [6.3, 8.4, 6.8],
			"to": [6.9, 9, 6.9],
			"faces": {
				"north": {"uv": [5, 4, 11, 7], "rotation": 180, "texture": "#3"},
				"east": {"uv": [10, 6, 12, 7], "rotation": 90, "texture": "#3"},
				"south": {"uv": [5, 4, 11, 6], "texture": "#3"},
				"west": {"uv": [8, 3, 10, 4], "rotation": 270, "texture": "#3"},
				"up": {"uv": [8, 7, 14, 8], "texture": "#3"},
				"down": {"uv": [2, 8, 8, 9], "rotation": 180, "texture": "#3"}
			}
		},
		{
			"from": [7.5, 10.6, 6.8],
			"to": [8.1, 11.2, 6.9],
			"faces": {
				"north": {"uv": [5, 4, 11, 7], "rotation": 180, "texture": "#2"},
				"east": {"uv": [10, 6, 12, 7], "rotation": 90, "texture": "#2"},
				"south": {"uv": [5, 4, 11, 6], "texture": "#2"},
				"west": {"uv": [8, 3, 10, 4], "rotation": 270, "texture": "#2"},
				"up": {"uv": [8, 7, 14, 8], "texture": "#2"},
				"down": {"uv": [2, 8, 8, 9], "rotation": 180, "texture": "#2"}
			}
		},
		{
			"from": [7.8, 12.3, 6.8],
			"to": [8.4, 12.9, 6.9],
			"faces": {
				"north": {"uv": [5, 4, 11, 7], "rotation": 180, "texture": "#3"},
				"east": {"uv": [10, 6, 12, 7], "rotation": 90, "texture": "#3"},
				"south": {"uv": [5, 4, 11, 6], "texture": "#3"},
				"west": {"uv": [8, 3, 10, 4], "rotation": 270, "texture": "#3"},
				"up": {"uv": [8, 7, 14, 8], "texture": "#3"},
				"down": {"uv": [2, 8, 8, 9], "rotation": 180, "texture": "#3"}
			}
		},
		{
			"from": [7.9, 7.7, 6.8],
			"to": [8.5, 8.3, 6.9],
			"faces": {
				"north": {"uv": [5, 4, 11, 7], "rotation": 180, "texture": "#4"},
				"east": {"uv": [10, 6, 12, 7], "rotation": 90, "texture": "#4"},
				"south": {"uv": [5, 4, 11, 6], "texture": "#4"},
				"west": {"uv": [8, 3, 10, 4], "rotation": 270, "texture": "#4"},
				"up": {"uv": [8, 7, 14, 8], "texture": "#4"},
				"down": {"uv": [2, 8, 8, 9], "rotation": 180, "texture": "#4"}
			}
		},
		{
			"from": [9.1, 8.1, 6.8],
			"to": [9.7, 8.7, 6.9],
			"faces": {
				"north": {"uv": [5, 4, 11, 7], "rotation": 180, "texture": "#2"},
				"east": {"uv": [10, 6, 12, 7], "rotation": 90, "texture": "#2"},
				"south": {"uv": [5, 4, 11, 6], "texture": "#2"},
				"west": {"uv": [8, 3, 10, 4], "rotation": 270, "texture": "#2"},
				"up": {"uv": [8, 7, 14, 8], "texture": "#2"},
				"down": {"uv": [2, 8, 8, 9], "rotation": 180, "texture": "#2"}
			}
		},
		{
			"from": [8.4, 9.8, 6.8],
			"to": [9, 10.4, 6.9],
			"faces": {
				"north": {"uv": [5, 4, 11, 7], "rotation": 180, "texture": "#4"},
				"east": {"uv": [10, 6, 12, 7], "rotation": 90, "texture": "#4"},
				"south": {"uv": [5, 4, 11, 6], "texture": "#4"},
				"west": {"uv": [8, 3, 10, 4], "rotation": 270, "texture": "#4"},
				"up": {"uv": [8, 7, 14, 8], "texture": "#4"},
				"down": {"uv": [2, 8, 8, 9], "rotation": 180, "texture": "#4"}
			}
		},
		{
			"from": [10.3, 6.8, 6.8],
			"to": [10.9, 7.4, 6.9],
			"faces": {
				"north": {"uv": [5, 4, 11, 7], "rotation": 180, "texture": "#4"},
				"east": {"uv": [10, 6, 12, 7], "rotation": 90, "texture": "#4"},
				"south": {"uv": [5, 4, 11, 6], "texture": "#4"},
				"west": {"uv": [8, 3, 10, 4], "rotation": 270, "texture": "#4"},
				"up": {"uv": [8, 7, 14, 8], "texture": "#4"},
				"down": {"uv": [2, 8, 8, 9], "rotation": 180, "texture": "#4"}
			}
		},
		{
			"from": [8.4, 5.9, 6.8],
			"to": [9, 6.5, 6.9],
			"faces": {
				"north": {"uv": [5, 4, 11, 7], "rotation": 180, "texture": "#3"},
				"east": {"uv": [10, 6, 12, 7], "rotation": 90, "texture": "#3"},
				"south": {"uv": [5, 4, 11, 6], "texture": "#3"},
				"west": {"uv": [8, 3, 10, 4], "rotation": 270, "texture": "#3"},
				"up": {"uv": [8, 7, 14, 8], "texture": "#3"},
				"down": {"uv": [2, 8, 8, 9], "rotation": 180, "texture": "#3"}
			}
		},
		{
			"from": [9.6, 4.8, 6.8],
			"to": [10.2, 5.4, 6.9],
			"faces": {
				"north": {"uv": [5, 4, 11, 7], "rotation": 180, "texture": "#4"},
				"east": {"uv": [10, 6, 12, 7], "rotation": 90, "texture": "#4"},
				"south": {"uv": [5, 4, 11, 6], "texture": "#4"},
				"west": {"uv": [8, 3, 10, 4], "rotation": 270, "texture": "#4"},
				"up": {"uv": [8, 7, 14, 8], "texture": "#4"},
				"down": {"uv": [2, 8, 8, 9], "rotation": 180, "texture": "#4"}
			}
		},
		{
			"from": [10.9, 4.6, 6.8],
			"to": [11.5, 5.2, 6.9],
			"faces": {
				"north": {"uv": [5, 4, 11, 7], "rotation": 180, "texture": "#2"},
				"east": {"uv": [10, 6, 12, 7], "rotation": 90, "texture": "#2"},
				"south": {"uv": [5, 4, 11, 6], "texture": "#2"},
				"west": {"uv": [8, 3, 10, 4], "rotation": 270, "texture": "#2"},
				"up": {"uv": [8, 7, 14, 8], "texture": "#2"},
				"down": {"uv": [2, 8, 8, 9], "rotation": 180, "texture": "#2"}
			}
		},
		{
			"from": [9.3, 3.4, 6.8],
			"to": [9.9, 4, 6.9],
			"faces": {
				"north": {"uv": [5, 4, 11, 7], "rotation": 180, "texture": "#3"},
				"east": {"uv": [10, 6, 12, 7], "rotation": 90, "texture": "#3"},
				"south": {"uv": [5, 4, 11, 6], "texture": "#3"},
				"west": {"uv": [8, 3, 10, 4], "rotation": 270, "texture": "#3"},
				"up": {"uv": [8, 7, 14, 8], "texture": "#3"},
				"down": {"uv": [2, 8, 8, 9], "rotation": 180, "texture": "#3"}
			}
		},
		{
			"from": [11.5, 2.9, 6.8],
			"to": [12.1, 3.5, 6.9],
			"faces": {
				"north": {"uv": [5, 4, 11, 7], "rotation": 180, "texture": "#4"},
				"east": {"uv": [10, 6, 12, 7], "rotation": 90, "texture": "#4"},
				"south": {"uv": [5, 4, 11, 6], "texture": "#4"},
				"west": {"uv": [8, 3, 10, 4], "rotation": 270, "texture": "#4"},
				"up": {"uv": [8, 7, 14, 8], "texture": "#4"},
				"down": {"uv": [2, 8, 8, 9], "rotation": 180, "texture": "#4"}
			}
		},
		{
			"from": [6.9, 2.9, 6.8],
			"to": [7.5, 3.5, 6.9],
			"faces": {
				"north": {"uv": [5, 4, 11, 7], "rotation": 180, "texture": "#4"},
				"east": {"uv": [10, 6, 12, 7], "rotation": 90, "texture": "#4"},
				"south": {"uv": [5, 4, 11, 6], "texture": "#4"},
				"west": {"uv": [8, 3, 10, 4], "rotation": 270, "texture": "#4"},
				"up": {"uv": [8, 7, 14, 8], "texture": "#4"},
				"down": {"uv": [2, 8, 8, 9], "rotation": 180, "texture": "#4"}
			}
		},
		{
			"from": [6.1, 4.1, 8.1],
			"to": [6.7, 4.7, 8.2],
			"faces": {
				"north": {"uv": [5, 4, 11, 7], "rotation": 180, "texture": "#2"},
				"east": {"uv": [10, 6, 12, 7], "rotation": 90, "texture": "#2"},
				"south": {"uv": [5, 4, 11, 6], "texture": "#2"},
				"west": {"uv": [8, 3, 10, 4], "rotation": 270, "texture": "#2"},
				"up": {"uv": [8, 7, 14, 8], "texture": "#2"},
				"down": {"uv": [2, 8, 8, 9], "rotation": 180, "texture": "#2"}
			}
		},
		{
			"from": [4.3, 3.4, 8.1],
			"to": [4.9, 4, 8.2],
			"faces": {
				"north": {"uv": [5, 4, 11, 7], "rotation": 180, "texture": "#3"},
				"east": {"uv": [10, 6, 12, 7], "rotation": 90, "texture": "#3"},
				"south": {"uv": [5, 4, 11, 6], "texture": "#3"},
				"west": {"uv": [8, 3, 10, 4], "rotation": 270, "texture": "#3"},
				"up": {"uv": [8, 7, 14, 8], "texture": "#3"},
				"down": {"uv": [2, 8, 8, 9], "rotation": 180, "texture": "#3"}
			}
		},
		{
			"from": [4.9, 5.9, 8.1],
			"to": [5.5, 6.5, 8.2],
			"faces": {
				"north": {"uv": [5, 4, 11, 7], "rotation": 180, "texture": "#3"},
				"east": {"uv": [10, 6, 12, 7], "rotation": 90, "texture": "#3"},
				"south": {"uv": [5, 4, 11, 6], "texture": "#3"},
				"west": {"uv": [8, 3, 10, 4], "rotation": 270, "texture": "#3"},
				"up": {"uv": [8, 7, 14, 8], "texture": "#3"},
				"down": {"uv": [2, 8, 8, 9], "rotation": 180, "texture": "#3"}
			}
		},
		{
			"from": [6.9, 6.6, 8.1],
			"to": [7.5, 7.2, 8.2],
			"faces": {
				"north": {"uv": [5, 4, 11, 7], "rotation": 180, "texture": "#2"},
				"east": {"uv": [10, 6, 12, 7], "rotation": 90, "texture": "#2"},
				"south": {"uv": [5, 4, 11, 6], "texture": "#2"},
				"west": {"uv": [8, 3, 10, 4], "rotation": 270, "texture": "#2"},
				"up": {"uv": [8, 7, 14, 8], "texture": "#2"},
				"down": {"uv": [2, 8, 8, 9], "rotation": 180, "texture": "#2"}
			}
		},
		{
			"from": [6.3, 8.4, 8.1],
			"to": [6.9, 9, 8.2],
			"faces": {
				"north": {"uv": [5, 4, 11, 7], "rotation": 180, "texture": "#3"},
				"east": {"uv": [10, 6, 12, 7], "rotation": 90, "texture": "#3"},
				"south": {"uv": [5, 4, 11, 6], "texture": "#3"},
				"west": {"uv": [8, 3, 10, 4], "rotation": 270, "texture": "#3"},
				"up": {"uv": [8, 7, 14, 8], "texture": "#3"},
				"down": {"uv": [2, 8, 8, 9], "rotation": 180, "texture": "#3"}
			}
		},
		{
			"from": [7.5, 10.6, 8.1],
			"to": [8.1, 11.2, 8.2],
			"faces": {
				"north": {"uv": [5, 4, 11, 7], "rotation": 180, "texture": "#2"},
				"east": {"uv": [10, 6, 12, 7], "rotation": 90, "texture": "#2"},
				"south": {"uv": [5, 4, 11, 6], "texture": "#2"},
				"west": {"uv": [8, 3, 10, 4], "rotation": 270, "texture": "#2"},
				"up": {"uv": [8, 7, 14, 8], "texture": "#2"},
				"down": {"uv": [2, 8, 8, 9], "rotation": 180, "texture": "#2"}
			}
		},
		{
			"from": [7.8, 12.3, 8.1],
			"to": [8.4, 12.9, 8.2],
			"faces": {
				"north": {"uv": [5, 4, 11, 7], "rotation": 180, "texture": "#3"},
				"east": {"uv": [10, 6, 12, 7], "rotation": 90, "texture": "#3"},
				"south": {"uv": [5, 4, 11, 6], "texture": "#3"},
				"west": {"uv": [8, 3, 10, 4], "rotation": 270, "texture": "#3"},
				"up": {"uv": [8, 7, 14, 8], "texture": "#3"},
				"down": {"uv": [2, 8, 8, 9], "rotation": 180, "texture": "#3"}
			}
		},
		{
			"from": [7.9, 7.7, 8.1],
			"to": [8.5, 8.3, 8.2],
			"faces": {
				"north": {"uv": [5, 4, 11, 7], "rotation": 180, "texture": "#4"},
				"east": {"uv": [10, 6, 12, 7], "rotation": 90, "texture": "#4"},
				"south": {"uv": [5, 4, 11, 6], "texture": "#4"},
				"west": {"uv": [8, 3, 10, 4], "rotation": 270, "texture": "#4"},
				"up": {"uv": [8, 7, 14, 8], "texture": "#4"},
				"down": {"uv": [2, 8, 8, 9], "rotation": 180, "texture": "#4"}
			}
		},
		{
			"from": [9.1, 8.1, 8.1],
			"to": [9.7, 8.7, 8.2],
			"faces": {
				"north": {"uv": [5, 4, 11, 7], "rotation": 180, "texture": "#2"},
				"east": {"uv": [10, 6, 12, 7], "rotation": 90, "texture": "#2"},
				"south": {"uv": [5, 4, 11, 6], "texture": "#2"},
				"west": {"uv": [8, 3, 10, 4], "rotation": 270, "texture": "#2"},
				"up": {"uv": [8, 7, 14, 8], "texture": "#2"},
				"down": {"uv": [2, 8, 8, 9], "rotation": 180, "texture": "#2"}
			}
		},
		{
			"from": [8.4, 9.8, 8.1],
			"to": [9, 10.4, 8.2],
			"faces": {
				"north": {"uv": [5, 4, 11, 7], "rotation": 180, "texture": "#4"},
				"east": {"uv": [10, 6, 12, 7], "rotation": 90, "texture": "#4"},
				"south": {"uv": [5, 4, 11, 6], "texture": "#4"},
				"west": {"uv": [8, 3, 10, 4], "rotation": 270, "texture": "#4"},
				"up": {"uv": [8, 7, 14, 8], "texture": "#4"},
				"down": {"uv": [2, 8, 8, 9], "rotation": 180, "texture": "#4"}
			}
		},
		{
			"from": [10.3, 6.8, 8.1],
			"to": [10.9, 7.4, 8.2],
			"faces": {
				"north": {"uv": [5, 4, 11, 7], "rotation": 180, "texture": "#4"},
				"east": {"uv": [10, 6, 12, 7], "rotation": 90, "texture": "#4"},
				"south": {"uv": [5, 4, 11, 6], "texture": "#4"},
				"west": {"uv": [8, 3, 10, 4], "rotation": 270, "texture": "#4"},
				"up": {"uv": [8, 7, 14, 8], "texture": "#4"},
				"down": {"uv": [2, 8, 8, 9], "rotation": 180, "texture": "#4"}
			}
		},
		{
			"from": [8.4, 5.9, 8.1],
			"to": [9, 6.5, 8.2],
			"faces": {
				"north": {"uv": [5, 4, 11, 7], "rotation": 180, "texture": "#3"},
				"east": {"uv": [10, 6, 12, 7], "rotation": 90, "texture": "#3"},
				"south": {"uv": [5, 4, 11, 6], "texture": "#3"},
				"west": {"uv": [8, 3, 10, 4], "rotation": 270, "texture": "#3"},
				"up": {"uv": [8, 7, 14, 8], "texture": "#3"},
				"down": {"uv": [2, 8, 8, 9], "rotation": 180, "texture": "#3"}
			}
		},
		{
			"from": [9.6, 4.8, 8.1],
			"to": [10.2, 5.4, 8.2],
			"faces": {
				"north": {"uv": [5, 4, 11, 7], "rotation": 180, "texture": "#4"},
				"east": {"uv": [10, 6, 12, 7], "rotation": 90, "texture": "#4"},
				"south": {"uv": [5, 4, 11, 6], "texture": "#4"},
				"west": {"uv": [8, 3, 10, 4], "rotation": 270, "texture": "#4"},
				"up": {"uv": [8, 7, 14, 8], "texture": "#4"},
				"down": {"uv": [2, 8, 8, 9], "rotation": 180, "texture": "#4"}
			}
		},
		{
			"from": [10.9, 4.6, 8.1],
			"to": [11.5, 5.2, 8.2],
			"faces": {
				"north": {"uv": [5, 4, 11, 7], "rotation": 180, "texture": "#2"},
				"east": {"uv": [10, 6, 12, 7], "rotation": 90, "texture": "#2"},
				"south": {"uv": [5, 4, 11, 6], "texture": "#2"},
				"west": {"uv": [8, 3, 10, 4], "rotation": 270, "texture": "#2"},
				"up": {"uv": [8, 7, 14, 8], "texture": "#2"},
				"down": {"uv": [2, 8, 8, 9], "rotation": 180, "texture": "#2"}
			}
		},
		{
			"from": [9.3, 3.4, 8.1],
			"to": [9.9, 4, 8.2],
			"faces": {
				"north": {"uv": [5, 4, 11, 7], "rotation": 180, "texture": "#3"},
				"east": {"uv": [10, 6, 12, 7], "rotation": 90, "texture": "#3"},
				"south": {"uv": [5, 4, 11, 6], "texture": "#3"},
				"west": {"uv": [8, 3, 10, 4], "rotation": 270, "texture": "#3"},
				"up": {"uv": [8, 7, 14, 8], "texture": "#3"},
				"down": {"uv": [2, 8, 8, 9], "rotation": 180, "texture": "#3"}
			}
		},
		{
			"from": [11.5, 2.9, 8.1],
			"to": [12.1, 3.5, 8.2],
			"faces": {
				"north": {"uv": [5, 4, 11, 7], "rotation": 180, "texture": "#4"},
				"east": {"uv": [10, 6, 12, 7], "rotation": 90, "texture": "#4"},
				"south": {"uv": [5, 4, 11, 6], "texture": "#4"},
				"west": {"uv": [8, 3, 10, 4], "rotation": 270, "texture": "#4"},
				"up": {"uv": [8, 7, 14, 8], "texture": "#4"},
				"down": {"uv": [2, 8, 8, 9], "rotation": 180, "texture": "#4"}
			}
		},
		{
			"from": [6.9, 2.9, 8.1],
			"to": [7.5, 3.5, 8.2],
			"faces": {
				"north": {"uv": [5, 4, 11, 7], "rotation": 180, "texture": "#4"},
				"east": {"uv": [10, 6, 12, 7], "rotation": 90, "texture": "#4"},
				"south": {"uv": [5, 4, 11, 6], "texture": "#4"},
				"west": {"uv": [8, 3, 10, 4], "rotation": 270, "texture": "#4"},
				"up": {"uv": [8, 7, 14, 8], "texture": "#4"},
				"down": {"uv": [2, 8, 8, 9], "rotation": 180, "texture": "#4"}
				}
			}
		]
}
