{
	"gui_light": "front",
  "display": {
    "thirdperson_righthand": {
      "rotation": [38.25, 90, 0],
      "translation": [-0.5, 0.75, -0.5],
      "scale": [0.25, 0.25, 0.25]
    },
    "thirdperson_lefthand": {
      "rotation": [38.25, 90, 0],
      "translation": [-0.5, 0.75, -0.5],
      "scale": [0.25, 0.25, 0.25]
    },
    "firstperson_righthand": {
      "rotation": [0, -90, 0],
      "translation": [-0.75, 2.5, 0],
      "scale": [0.5, 0.5, 0.5]
    },
    "firstperson_lefthand": {
      "rotation": [0, -90, 0],
      "translation": [-0.75, 2.5, 0],
      "scale": [0.5, 0.5, 0.5]
    },
    "ground": {
      "translation": [-0.75, 4.5, 0.25],
      "scale": [0.5, 0.42, 0.5]
    },
    "gui": {
      "translation": [0, -0.25, 0],
      "scale": [1.1, 0.94, 1.1]
    },
    "head": {
      "rotation": [24.5, 0, 0],
      "translation": [0, -5.75, -6.75],
      "scale": [0.5, 0.42, 0.5]
    },
    "fixed": {
      "translation": [0, 0, -0.25],
      "scale": [1, 0.84, 1]
    }
  }
}
