{
	"textures": {
		"1": "block/white_stained_glass",
		"2": "block/magma",
		"3": "block/black_shulker_box",
		"6": "block/iron_block",
		"7": "block/black_wool",
		"particle": "block/iron_block"
	},
	"elements": [
		{
			"from": [6, 0.2, 7],
			"to": [10, 4, 10],
			"rotation": {"angle": 0, "axis": "y", "origin": [8, 2, 0]},
			"faces": {
				"north": {"uv": [0, 0, 16, 16], "texture": "#6"},
				"east": {"uv": [0, 0, 4, 3.8], "texture": "#6"},
				"south": {"uv": [0, 0, 16, 16], "texture": "#6"},
				"west": {"uv": [0, 0, 4, 3.8], "texture": "#6"},
				"up": {"uv": [0, 0, 4, 3.8], "texture": "#6"},
				"down": {"uv": [0, 0, 16, 16], "texture": "#6"}
			}
		},
		{
			"from": [8.1, 4, 6.9],
			"to": [10, 5, 14],
			"rotation": {"angle": 0, "axis": "y", "origin": [8, 2, 0]},
			"faces": {
				"north": {"uv": [7, 13, 9, 15], "texture": "#6"},
				"east": {"uv": [7, 13, 9, 15], "texture": "#6"},
				"south": {"uv": [7, 13, 9, 15], "texture": "#6"},
				"west": {"uv": [7, 13, 9, 15], "texture": "#6"},
				"up": {"uv": [0, 0, 16, 16], "texture": "#6"},
				"down": {"uv": [7, 13, 9, 15], "texture": "#6"}
			}
		},
		{
			"from": [6, 4, 6.9],
			"to": [7.9, 5, 14],
			"rotation": {"angle": 0, "axis": "y", "origin": [8, 2, 0]},
			"faces": {
				"north": {"uv": [6, 13, 8, 15], "texture": "#6"},
				"east": {"uv": [6, 13, 8, 15], "texture": "#6"},
				"south": {"uv": [6, 13, 8, 15], "texture": "#6"},
				"west": {"uv": [6, 13, 8, 15], "texture": "#6"},
				"up": {"uv": [0, 0, 16, 16], "texture": "#6"},
				"down": {"uv": [6, 13, 8, 15], "texture": "#6"}
			}
		},
		{
			"from": [6, 3.9, 7.2],
			"to": [10, 4.1, 13.7],
			"rotation": {"angle": 0, "axis": "y", "origin": [8, 2, 0]},
			"faces": {
				"north": {"uv": [1, 0, 2, 1], "texture": "#6"},
				"east": {"uv": [1, 0, 2, 1], "texture": "#6"},
				"south": {"uv": [1, 0, 2, 1], "texture": "#6"},
				"west": {"uv": [1, 0, 2, 1], "texture": "#6"},
				"up": {"uv": [1, 0, 2, 1], "texture": "#6"},
				"down": {"uv": [0, 0, 16, 16], "texture": "#6"}
			}
		},
		{
			"from": [5, 0, 6.9],
			"to": [6, 4, 14],
			"rotation": {"angle": 0, "axis": "y", "origin": [8, 2, 0]},
			"faces": {
				"north": {"uv": [10, 12, 16, 16], "texture": "#6"},
				"east": {"uv": [0, 12, 16, 16], "texture": "#6"},
				"south": {"uv": [10, 12, 16, 16], "texture": "#6"},
				"west": {"uv": [0, 0, 16, 16], "rotation": 90, "texture": "#6"},
				"up": {"uv": [10, 12, 16, 16], "texture": "#6"},
				"down": {"uv": [0, 0, 16, 16], "texture": "#6"}
			}
		},
		{
			"from": [10, 0, 6.9],
			"to": [11, 4, 14],
			"rotation": {"angle": 0, "axis": "y", "origin": [8, 2, 0]},
			"faces": {
				"north": {"uv": [10, 12, 16, 16], "texture": "#6"},
				"east": {"uv": [0, 0, 16, 16], "rotation": 90, "texture": "#6"},
				"south": {"uv": [10, 12, 16, 16], "texture": "#6"},
				"west": {"uv": [0, 12, 16, 16], "texture": "#6"},
				"up": {"uv": [10, 12, 16, 15], "texture": "#6"},
				"down": {"uv": [0, 0, 16, 16], "texture": "#6"}
			}
		},
		{
			"from": [4.45736, 1.22893, 6.8],
			"to": [5.45736, 2.72893, 14.1],
			"rotation": {"angle": -45, "axis": "z", "origin": [8, 2, 0]},
			"faces": {
				"north": {"uv": [1, 3.2, 2, 4.7], "texture": "#6"},
				"east": {"uv": [4, 6.2, 11.3, 7.7], "texture": "#6"},
				"south": {"uv": [5, 6, 6, 7.5], "texture": "#6"},
				"west": {"uv": [0, 0, 15.7, 16], "rotation": 90, "texture": "#6"},
				"up": {"uv": [1, 4.2, 2, 11.5], "texture": "#6"},
				"down": {"uv": [3, 5.2, 4, 12.5], "texture": "#6"}
			}
		},
		{
			"from": [7.25736, 4.52893, 6.8],
			"to": [8.75736, 5.52893, 14.1],
			"rotation": {"angle": -45, "axis": "z", "origin": [8, 2, 0]},
			"faces": {
				"north": {"uv": [9, 12, 14.7, 13.5], "rotation": 90, "texture": "#6"},
				"east": {"uv": [9, 12, 14.7, 13.5], "rotation": 90, "texture": "#6"},
				"south": {"uv": [9, 12, 14.7, 13.5], "rotation": 90, "texture": "#6"},
				"west": {"uv": [9, 12, 14.7, 13.5], "rotation": 90, "texture": "#6"},
				"up": {"uv": [0, 0, 16, 16], "rotation": 180, "texture": "#6"},
				"down": {"uv": [9, 12, 14.7, 13.5], "rotation": 90, "texture": "#6"}
			}
		},
		{
			"from": [5.5, 0.2, 0.1],
			"to": [10.5, 4.2, 1.1],
			"rotation": {"angle": 0, "axis": "y", "origin": [8, 2.2, 0]},
			"color": 4,
			"faces": {
				"north": {"uv": [1, 1, 15, 15], "texture": "#missing"},
				"east": {"uv": [0, 0, 4, 16], "texture": "#missing"},
				"south": {"uv": [1, 1, 15, 15], "texture": "#missing"},
				"west": {"uv": [0, 0, 4, 16], "texture": "#missing"},
				"up": {"uv": [0, 0, 16, 4], "texture": "#missing"},
				"down": {"uv": [0, 0, 16, 4], "texture": "#missing"}
			}
		},
		{
			"from": [5.5, 0.2, 6.1],
			"to": [10.5, 4.2, 7.1],
			"rotation": {"angle": 0, "axis": "y", "origin": [8, 2.2, 0]},
			"faces": {
				"north": {"uv": [1, 1, 15, 15], "texture": "#3"},
				"east": {"uv": [0, 0, 4, 16], "texture": "#3"},
				"south": {"uv": [1, 1, 15, 15], "texture": "#3"},
				"west": {"uv": [0, 0, 4, 16], "texture": "#3"},
				"up": {"uv": [0, 0, 16, 4], "texture": "#3"},
				"down": {"uv": [0, 0, 16, 4], "texture": "#3"}
			}
		},
		{
			"from": [6, 0.7, 1.1],
			"to": [10, 3.7, 6.1],
			"rotation": {"angle": 0, "axis": "y", "origin": [8, 2.2, 0]},
			"faces": {
				"north": {"uv": [0, 0, 16, 6], "texture": "#6"},
				"east": {"uv": [0, 0, 16, 7], "texture": "#6"},
				"south": {"uv": [0, 0, 16, 6], "texture": "#6"},
				"west": {"uv": [0, 10, 16, 16], "texture": "#6"},
				"up": {"uv": [0, 0, 16, 7], "rotation": 90, "texture": "#6"},
				"down": {"uv": [0, 9, 16, 16], "rotation": 90, "texture": "#6"}
			}
		},
		{
			"from": [6.9, 1.65, -7.4],
			"to": [9.1, 2.7, -0.85],
			"rotation": {"angle": 0, "axis": "y", "origin": [0, 0.2, 0]},
			"faces": {
				"east": {"uv": [0, 0, 1, 1], "texture": "#1"},
				"west": {"uv": [0, 0, 1, 1], "texture": "#1"}
			}
		},
		{
			"from": [7, 1.65, -5.3],
			"to": [9, 2.7, -3.05],
			"rotation": {"angle": 0, "axis": "y", "origin": [0, 0.2, 0]},
			"faces": {
				"north": {"uv": [0, 0, 2, 2], "texture": "#2"},
				"east": {"uv": [0, 0, 16, 9], "texture": "#2"},
				"south": {"uv": [0, 0, 2, 2], "texture": "#2"},
				"west": {"uv": [0, 0, 16, 9], "texture": "#2"},
				"up": {"uv": [0, 11, 16, 16], "rotation": 90, "texture": "#2"},
				"down": {"uv": [0, 0, 16, 8], "rotation": 90, "texture": "#2"}
			}
		},
		{
			"from": [7, 1.65, -7.5],
			"to": [9, 2.7, -5.25],
			"rotation": {"angle": 0, "axis": "y", "origin": [0, 0.2, 0]},
			"faces": {
				"north": {"uv": [0, 0, 2, 2], "texture": "#2"},
				"east": {"uv": [0, 0, 16, 9], "texture": "#2"},
				"south": {"uv": [0, 0, 2, 2], "texture": "#2"},
				"west": {"uv": [0, 0, 16, 9], "texture": "#2"},
				"up": {"uv": [0, 11, 16, 16], "rotation": 90, "texture": "#2"},
				"down": {"uv": [0, 0, 16, 8], "rotation": 90, "texture": "#2"}
			}
		},
		{
			"from": [7, 1.65, -3.1],
			"to": [9, 2.7, -0.85],
			"rotation": {"angle": 0, "axis": "y", "origin": [0, 0.2, 0]},
			"faces": {
				"north": {"uv": [0, 0, 2, 2], "texture": "#2"},
				"east": {"uv": [0, 0, 16, 9], "texture": "#2"},
				"south": {"uv": [0, 0, 2, 2], "texture": "#2"},
				"west": {"uv": [0, 0, 16, 9], "texture": "#2"},
				"up": {"uv": [0, 11, 16, 16], "rotation": 90, "texture": "#2"},
				"down": {"uv": [0, 0, 16, 8], "rotation": 90, "texture": "#2"}
			}
		},
		{
			"from": [6.7, 0.6, -5.6],
			"to": [9.3, 1.55, 0.1],
			"rotation": {"angle": 0, "axis": "y", "origin": [0, 0.2, 0]},
			"faces": {
				"north": {"uv": [0, 0, 2, 2], "texture": "#3"},
				"east": {"uv": [0, 10, 16, 16], "texture": "#3"},
				"south": {"uv": [0, 0, 2, 2], "texture": "#3"},
				"west": {"uv": [0, 0, 16, 6], "texture": "#3"},
				"up": {"uv": [0, 11, 16, 16], "rotation": 90, "texture": "#3"},
				"down": {"uv": [0, 0, 16, 8], "rotation": 90, "texture": "#3"}
			}
		},
		{
			"from": [6.7, 0.8, -5.9],
			"to": [9.3, 1.65, -5.6],
			"rotation": {"angle": 0, "axis": "y", "origin": [0, 0.2, 0]},
			"faces": {
				"north": {"uv": [0, 0, 2, 2], "texture": "#3"},
				"east": {"uv": [0, 10, 16, 16], "texture": "#3"},
				"south": {"uv": [0, 0, 2, 2], "texture": "#3"},
				"west": {"uv": [0, 0, 16, 6], "texture": "#3"},
				"up": {"uv": [0, 11, 16, 16], "rotation": 90, "texture": "#3"},
				"down": {"uv": [0, 0, 16, 8], "rotation": 90, "texture": "#3"}
			}
		},
		{
			"from": [6.7, 1.1, -6.2],
			"to": [9.3, 1.75, -5.9],
			"rotation": {"angle": 0, "axis": "y", "origin": [0, 0.2, 0]},
			"faces": {
				"north": {"uv": [0, 0, 2, 2], "texture": "#3"},
				"east": {"uv": [0, 10, 16, 16], "texture": "#3"},
				"south": {"uv": [0, 0, 2, 2], "texture": "#3"},
				"west": {"uv": [0, 0, 16, 6], "texture": "#3"},
				"up": {"uv": [0, 11, 16, 16], "rotation": 90, "texture": "#3"},
				"down": {"uv": [0, 0, 16, 8], "rotation": 90, "texture": "#3"}
			}
		},
		{
			"from": [6.7, 1.4, -9.1],
			"to": [9.3, 1.75, -6.2],
			"rotation": {"angle": 0, "axis": "y", "origin": [0, 0.2, 0]},
			"faces": {
				"north": {"uv": [0, 0, 2, 2], "texture": "#3"},
				"east": {"uv": [0, 10, 16, 16], "texture": "#3"},
				"south": {"uv": [0, 0, 2, 2], "texture": "#3"},
				"west": {"uv": [0, 0, 16, 6], "texture": "#3"},
				"up": {"uv": [0, 11, 16, 16], "rotation": 90, "texture": "#3"},
				"down": {"uv": [0, 0, 16, 8], "rotation": 90, "texture": "#3"}
			}
		},
		{
			"from": [7.1, 1.75, -9.1],
			"to": [8.8, 2.65, -8.9],
			"rotation": {"angle": 0, "axis": "y", "origin": [0, 0.2, 0]},
			"faces": {
				"north": {"uv": [0, 0, 2, 2], "texture": "#3"},
				"east": {"uv": [0, 10, 16, 16], "texture": "#3"},
				"south": {"uv": [0, 0, 2, 2], "texture": "#3"},
				"west": {"uv": [0, 0, 16, 6], "texture": "#3"},
				"up": {"uv": [0, 11, 16, 16], "rotation": 90, "texture": "#3"},
				"down": {"uv": [0, 0, 16, 8], "rotation": 90, "texture": "#3"}
			}
		},
		{
			"from": [6.75, 4.65, -3.15],
			"to": [9.25, 7.45, -2.85],
			"rotation": {"angle": -45, "axis": "x", "origin": [0, 0.2, 0]},
			"faces": {
				"north": {"uv": [0, 0, 2, 2], "texture": "#3"},
				"east": {"uv": [0, 0, 16, 6], "texture": "#3"},
				"south": {"uv": [0, 0, 2, 2], "texture": "#3"},
				"west": {"uv": [0, 0, 16, 6], "texture": "#3"},
				"up": {"uv": [0, 11, 16, 16], "rotation": 90, "texture": "#3"},
				"down": {"uv": [0, 0, 16, 8], "rotation": 90, "texture": "#3"}
			}
		},
		{
			"from": [6.7, 3.1, -7.8],
			"to": [9.3, 4.05, -2.35],
			"rotation": {"angle": 0, "axis": "y", "origin": [0, 0.2, 0]},
			"faces": {
				"north": {"uv": [0, 0, 2, 2], "texture": "#3"},
				"east": {"uv": [0, 10, 16, 16], "texture": "#3"},
				"south": {"uv": [0, 0, 2, 2], "texture": "#3"},
				"west": {"uv": [0, 0, 16, 6], "texture": "#3"},
				"up": {"uv": [0, 11, 16, 16], "rotation": 90, "texture": "#3"},
				"down": {"uv": [0, 0, 16, 8], "rotation": 90, "texture": "#3"}
			}
		},
		{
			"from": [6.7, 3.4, -8.5],
			"to": [9.3, 4.05, -7.8],
			"rotation": {"angle": 0, "axis": "y", "origin": [0, 0.2, 0]},
			"faces": {
				"north": {"uv": [0, 0, 2, 2], "texture": "#3"},
				"east": {"uv": [0, 10, 16, 16], "texture": "#3"},
				"south": {"uv": [0, 0, 2, 2], "texture": "#3"},
				"west": {"uv": [0, 0, 16, 6], "texture": "#3"},
				"up": {"uv": [0, 11, 16, 16], "rotation": 90, "texture": "#3"},
				"down": {"uv": [0, 0, 16, 8], "rotation": 90, "texture": "#3"}
			}
		},
		{
			"from": [6.7, 3.7, -9.2],
			"to": [9.3, 4.05, -8.5],
			"rotation": {"angle": 0, "axis": "y", "origin": [0, 0.2, 0]},
			"faces": {
				"north": {"uv": [0, 0, 2, 2], "texture": "#3"},
				"east": {"uv": [0, 10, 16, 16], "texture": "#3"},
				"south": {"uv": [0, 0, 2, 2], "texture": "#3"},
				"west": {"uv": [0, 0, 16, 6], "texture": "#3"},
				"up": {"uv": [0, 11, 16, 16], "rotation": 90, "texture": "#3"},
				"down": {"uv": [0, 0, 16, 8], "rotation": 90, "texture": "#3"}
			}
		},
		{
			"from": [7.4, 3.9, -9.55],
			"to": [8.5, 4.15, 0.15],
			"rotation": {"angle": 0, "axis": "y", "origin": [0, 0.2, 0]},
			"faces": {
				"north": {"uv": [0, 0, 2, 2], "texture": "#3"},
				"east": {"uv": [0, 10, 16, 16], "texture": "#3"},
				"south": {"uv": [0, 0, 2, 2], "texture": "#3"},
				"west": {"uv": [0, 0, 16, 6], "texture": "#3"},
				"up": {"uv": [0, 11, 16, 16], "rotation": 90, "texture": "#3"},
				"down": {"uv": [0, 0, 16, 8], "rotation": 90, "texture": "#3"}
			}
		},
		{
			"from": [6.75, 1.65, -0.15],
			"to": [9.25, 4.45, 0.15],
			"rotation": {"angle": -45, "axis": "x", "origin": [0, 0.2, 0]},
			"faces": {
				"north": {"uv": [0, 0, 2, 2], "texture": "#3"},
				"east": {"uv": [0, 0, 16, 6], "texture": "#3"},
				"south": {"uv": [0, 0, 2, 2], "texture": "#3"},
				"west": {"uv": [0, 0, 16, 6], "texture": "#3"},
				"up": {"uv": [0, 11, 16, 16], "rotation": 90, "texture": "#3"},
				"down": {"uv": [0, 0, 16, 8], "rotation": 90, "texture": "#3"}
			}
		},
		{
			"from": [6.75, 1.65, 0.1],
			"to": [9.25, 4.45, 0.4],
			"rotation": {"angle": -45, "axis": "x", "origin": [0, 0.2, 0]},
			"faces": {
				"north": {"uv": [0, 0, 2, 2], "texture": "#3"},
				"east": {"uv": [0, 0, 16, 6], "texture": "#3"},
				"south": {"uv": [0, 0, 2, 2], "texture": "#3"},
				"west": {"uv": [0, 0, 16, 6], "texture": "#3"},
				"up": {"uv": [0, 11, 16, 16], "rotation": 90, "texture": "#3"},
				"down": {"uv": [0, 0, 16, 8], "rotation": 90, "texture": "#3"}
			}
		},
		{
			"from": [6.75, 3.15, -1.65],
			"to": [9.25, 5.95, -1.35],
			"rotation": {"angle": -45, "axis": "x", "origin": [0, 0.2, 0]},
			"faces": {
				"north": {"uv": [0, 0, 2, 2], "texture": "#3"},
				"east": {"uv": [0, 0, 16, 6], "texture": "#3"},
				"south": {"uv": [0, 0, 2, 2], "texture": "#3"},
				"west": {"uv": [0, 0, 16, 6], "texture": "#3"},
				"up": {"uv": [0, 11, 16, 16], "rotation": 90, "texture": "#3"},
				"down": {"uv": [0, 0, 16, 8], "rotation": 90, "texture": "#3"}
			}
		},
		{
			"from": [5.5, 0.2, 0.1],
			"to": [10.5, 4.2, 1.1],
			"rotation": {"angle": 0, "axis": "y", "origin": [8, 2.2, 0]},
			"faces": {
				"north": {"uv": [1, 1, 15, 15], "texture": "#3"},
				"east": {"uv": [0, 0, 4, 16], "texture": "#3"},
				"south": {"uv": [1, 1, 15, 15], "texture": "#3"},
				"west": {"uv": [0, 0, 4, 16], "texture": "#3"},
				"up": {"uv": [0, 0, 16, 4], "texture": "#3"},
				"down": {"uv": [0, 0, 16, 4], "texture": "#3"}
			}
		},
		{
			"from": [6.7, 0.4, -0.15],
			"to": [9.4, 3.8, 0.15],
			"rotation": {"angle": 0, "axis": "y", "origin": [8, 2.2, 0]},
			"faces": {
				"north": {"uv": [1, 1, 15, 15], "texture": "#3"},
				"east": {"uv": [0, 0, 4, 16], "texture": "#3"},
				"south": {"uv": [1, 1, 15, 15], "texture": "#3"},
				"west": {"uv": [0, 0, 4, 16], "texture": "#3"},
				"up": {"uv": [0, 0, 16, 4], "texture": "#3"},
				"down": {"uv": [0, 0, 16, 4], "texture": "#3"}
			}
		},
		{
			"from": [6.8, 0.45, -9.35],
			"to": [9.2, 1.65, 0.15],
			"rotation": {"angle": 0, "axis": "y", "origin": [0, 0.2, 0]},
			"faces": {
				"north": {"uv": [1, 1, 6, 6], "texture": "#6"},
				"east": {"uv": [0, 10, 16, 16], "texture": "#6"},
				"south": {"uv": [0, 0, 2, 2], "texture": "#6"},
				"west": {"uv": [0, 0, 16, 6], "texture": "#6"},
				"up": {"uv": [0, 11, 16, 16], "rotation": 90, "texture": "#6"},
				"down": {"uv": [0, 0, 16, 8], "rotation": 90, "texture": "#6"}
			}
		},
		{
			"from": [6.8, 1.65, -9.05],
			"to": [9.1, 2.7, -7.35],
			"rotation": {"angle": 0, "axis": "y", "origin": [0, 0.2, 0]},
			"faces": {
				"north": {"uv": [0, 0, 2, 2], "texture": "#6"},
				"east": {"uv": [0, 10, 16, 16], "texture": "#6"},
				"south": {"uv": [0, 0, 2, 2], "texture": "#6"},
				"west": {"uv": [0, 0, 16, 6], "texture": "#6"},
				"up": {"uv": [0, 11, 16, 16], "rotation": 90, "texture": "#6"},
				"down": {"uv": [0, 0, 16, 8], "rotation": 90, "texture": "#6"}
			}
		},
		{
			"from": [6.8, 2.7, -9.05],
			"to": [9.2, 3.95, 0.15],
			"rotation": {"angle": 0, "axis": "y", "origin": [0, 0.2, 0]},
			"faces": {
				"north": {"uv": [0, 0, 2, 2], "texture": "#6"},
				"east": {"uv": [0, 1, 15, 7], "texture": "#6"},
				"south": {"uv": [0, 0, 2, 2], "texture": "#6"},
				"west": {"uv": [0, 0, 16, 6], "texture": "#6"},
				"up": {"uv": [0, 11, 16, 16], "rotation": 90, "texture": "#6"},
				"down": {"uv": [0, 0, 16, 8], "rotation": 90, "texture": "#6"}
			}
		},
		{
			"from": [6.8, 2.6, -11.35],
			"to": [9.2, 3.3, -9.05],
			"rotation": {"angle": 0, "axis": "y", "origin": [0, 0.2, 0]},
			"faces": {
				"north": {"uv": [0, 0, 2, 2], "texture": "#6"},
				"east": {"uv": [1, 10, 16, 16], "texture": "#6"},
				"south": {"uv": [0, 0, 2, 2], "texture": "#6"},
				"west": {"uv": [0, 10, 15, 16], "texture": "#6"},
				"up": {"uv": [0, 11, 16, 16], "rotation": 90, "texture": "#6"},
				"down": {"uv": [0, 0, 16, 8], "rotation": 90, "texture": "#6"}
			}
		},
		{
			"from": [6.9, 9.9, -6.25],
			"to": [9.1, 10.9, -5.55],
			"rotation": {"angle": -45, "axis": "x", "origin": [0, 0.2, 0]},
			"faces": {
				"north": {"uv": [0, 0, 2, 2], "texture": "#6"},
				"east": {"uv": [1, 10, 16, 16], "texture": "#6"},
				"south": {"uv": [0, 0, 2, 2], "texture": "#6"},
				"west": {"uv": [0, 10, 15, 16], "texture": "#6"},
				"up": {"uv": [0, 11, 16, 16], "rotation": 90, "texture": "#6"},
				"down": {"uv": [0, 0, 16, 8], "rotation": 90, "texture": "#6"}
			}
		},
		{
			"from": [6.8, 3.3, -12.05],
			"to": [9.2, 3.95, -9.05],
			"rotation": {"angle": 0, "axis": "y", "origin": [0, 0.2, 0]},
			"faces": {
				"north": {"uv": [3, 2, 7, 6], "texture": "#6"},
				"east": {"uv": [0, 10, 16, 16], "texture": "#6"},
				"south": {"uv": [0, 0, 2, 2], "texture": "#6"},
				"west": {"uv": [0, 10, 16, 16], "texture": "#6"},
				"up": {"uv": [0, 0, 16, 8], "texture": "#6"},
				"down": {"uv": [0, 0, 16, 8], "rotation": 90, "texture": "#6"}
			}
		},
		{
			"from": [6.8, 1.65, -0.85],
			"to": [9.1, 2.7, 0.15],
			"rotation": {"angle": 0, "axis": "y", "origin": [0, 0.2, 0]},
			"faces": {
				"north": {"uv": [0, 0, 2, 2], "texture": "#6"},
				"east": {"uv": [0, 10, 16, 16], "texture": "#6"},
				"south": {"uv": [0, 0, 2, 2], "texture": "#6"},
				"west": {"uv": [0, 0, 16, 6], "texture": "#6"},
				"up": {"uv": [0, 11, 16, 16], "rotation": 90, "texture": "#6"},
				"down": {"uv": [0, 0, 16, 8], "rotation": 90, "texture": "#6"}
			}
		},
		{
			"from": [7.3, 1.55, -9.75],
			"to": [8.6, 2.7, -7.95],
			"rotation": {"angle": 0, "axis": "y", "origin": [0, 0.2, 0]},
			"faces": {
				"north": {"uv": [0, 0, 16, 16], "texture": "#1"},
				"east": {"uv": [0, 0, 1, 1], "texture": "#1"},
				"south": {"uv": [0, 0, 2, 2], "texture": "#missing"},
				"west": {"uv": [0, 0, 1, 1], "texture": "#1"},
				"up": {"uv": [0, 11, 16, 16], "rotation": 90, "texture": "#missing"},
				"down": {"uv": [0, 0, 1, 1], "rotation": 90, "texture": "#1"}
			}
		},
		{
			"from": [7.4, 1.65, -9.65],
			"to": [8.5, 2.7, -7.95],
			"rotation": {"angle": 0, "axis": "y", "origin": [0, 0.2, 0]},
			"faces": {
				"north": {"uv": [0, 0, 11, 11], "texture": "#2"},
				"east": {"uv": [1, 0, 16, 10], "texture": "#2"},
				"south": {"uv": [0, 0, 2, 2], "texture": "#2"},
				"west": {"uv": [1, 0, 16, 10], "texture": "#2"},
				"up": {"uv": [0, 11, 16, 16], "rotation": 90, "texture": "#2"},
				"down": {"uv": [1, 0, 16, 10], "rotation": 90, "texture": "#2"}
			}
		},
		{
			"from": [7.5, 0.5, 10],
			"to": [8.5, 1, 12],
			"faces": {
				"north": {"uv": [12, 1, 13, 3], "texture": "#7"},
				"east": {"uv": [0, 0, 6, 16], "rotation": 90, "texture": "#7"},
				"south": {"uv": [0, 0, 16, 16], "texture": "#7"},
				"west": {"uv": [0, 0, 16, 0], "texture": "#7"},
				"up": {"uv": [12, 1, 13, 3], "texture": "#7"},
				"down": {"uv": [12, 1, 13, 3], "texture": "#7"}
			}
		},
		{
			"from": [7.5, 0.5, 12],
			"to": [8.5, 3.5, 12.5],
			"faces": {
				"north": {"uv": [12, 0, 13, 3], "texture": "#7"},
				"east": {"uv": [0, 0, 16, 16], "rotation": 180, "texture": "#7"},
				"south": {"uv": [0, 0, 16, 16], "texture": "#7"},
				"west": {"uv": [0, 0, 16, 16], "rotation": 180, "texture": "#7"},
				"up": {"uv": [12, 0, 13, 3], "texture": "#7"},
				"down": {"uv": [12, 0, 13, 3], "texture": "#7"}
			}
		},
		{
			"from": [7.5, 3, 10],
			"to": [8.5, 3.5, 12],
			"faces": {
				"north": {"uv": [12, 1, 13, 2], "texture": "#7"},
				"east": {"uv": [0, 0, 6, 16], "rotation": 90, "texture": "#7"},
				"south": {"uv": [0, 0, 16, 16], "texture": "#7"},
				"west": {"uv": [0, 6, 16, 0], "texture": "#7"},
				"up": {"uv": [12, 1, 13, 2], "texture": "#7"},
				"down": {"uv": [12, 1, 13, 2], "texture": "#7"}
			}
		}
	],
	"display": {
		"thirdperson_righthand": {
			"translation": [0, 4.25, 0.75],
			"scale": [1.01, 1.01, 1.01]
		},
		"thirdperson_lefthand": {
			"translation": [0, 4, 0]
		},
		"firstperson_righthand": {
			"translation": [7, 6, 2.75]
		},
		"firstperson_lefthand": {
			"translation": [7.25, 5.25, 1.75]
		},
		"ground": {
			"translation": [0, 6.5, 0]
		},
		"gui": {
			"rotation": [18, -140, 0],
			"translation": [-2.25, 5, 0],
			"scale": [0.85, 0.85, 0.85]
		},
		"head": {
			"translation": [0, 14.5, 0]
		},
		"fixed": {
			"rotation": [0, -92, 0],
			"translation": [-3.25, 6.75, -4.25]
		}
	},
	"groups": [
		{
			"name": "south_base",
			"origin": [0, 0, 0],
			"color": 0,
			"children": [0, 1, 2, 3, 4, 5, 6, 7]
		},
		{
			"name": "middle_base",
			"origin": [8, 2.2, 0],
			"color": 0,
			"children": [8, 9, 10]
		},
		{
			"name": "middle_core",
			"origin": [0, 0.2, 0],
			"color": 0,
			"children": [
				{
					"name": "glass",
					"origin": [0, 0.2, 0],
					"color": 0,
					"children": [11]
				},
				12,
				13,
				14
			]
		},
		{
			"name": "black frame",
			"origin": [8, 2.2, 0],
			"color": 0,
			"children": [15, 16, 17, 18, 19, 20, 21, 22, 23, 24, 25, 26, 27, 28, 29]
		},
		{
			"name": "north_base",
			"origin": [0, 0.2, 0],
			"color": 0,
			"children": [30, 31, 32, 33, 34, 35, 36]
		},
		{
			"name": "north core",
			"origin": [0, 0, 0],
			"color": 0,
			"children": [
				{
					"name": "glass",
					"origin": [0, 0, 0],
					"color": 0,
					"children": [37]
				},
				38
			]
		},
		{
			"name": "handle",
			"origin": [0, 0, 0],
			"color": 0,
			"children": [39, 40, 41]
		}
	]
}
