{
	"textures": {
		"4": "block/black_concrete",
		"6": "block/iron_block",
		"7": "block/black_wool",
		"particle": "block/iron_block"
	},
	"elements": [
		{
			"from": [6, 0.2, 7],
			"to": [10, 4, 10],
			"faces": {
				"north": {"uv": [0, 0, 16, 16], "texture": "#6"},
				"east": {"uv": [0, 0, 4, 3.8], "texture": "#6"},
				"south": {"uv": [0, 0, 16, 16], "texture": "#6"},
				"west": {"uv": [0, 0, 4, 3.8], "texture": "#6"},
				"up": {"uv": [0, 0, 4, 3.8], "texture": "#6"},
				"down": {"uv": [0, 0, 16, 16], "texture": "#6"}
			}
		},
		{
			"from": [8.1, 4, 6.9],
			"to": [10, 5, 14],
			"faces": {
				"north": {"uv": [7, 13, 9, 15], "texture": "#6"},
				"east": {"uv": [7, 13, 9, 15], "texture": "#6"},
				"south": {"uv": [7, 13, 9, 15], "texture": "#6"},
				"west": {"uv": [7, 13, 9, 15], "texture": "#6"},
				"up": {"uv": [0, 0, 16, 16], "texture": "#6"},
				"down": {"uv": [7, 13, 9, 15], "texture": "#6"}
			}
		},
		{
			"from": [6, 4, 6.9],
			"to": [7.9, 5, 14],
			"faces": {
				"north": {"uv": [6, 13, 8, 15], "texture": "#6"},
				"east": {"uv": [6, 13, 8, 15], "texture": "#6"},
				"south": {"uv": [6, 13, 8, 15], "texture": "#6"},
				"west": {"uv": [6, 13, 8, 15], "texture": "#6"},
				"up": {"uv": [0, 0, 16, 16], "texture": "#6"},
				"down": {"uv": [6, 13, 8, 15], "texture": "#6"}
			}
		},
		{
			"from": [6, 3.9, 7.2],
			"to": [10, 4.1, 13.7],
			"faces": {
				"north": {"uv": [1, 0, 2, 1], "texture": "#6"},
				"east": {"uv": [1, 0, 2, 1], "texture": "#6"},
				"south": {"uv": [1, 0, 2, 1], "texture": "#6"},
				"west": {"uv": [1, 0, 2, 1], "texture": "#6"},
				"up": {"uv": [1, 0, 2, 1], "texture": "#6"},
				"down": {"uv": [0, 0, 16, 16], "texture": "#6"}
			}
		},
		{
			"from": [5, 0, 6.9],
			"to": [6, 4, 14],
			"faces": {
				"north": {"uv": [10, 12, 16, 16], "texture": "#6"},
				"east": {"uv": [0, 12, 16, 16], "texture": "#6"},
				"south": {"uv": [10, 12, 16, 16], "texture": "#6"},
				"west": {"uv": [0, 0, 16, 16], "rotation": 90, "texture": "#6"},
				"up": {"uv": [10, 12, 16, 16], "texture": "#6"},
				"down": {"uv": [0, 0, 16, 16], "texture": "#6"}
			}
		},
		{
			"from": [10, 0, 6.9],
			"to": [11, 4, 14],
			"faces": {
				"north": {"uv": [10, 12, 16, 16], "texture": "#6"},
				"east": {"uv": [0, 0, 16, 16], "rotation": 90, "texture": "#6"},
				"south": {"uv": [10, 12, 16, 16], "texture": "#6"},
				"west": {"uv": [0, 12, 16, 16], "texture": "#6"},
				"up": {"uv": [10, 12, 16, 15], "texture": "#6"},
				"down": {"uv": [0, 0, 16, 16], "texture": "#6"}
			}
		},
		{
			"from": [0.7, 6.3, 6.8],
			"to": [1.7, 7.8, 14.1],
			"rotation": {"angle": -45, "axis": "z", "origin": [0, 0, 0]},
			"faces": {
				"north": {"uv": [1, 3.2, 2, 4.7], "texture": "#6"},
				"east": {"uv": [4, 6.2, 11.3, 7.7], "texture": "#6"},
				"south": {"uv": [5, 6, 6, 7.5], "texture": "#6"},
				"west": {"uv": [0, 0, 15.7, 16], "rotation": 90, "texture": "#6"},
				"up": {"uv": [1, 4.2, 2, 11.5], "texture": "#6"},
				"down": {"uv": [3, 5.2, 4, 12.5], "texture": "#6"}
			}
		},
		{
			"from": [3.5, 9.6, 6.8],
			"to": [5, 10.6, 14.1],
			"rotation": {"angle": -45, "axis": "z", "origin": [0, 0, 0]},
			"faces": {
				"north": {"uv": [9, 12, 14.7, 13.5], "rotation": 90, "texture": "#6"},
				"east": {"uv": [9, 12, 14.7, 13.5], "rotation": 90, "texture": "#6"},
				"south": {"uv": [9, 12, 14.7, 13.5], "rotation": 90, "texture": "#6"},
				"west": {"uv": [9, 12, 14.7, 13.5], "rotation": 90, "texture": "#6"},
				"up": {"uv": [0, 0, 16, 16], "rotation": 180, "texture": "#6"},
				"down": {"uv": [9, 12, 14.7, 13.5], "rotation": 90, "texture": "#6"}
			}
		},
		{
			"from": [6, 0, 5],
			"to": [10, 4, 7],
			"faces": {
				"north": {"uv": [0, 0, 2, 4], "texture": "#6"},
				"east": {"uv": [0, 0, 16, 16], "texture": "#6"},
				"south": {"uv": [0, 0, 2, 4], "texture": "#6"},
				"west": {"uv": [0, 0, 16, 16], "texture": "#6"},
				"up": {"uv": [0, 0, 16, 16], "rotation": 90, "texture": "#6"},
				"down": {"uv": [0, 0, 16, 16], "texture": "#6"}
			}
		},
		{
			"from": [6.3, 0.3, 4.8],
			"to": [9.7, 3.7, 5.1],
			"faces": {
				"north": {"uv": [12, 0, 13, 3], "texture": "#4"},
				"east": {"uv": [12, 1, 13, 4], "texture": "#4"},
				"south": {"uv": [12, 0, 13, 3], "texture": "#4"},
				"west": {"uv": [12, 0, 13, 3], "texture": "#4"},
				"up": {"uv": [12, 0, 13, 3], "texture": "#4"},
				"down": {"uv": [12, 0, 13, 3], "texture": "#4"}
			}
		},
		{
			"from": [6.5, 0.5, 3],
			"to": [9.5, 3.5, 7],
			"faces": {
				"north": {"uv": [6, 0, 9.6, 4], "texture": "#6"},
				"east": {"uv": [0, 0, 5, 16], "rotation": 90, "texture": "#6"},
				"south": {"uv": [6, 0, 9.6, 4], "texture": "#6"},
				"west": {"uv": [0, 0, 16, 16], "rotation": 90, "texture": "#6"},
				"up": {"uv": [0, 0, 16, 16], "texture": "#6"},
				"down": {"uv": [0, 0, 16, 16], "rotation": 180, "texture": "#6"}
			}
		},
		{
			"from": [6.3, 0.3, 0.4],
			"to": [9.7, 3.7, 3.2],
			"faces": {
				"north": {"uv": [12, 0, 13, 3], "texture": "#4"},
				"east": {"uv": [12, 1, 13, 4], "texture": "#4"},
				"south": {"uv": [12, 0, 13, 3], "texture": "#4"},
				"west": {"uv": [12, 0, 13, 3], "texture": "#4"},
				"up": {"uv": [12, 0, 13, 3], "texture": "#4"},
				"down": {"uv": [12, 0, 13, 3], "texture": "#4"}
			}
		},
		{
			"from": [6, 0, 1],
			"to": [10, 4, 3],
			"faces": {
				"north": {"uv": [0, 0, 2, 4], "texture": "#6"},
				"east": {"uv": [0, 0, 16, 16], "texture": "#6"},
				"south": {"uv": [0, 0, 2, 4], "texture": "#6"},
				"west": {"uv": [0, 0, 16, 16], "texture": "#6"},
				"up": {"uv": [0, 0, 16, 16], "rotation": 90, "texture": "#6"},
				"down": {"uv": [0, 0, 16, 16], "texture": "#6"}
			}
		},
		{
			"from": [6.1, 0.1, -0.2],
			"to": [9.9, 3.9, 0.8],
			"faces": {
				"north": {"uv": [12, 0, 13, 4], "rotation": 90, "texture": "#6"},
				"east": {"uv": [0, 0, 16, 4], "rotation": 90, "texture": "#6"},
				"south": {"uv": [12, 0, 13, 4], "rotation": 90, "texture": "#6"},
				"west": {"uv": [0, 12, 16, 16], "rotation": 90, "texture": "#6"},
				"up": {"uv": [0, 0, 16, 4], "texture": "#6"},
				"down": {"uv": [10, 0, 16, 16], "rotation": 90, "texture": "#6"}
			}
		},
		{
			"from": [6.2, 0.2, -0.4],
			"to": [6.9, 3.8, -0.2],
			"faces": {
				"north": {"uv": [14, 0, 16, 16], "texture": "#6"},
				"east": {"uv": [12, 0, 12.7, 3.6], "texture": "#6"},
				"south": {"uv": [12, 0, 12.7, 3.6], "texture": "#6"},
				"west": {"uv": [12, 0, 12.7, 3.6], "texture": "#6"},
				"up": {"uv": [12, 0, 12.7, 3.6], "texture": "#6"},
				"down": {"uv": [12, 0, 12.7, 3.6], "texture": "#6"}
			}
		},
		{
			"from": [6.9, 3.1, -0.4],
			"to": [9.1, 3.8, -0.2],
			"faces": {
				"north": {"uv": [2, 0, 14, 3], "texture": "#6"},
				"east": {"uv": [12, 2, 13, 3], "texture": "#6"},
				"south": {"uv": [12, 2, 13, 3], "texture": "#6"},
				"west": {"uv": [12, 2, 13, 3], "texture": "#6"},
				"up": {"uv": [12, 2, 13, 3], "texture": "#6"},
				"down": {"uv": [12, 2, 13, 3], "texture": "#6"}
			}
		},
		{
			"from": [9.1, 0.2, -0.4],
			"to": [9.8, 3.8, -0.2],
			"faces": {
				"north": {"uv": [0, 0, 2, 16], "texture": "#6"},
				"east": {"uv": [12, 0, 12.7, 3.6], "texture": "#6"},
				"south": {"uv": [12, 0, 12.7, 3.6], "texture": "#6"},
				"west": {"uv": [12, 0, 12.7, 3.6], "texture": "#6"},
				"up": {"uv": [12, 0, 12.7, 3.6], "texture": "#6"},
				"down": {"uv": [12, 0, 12.7, 3.6], "texture": "#6"}
			}
		},
		{
			"from": [6.9, 0.2, -0.4],
			"to": [9.1, 0.9, -0.2],
			"faces": {
				"north": {"uv": [2, 13, 14, 16], "texture": "#6"},
				"east": {"uv": [12, 1, 13, 2], "texture": "#6"},
				"south": {"uv": [12, 1, 13, 2], "texture": "#6"},
				"west": {"uv": [12, 1, 13, 2], "texture": "#6"},
				"up": {"uv": [12, 1, 13, 2], "texture": "#6"},
				"down": {"uv": [12, 1, 13, 2], "texture": "#6"}
			}
		},
		{
			"from": [6.9, 0.9, -0.3],
			"to": [9.1, 3.1, -0.3],
			"faces": {
				"north": {"uv": [12, 0, 13, 4], "rotation": 90, "texture": "#4"},
				"east": {"uv": [0, 0, 16, 4], "rotation": 90, "texture": "#4"},
				"south": {"uv": [12, 0, 13, 4], "rotation": 90, "texture": "#4"},
				"west": {"uv": [0, 12, 16, 16], "rotation": 90, "texture": "#4"},
				"up": {"uv": [0, 0, 16, 4], "texture": "#4"},
				"down": {"uv": [10, 0, 16, 16], "rotation": 90, "texture": "#4"}
			}
		},
		{
			"from": [7.5, 0.5, 10],
			"to": [8.5, 1, 12],
			"faces": {
				"north": {"uv": [12, 1, 13, 3], "texture": "#7"},
				"east": {"uv": [0, 0, 6, 16], "rotation": 90, "texture": "#7"},
				"south": {"uv": [0, 0, 16, 16], "texture": "#7"},
				"west": {"uv": [0, 0, 16, 0], "texture": "#7"},
				"up": {"uv": [12, 1, 13, 3], "texture": "#7"},
				"down": {"uv": [12, 1, 13, 3], "texture": "#7"}
			}
		},
		{
			"from": [7.5, 0.5, 12],
			"to": [8.5, 3.5, 12.5],
			"faces": {
				"north": {"uv": [12, 0, 13, 3], "texture": "#7"},
				"east": {"uv": [0, 0, 16, 16], "rotation": 180, "texture": "#7"},
				"south": {"uv": [0, 0, 16, 16], "texture": "#7"},
				"west": {"uv": [0, 0, 16, 16], "rotation": 180, "texture": "#7"},
				"up": {"uv": [12, 0, 13, 3], "texture": "#7"},
				"down": {"uv": [12, 0, 13, 3], "texture": "#7"}
			}
		},
		{
			"from": [7.5, 3, 10],
			"to": [8.5, 3.5, 12],
			"faces": {
				"north": {"uv": [12, 1, 13, 2], "texture": "#7"},
				"east": {"uv": [0, 0, 6, 16], "rotation": 90, "texture": "#7"},
				"south": {"uv": [0, 0, 16, 16], "texture": "#7"},
				"west": {"uv": [0, 6, 16, 0], "texture": "#7"},
				"up": {"uv": [12, 1, 13, 2], "texture": "#7"},
				"down": {"uv": [12, 1, 13, 2], "texture": "#7"}
			}
		},
		{
			"from": [2.8, 5.5, -3.3],
			"to": [5.8, 8.6, -2.1],
			"rotation": {"angle": -45, "axis": "z", "origin": [0, 0, 1]},
			"faces": {
				"north": {"uv": [12, 0, 13, 4], "rotation": 90, "texture": "#6"},
				"east": {"uv": [0, 0, 16, 4], "rotation": 90, "texture": "#6"},
				"south": {"uv": [12, 0, 13, 4], "rotation": 90, "texture": "#6"},
				"west": {"uv": [0, 12, 16, 16], "rotation": 90, "texture": "#6"},
				"up": {"uv": [0, 0, 16, 4], "texture": "#6"},
				"down": {"uv": [10, 0, 16, 16], "rotation": 90, "texture": "#6"}
			}
		},
		{
			"from": [6.6, 0.4, -3.2],
			"to": [9.6, 3.5, -2.2],
			"rotation": {"angle": 0, "axis": "y", "origin": [0, 0, 1]},
			"faces": {
				"north": {"uv": [12, 0, 13, 4], "rotation": 90, "texture": "#6"},
				"east": {"uv": [0, 0, 16, 4], "rotation": 90, "texture": "#6"},
				"south": {"uv": [12, 0, 13, 4], "rotation": 90, "texture": "#6"},
				"west": {"uv": [0, 12, 16, 16], "rotation": 90, "texture": "#6"},
				"up": {"uv": [0, 0, 16, 4], "texture": "#6"},
				"down": {"uv": [10, 0, 16, 16], "rotation": 90, "texture": "#6"}
			}
		},
		{
			"from": [2.8, 5.5, -9.3],
			"to": [5.8, 8.6, -8.1],
			"rotation": {"angle": -45, "axis": "z", "origin": [0, 0, -5]},
			"faces": {
				"north": {"uv": [12, 0, 13, 4], "rotation": 90, "texture": "#6"},
				"east": {"uv": [0, 0, 16, 4], "rotation": 90, "texture": "#6"},
				"south": {"uv": [12, 0, 13, 4], "rotation": 90, "texture": "#6"},
				"west": {"uv": [0, 12, 16, 16], "rotation": 90, "texture": "#6"},
				"up": {"uv": [0, 0, 16, 4], "texture": "#6"},
				"down": {"uv": [10, 0, 16, 16], "rotation": 90, "texture": "#6"}
			}
		},
		{
			"from": [6.6, 0.4, -9.2],
			"to": [9.6, 3.5, -8.2],
			"rotation": {"angle": 0, "axis": "y", "origin": [0, 0, -5]},
			"faces": {
				"north": {"uv": [12, 0, 13, 4], "rotation": 90, "texture": "#6"},
				"east": {"uv": [0, 0, 16, 4], "rotation": 90, "texture": "#6"},
				"south": {"uv": [12, 0, 13, 4], "rotation": 90, "texture": "#6"},
				"west": {"uv": [0, 12, 16, 16], "rotation": 90, "texture": "#6"},
				"up": {"uv": [0, 0, 16, 4], "texture": "#6"},
				"down": {"uv": [10, 0, 16, 16], "rotation": 90, "texture": "#6"}
			}
		},
		{
			"from": [6.05, -4.1, -11.2],
			"to": [6.85, -3.3, -0.2],
			"rotation": {"angle": 45, "axis": "z", "origin": [0, 0, 0]},
			"faces": {
				"north": {"uv": [12, 0, 13, 4], "rotation": 90, "texture": "#6"},
				"east": {"uv": [0, 0, 16, 4], "rotation": 90, "texture": "#6"},
				"south": {"uv": [12, 0, 13, 4], "rotation": 90, "texture": "#6"},
				"west": {"uv": [0, 12, 16, 16], "rotation": 90, "texture": "#6"},
				"up": {"uv": [0, 0, 16, 4], "texture": "#6"},
				"down": {"uv": [0, 0, 16, 4], "texture": "#6"}
			}
		},
		{
			"from": [7.35, -4.1, -11.2],
			"to": [8.15, -3.3, -0.2],
			"rotation": {"angle": 45, "axis": "z", "origin": [0, 0, 0]},
			"faces": {
				"north": {"uv": [12, 0, 13, 4], "rotation": 90, "texture": "#6"},
				"east": {"uv": [0, 0, 16, 4], "rotation": 90, "texture": "#6"},
				"south": {"uv": [12, 0, 13, 4], "rotation": 90, "texture": "#6"},
				"west": {"uv": [0, 12, 16, 16], "rotation": 90, "texture": "#6"},
				"up": {"uv": [0, 0, 16, 4], "texture": "#6"},
				"down": {"uv": [0, 0, 16, 4], "texture": "#6"}
			}
		},
		{
			"from": [7.35, -5.4, -11.2],
			"to": [8.15, -4.6, -0.2],
			"rotation": {"angle": 45, "axis": "z", "origin": [0, 0, 0]},
			"faces": {
				"north": {"uv": [12, 0, 13, 4], "rotation": 90, "texture": "#6"},
				"east": {"uv": [0, 0, 16, 4], "rotation": 90, "texture": "#6"},
				"south": {"uv": [12, 0, 13, 4], "rotation": 90, "texture": "#6"},
				"west": {"uv": [0, 12, 16, 16], "rotation": 90, "texture": "#6"},
				"up": {"uv": [0, 0, 16, 4], "texture": "#6"},
				"down": {"uv": [0, 0, 16, 4], "texture": "#6"}
			}
		},
		{
			"from": [6.05, -5.4, -11.2],
			"to": [6.85, -4.6, -0.2],
			"rotation": {"angle": 45, "axis": "z", "origin": [0, 0, 0]},
			"faces": {
				"north": {"uv": [12, 0, 13, 4], "rotation": 90, "texture": "#6"},
				"east": {"uv": [0, 0, 16, 4], "rotation": 90, "texture": "#6"},
				"south": {"uv": [12, 0, 13, 4], "rotation": 90, "texture": "#6"},
				"west": {"uv": [0, 12, 16, 16], "rotation": 90, "texture": "#6"},
				"up": {"uv": [0, 0, 16, 4], "texture": "#6"},
				"down": {"uv": [0, 0, 16, 4], "texture": "#6"}
			}
		},
		{
			"from": [6.25, -5.2, -12.2],
			"to": [6.65, -4.8, -11.2],
			"rotation": {"angle": 45, "axis": "z", "origin": [0, 0, 0]},
			"faces": {
				"north": {"uv": [12, 0, 13, 4], "rotation": 90, "texture": "#4"},
				"east": {"uv": [0, 0, 16, 4], "rotation": 90, "texture": "#4"},
				"south": {"uv": [12, 0, 13, 4], "rotation": 90, "texture": "#4"},
				"west": {"uv": [0, 12, 16, 16], "rotation": 90, "texture": "#4"},
				"up": {"uv": [0, 0, 16, 4], "texture": "#4"},
				"down": {"uv": [10, 0, 16, 16], "rotation": 90, "texture": "#4"}
			}
		},
		{
			"from": [7.55, -5.2, -12.2],
			"to": [7.95, -4.8, -11.2],
			"rotation": {"angle": 45, "axis": "z", "origin": [0, 0, 0]},
			"faces": {
				"north": {"uv": [12, 0, 13, 4], "rotation": 90, "texture": "#4"},
				"east": {"uv": [0, 0, 16, 4], "rotation": 90, "texture": "#4"},
				"south": {"uv": [12, 0, 13, 4], "rotation": 90, "texture": "#4"},
				"west": {"uv": [0, 12, 16, 16], "rotation": 90, "texture": "#4"},
				"up": {"uv": [0, 0, 16, 4], "texture": "#4"},
				"down": {"uv": [10, 0, 16, 16], "rotation": 90, "texture": "#4"}
			}
		},
		{
			"from": [7.55, -3.9, -12.2],
			"to": [7.95, -3.5, -11.2],
			"rotation": {"angle": 45, "axis": "z", "origin": [0, 0, 0]},
			"faces": {
				"north": {"uv": [12, 0, 13, 4], "rotation": 90, "texture": "#4"},
				"east": {"uv": [0, 0, 16, 4], "rotation": 90, "texture": "#4"},
				"south": {"uv": [12, 0, 13, 4], "rotation": 90, "texture": "#4"},
				"west": {"uv": [0, 12, 16, 16], "rotation": 90, "texture": "#4"},
				"up": {"uv": [0, 0, 16, 4], "texture": "#4"},
				"down": {"uv": [10, 0, 16, 16], "rotation": 90, "texture": "#4"}
			}
		},
		{
			"from": [6.25, -3.9, -12.2],
			"to": [6.65, -3.5, -11.2],
			"rotation": {"angle": 45, "axis": "z", "origin": [0, 0, 0]},
			"faces": {
				"north": {"uv": [12, 0, 13, 4], "rotation": 90, "texture": "#4"},
				"east": {"uv": [0, 0, 16, 4], "rotation": 90, "texture": "#4"},
				"south": {"uv": [12, 0, 13, 4], "rotation": 90, "texture": "#4"},
				"west": {"uv": [0, 12, 16, 16], "rotation": 90, "texture": "#4"},
				"up": {"uv": [0, 0, 16, 4], "texture": "#4"},
				"down": {"uv": [10, 0, 16, 16], "rotation": 90, "texture": "#4"}
			}
		},
		{
			"from": [7, 0.85, -11.2],
			"to": [7.8, 1.65, -0.2],
			"faces": {
				"north": {"uv": [12, 0, 13, 4], "rotation": 180, "texture": "#6"},
				"east": {"uv": [0, 0, 16, 4], "rotation": 270, "texture": "#6"},
				"south": {"uv": [12, 0, 13, 4], "texture": "#6"},
				"west": {"uv": [0, 0, 16, 4], "rotation": 270, "texture": "#6"},
				"up": {"uv": [0, 0, 16, 4], "texture": "#6"},
				"down": {"uv": [0, 12, 16, 16], "texture": "#6"}
			}
		},
		{
			"from": [7, 2.15, -11.2],
			"to": [7.8, 2.95, -0.2],
			"faces": {
				"north": {"uv": [12, 0, 13, 4], "rotation": 180, "texture": "#6"},
				"east": {"uv": [0, 0, 16, 4], "rotation": 270, "texture": "#6"},
				"south": {"uv": [12, 0, 13, 4], "texture": "#6"},
				"west": {"uv": [0, 0, 16, 4], "rotation": 270, "texture": "#6"},
				"up": {"uv": [0, 0, 16, 4], "texture": "#6"},
				"down": {"uv": [0, 12, 16, 16], "texture": "#6"}
			}
		},
		{
			"from": [8.3, 2.15, -11.2],
			"to": [9.1, 2.95, -0.2],
			"faces": {
				"north": {"uv": [12, 0, 13, 4], "rotation": 180, "texture": "#6"},
				"east": {"uv": [0, 0, 16, 4], "rotation": 270, "texture": "#6"},
				"south": {"uv": [12, 0, 13, 4], "texture": "#6"},
				"west": {"uv": [0, 0, 16, 4], "rotation": 270, "texture": "#6"},
				"up": {"uv": [0, 0, 16, 4], "texture": "#6"},
				"down": {"uv": [0, 12, 16, 16], "texture": "#6"}
			}
		},
		{
			"from": [8.3, 0.85, -11.2],
			"to": [9.1, 1.65, -0.2],
			"faces": {
				"north": {"uv": [12, 0, 13, 4], "rotation": 180, "texture": "#6"},
				"east": {"uv": [0, 0, 16, 4], "rotation": 270, "texture": "#6"},
				"south": {"uv": [12, 0, 13, 4], "texture": "#6"},
				"west": {"uv": [0, 0, 16, 4], "rotation": 270, "texture": "#6"},
				"up": {"uv": [0, 0, 16, 4], "texture": "#6"},
				"down": {"uv": [0, 12, 16, 16], "texture": "#6"}
			}
		},
		{
			"from": [8.5, 1.05, -12.2],
			"to": [8.9, 1.45, -11.2],
			"faces": {
				"north": {"uv": [12, 0, 13, 4], "rotation": 180, "texture": "#4"},
				"east": {"uv": [10, 0, 16, 16], "texture": "#4"},
				"south": {"uv": [12, 0, 13, 4], "texture": "#4"},
				"west": {"uv": [0, 0, 16, 4], "rotation": 270, "texture": "#4"},
				"up": {"uv": [0, 0, 16, 4], "texture": "#4"},
				"down": {"uv": [0, 12, 16, 16], "texture": "#4"}
			}
		},
		{
			"from": [8.5, 2.35, -12.2],
			"to": [8.9, 2.75, -11.2],
			"faces": {
				"north": {"uv": [12, 0, 13, 4], "rotation": 180, "texture": "#4"},
				"east": {"uv": [10, 0, 16, 16], "texture": "#4"},
				"south": {"uv": [12, 0, 13, 4], "texture": "#4"},
				"west": {"uv": [0, 0, 16, 4], "rotation": 270, "texture": "#4"},
				"up": {"uv": [0, 0, 16, 4], "texture": "#4"},
				"down": {"uv": [0, 12, 16, 16], "texture": "#4"}
			}
		},
		{
			"from": [7.2, 2.35, -12.2],
			"to": [7.6, 2.75, -11.2],
			"faces": {
				"north": {"uv": [12, 0, 13, 4], "rotation": 180, "texture": "#4"},
				"east": {"uv": [10, 0, 16, 16], "texture": "#4"},
				"south": {"uv": [12, 0, 13, 4], "texture": "#4"},
				"west": {"uv": [0, 0, 16, 4], "rotation": 270, "texture": "#4"},
				"up": {"uv": [0, 0, 16, 4], "texture": "#4"},
				"down": {"uv": [0, 12, 16, 16], "texture": "#4"}
			}
		},
		{
			"from": [7.2, 1.05, -12.2],
			"to": [7.6, 1.45, -11.2],
			"faces": {
				"north": {"uv": [12, 0, 13, 4], "rotation": 180, "texture": "#4"},
				"east": {"uv": [10, 0, 16, 16], "texture": "#4"},
				"south": {"uv": [12, 0, 13, 4], "texture": "#4"},
				"west": {"uv": [0, 0, 16, 4], "rotation": 270, "texture": "#4"},
				"up": {"uv": [0, 0, 16, 4], "texture": "#4"},
				"down": {"uv": [0, 12, 16, 16], "texture": "#4"}
			}
		}
	],
	"display": {
		"thirdperson_righthand": {
			"translation": [0, 4.25, 0.75],
			"scale": [1.01, 1.01, 1.01]
		},
		"thirdperson_lefthand": {
			"translation": [0, 4, 0]
		},
		"firstperson_righthand": {
			"translation": [7, 6, 2.75]
		},
		"firstperson_lefthand": {
			"translation": [7.25, 5.25, 1.75]
		},
		"ground": {
			"translation": [0, 6.5, 0]
		},
		"gui": {
			"rotation": [18, -140, 0],
			"translation": [-2.25, 5, 0],
			"scale": [0.85, 0.85, 0.85]
		},
		"head": {
			"translation": [0, 14.5, 0]
		},
		"fixed": {
			"rotation": [0, -92, 0],
			"translation": [-3.25, 6.75, -4.25]
		}
	},
	"groups": [
		{
			"name": "south base",
			"origin": [0, 0, 0],
			"color": 0,
			"children": [0, 1, 2, 3, 4, 5, 6, 7]
		},
		{
			"name": "center base",
			"origin": [0, 0, 0],
			"color": 0,
			"children": [8, 9, 10, 11, 12, 13, 14, 15, 16, 17, 18]
		},
		{
			"name": "handle",
			"origin": [0, 0, 0],
			"color": 0,
			"children": [19, 20, 21]
		},
		{
			"name": "barrel",
			"origin": [0, 0, 0],
			"color": 0,
			"children": [
				{
					"name": "braces",
					"origin": [0, 0, -5],
					"color": 0,
					"children": [
						22,
						23,
						24,
						25,
						{
							"name": "pipes_state_1",
							"origin": [0, 0, 0],
							"color": 0,
							"children": [26, 27, 28, 29, 30, 31, 32, 33]
						},
						{
							"name": "pipes_state_2",
							"origin": [0, 0, 0],
							"color": 0,
							"children": [34, 35, 36, 37, 38, 39, 40, 41]
						}
					]
				}
			]
		}
	]
}
