{
	"textures": {
		"1": "block/copper_block",
		"3": "block/black_concrete",
		"4": "block/gold_block",
		"5": "block/white_stained_glass",
		"6": "block/iron_block",
		"particle": "block/iron_block"
	},
	"elements": [
		{
			"from": [6, 0.2, 7],
			"to": [10, 4, 10],
			"faces": {
				"north": {"uv": [0, 0, 16, 16], "texture": "#6"},
				"east": {"uv": [0, 0, 4, 3.8], "texture": "#6"},
				"south": {"uv": [0, 0, 16, 16], "texture": "#6"},
				"west": {"uv": [0, 0, 4, 3.8], "texture": "#6"},
				"up": {"uv": [0, 0, 4, 3.8], "texture": "#6"},
				"down": {"uv": [0, 0, 16, 16], "texture": "#6"}
			}
		},
		{
			"from": [8.1, 4, 6.9],
			"to": [10, 5, 14],
			"faces": {
				"north": {"uv": [7, 13, 9, 15], "texture": "#6"},
				"east": {"uv": [7, 13, 9, 15], "texture": "#6"},
				"south": {"uv": [7, 13, 9, 15], "texture": "#6"},
				"west": {"uv": [7, 13, 9, 15], "texture": "#6"},
				"up": {"uv": [0, 0, 16, 16], "texture": "#6"},
				"down": {"uv": [7, 13, 9, 15], "texture": "#6"}
			}
		},
		{
			"from": [6, 4, 6.9],
			"to": [7.9, 5, 14],
			"faces": {
				"north": {"uv": [6, 13, 8, 15], "texture": "#6"},
				"east": {"uv": [6, 13, 8, 15], "texture": "#6"},
				"south": {"uv": [6, 13, 8, 15], "texture": "#6"},
				"west": {"uv": [6, 13, 8, 15], "texture": "#6"},
				"up": {"uv": [0, 0, 16, 16], "texture": "#6"},
				"down": {"uv": [6, 13, 8, 15], "texture": "#6"}
			}
		},
		{
			"from": [6, 3.9, 7.2],
			"to": [10, 4.1, 13.7],
			"faces": {
				"north": {"uv": [1, 0, 2, 1], "texture": "#6"},
				"east": {"uv": [1, 0, 2, 1], "texture": "#6"},
				"south": {"uv": [1, 0, 2, 1], "texture": "#6"},
				"west": {"uv": [1, 0, 2, 1], "texture": "#6"},
				"up": {"uv": [1, 0, 2, 1], "texture": "#6"},
				"down": {"uv": [0, 0, 16, 16], "texture": "#6"}
			}
		},
		{
			"from": [5, 0, 6.9],
			"to": [6, 4, 14],
			"faces": {
				"north": {"uv": [10, 12, 16, 16], "texture": "#6"},
				"east": {"uv": [0, 12, 16, 16], "texture": "#6"},
				"south": {"uv": [10, 12, 16, 16], "texture": "#6"},
				"west": {"uv": [0, 0, 16, 16], "rotation": 90, "texture": "#6"},
				"up": {"uv": [10, 12, 16, 16], "texture": "#6"},
				"down": {"uv": [0, 0, 16, 16], "texture": "#6"}
			}
		},
		{
			"from": [10, 0, 6.9],
			"to": [11, 4, 14],
			"faces": {
				"north": {"uv": [10, 12, 16, 16], "texture": "#6"},
				"east": {"uv": [0, 0, 16, 16], "rotation": 90, "texture": "#6"},
				"south": {"uv": [10, 12, 16, 16], "texture": "#6"},
				"west": {"uv": [0, 12, 16, 16], "texture": "#6"},
				"up": {"uv": [10, 12, 16, 15], "texture": "#6"},
				"down": {"uv": [0, 0, 16, 16], "texture": "#6"}
			}
		},
		{
			"from": [0.7, 6.3, 6.8],
			"to": [1.7, 7.8, 14.1],
			"rotation": {"angle": -45, "axis": "z", "origin": [0, 0, 0]},
			"faces": {
				"north": {"uv": [1, 3.2, 2, 4.7], "texture": "#6"},
				"east": {"uv": [4, 6.2, 11.3, 7.7], "texture": "#6"},
				"south": {"uv": [5, 6, 6, 7.5], "texture": "#6"},
				"west": {"uv": [0, 0, 15.7, 16], "rotation": 90, "texture": "#6"},
				"up": {"uv": [1, 4.2, 2, 11.5], "texture": "#6"},
				"down": {"uv": [3, 5.2, 4, 12.5], "texture": "#6"}
			}
		},
		{
			"from": [3.5, 9.6, 6.8],
			"to": [5, 10.6, 14.1],
			"rotation": {"angle": -45, "axis": "z", "origin": [0, 0, 0]},
			"faces": {
				"north": {"uv": [9, 12, 14.7, 13.5], "rotation": 90, "texture": "#6"},
				"east": {"uv": [9, 12, 14.7, 13.5], "rotation": 90, "texture": "#6"},
				"south": {"uv": [9, 12, 14.7, 13.5], "rotation": 90, "texture": "#6"},
				"west": {"uv": [9, 12, 14.7, 13.5], "rotation": 90, "texture": "#6"},
				"up": {"uv": [0, 0, 16, 16], "rotation": 180, "texture": "#6"},
				"down": {"uv": [9, 12, 14.7, 13.5], "rotation": 90, "texture": "#6"}
			}
		},
		{
			"from": [6.5, 0.5, 3],
			"to": [9.5, 3.5, 7],
			"faces": {
				"north": {"uv": [6, 0, 9.6, 4], "texture": "#6"},
				"east": {"uv": [0, 0, 5, 16], "rotation": 90, "texture": "#6"},
				"south": {"uv": [6, 0, 9.6, 4], "texture": "#6"},
				"west": {"uv": [0, 0, 16, 16], "rotation": 90, "texture": "#6"},
				"up": {"uv": [0, 0, 16, 16], "texture": "#6"},
				"down": {"uv": [0, 0, 16, 16], "rotation": 180, "texture": "#6"}
			}
		},
		{
			"from": [6, 0, 1],
			"to": [10, 4, 3],
			"faces": {
				"north": {"uv": [0, 0, 2, 4], "texture": "#6"},
				"east": {"uv": [0, 0, 16, 16], "texture": "#6"},
				"south": {"uv": [0, 0, 2, 4], "texture": "#6"},
				"west": {"uv": [0, 0, 16, 16], "texture": "#6"},
				"up": {"uv": [0, 0, 16, 16], "rotation": 90, "texture": "#6"},
				"down": {"uv": [0, 0, 16, 16], "texture": "#6"}
			}
		},
		{
			"from": [6.3, 0.3, 0.4],
			"to": [9.7, 3.7, 3.2],
			"faces": {
				"north": {"uv": [12, 0, 13, 3], "texture": "#6"},
				"east": {"uv": [12, 1, 13, 4], "texture": "#6"},
				"south": {"uv": [12, 0, 13, 3], "texture": "#6"},
				"west": {"uv": [12, 0, 13, 3], "texture": "#6"},
				"up": {"uv": [12, 0, 13, 3], "texture": "#6"},
				"down": {"uv": [12, 0, 13, 3], "texture": "#6"}
			}
		},
		{
			"from": [8.2, 3.5, 3.9],
			"to": [9.2, 3.7, 4.9],
			"faces": {
				"north": {"uv": [0, 0, 1, 0.2], "texture": "#3"},
				"east": {"uv": [0, 0, 1, 0.2], "texture": "#3"},
				"south": {"uv": [0, 0, 1, 0.2], "texture": "#3"},
				"west": {"uv": [0, 0, 1, 0.2], "texture": "#3"},
				"up": {"uv": [0, 0, 1, 1], "texture": "#3"},
				"down": {"uv": [0, 0, 1, 1], "texture": "#3"}
			}
		},
		{
			"from": [8.3, 3.7, 4],
			"to": [9.1, 3.8, 4.8],
			"faces": {
				"north": {"uv": [0, 0, 4.7, 1.3], "texture": "#4"},
				"east": {"uv": [0, 0, 4.7, 1.3], "texture": "#4"},
				"south": {"uv": [0, 0, 4.7, 1.3], "texture": "#4"},
				"west": {"uv": [0, 0, 4.7, 1.3], "texture": "#4"},
				"up": {"uv": [0, 0, 4.7, 4.9], "texture": "#4"},
				"down": {"uv": [0, 0, 0.8, 0.8], "texture": "#4"}
			}
		},
		{
			"from": [8.3, 3.8, 4],
			"to": [9.1, 4.8, 4.8],
			"faces": {
				"north": {"uv": [0, 0, 0.8, 1], "texture": "#5"},
				"east": {"uv": [0, 0, 0.8, 1], "texture": "#5"},
				"south": {"uv": [0, 0, 0.8, 1], "texture": "#5"},
				"west": {"uv": [0, 0, 0.8, 1], "texture": "#5"},
				"up": {"uv": [0, 0, 0.8, 1], "texture": "#5"},
				"down": {"uv": [0, 0, 0.8, 1], "texture": "#5"}
			}
		},
		{
			"from": [8.3, 4.8, 4],
			"to": [9.1, 4.9, 4.8],
			"faces": {
				"north": {"uv": [0, 0, 4.7, 1.3], "texture": "#4"},
				"east": {"uv": [0, 0, 4.7, 1.3], "texture": "#4"},
				"south": {"uv": [0, 0, 4.7, 1.3], "texture": "#4"},
				"west": {"uv": [0, 0, 4.7, 1.3], "texture": "#4"},
				"up": {"uv": [0, 0, 4.7, 4.9], "texture": "#4"},
				"down": {"uv": [0, 0, 0.8, 0.8], "texture": "#4"}
			}
		},
		{
			"from": [8.4, 4.9, 4.1],
			"to": [9, 5.2, 4.7],
			"faces": {
				"north": {"uv": [0, 3, 4.7, 7.4], "texture": "#4"},
				"east": {"uv": [0, 3, 4.7, 7.4], "texture": "#4"},
				"south": {"uv": [0, 3, 4.7, 7.4], "texture": "#4"},
				"west": {"uv": [0, 3, 4.7, 7.4], "texture": "#4"},
				"up": {"uv": [0, 0, 4.7, 4.9], "texture": "#4"},
				"down": {"uv": [0, 0, 0.8, 0.8], "texture": "#4"}
			}
		},
		{
			"from": [8.3, 5.2, 4],
			"to": [9.1, 5.3, 4.8],
			"faces": {
				"north": {"uv": [0, 0, 4.7, 1.3], "texture": "#4"},
				"east": {"uv": [0, 0, 4.7, 1.3], "texture": "#4"},
				"south": {"uv": [0, 0, 4.7, 1.3], "texture": "#4"},
				"west": {"uv": [0, 0, 4.7, 1.3], "texture": "#4"},
				"up": {"uv": [0, 0, 4.7, 4.9], "texture": "#4"},
				"down": {"uv": [0, 0, 0.8, 0.8], "texture": "#4"}
			}
		},
		{
			"from": [8.4, 5.3, 4.1],
			"to": [9, 5.4, 4.7],
			"faces": {
				"north": {"uv": [0, 0, 4.7, 1.3], "texture": "#4"},
				"east": {"uv": [0, 0, 4.7, 1.3], "texture": "#4"},
				"south": {"uv": [0, 0, 4.7, 1.3], "texture": "#4"},
				"west": {"uv": [0, 0, 4.7, 1.3], "texture": "#4"},
				"up": {"uv": [0, 0, 4.7, 4.9], "texture": "#4"},
				"down": {"uv": [0, 0, 0.8, 0.8], "texture": "#4"}
			}
		},
		{
			"from": [8.5, 5.4, 4.2],
			"to": [8.9, 5.5, 4.6],
			"faces": {
				"north": {"uv": [0, 0, 4.7, 1.3], "texture": "#4"},
				"east": {"uv": [0, 0, 4.7, 1.3], "texture": "#4"},
				"south": {"uv": [0, 0, 4.7, 1.3], "texture": "#4"},
				"west": {"uv": [0, 0, 4.7, 1.3], "texture": "#4"},
				"up": {"uv": [0, 0, 4.7, 4.9], "texture": "#4"},
				"down": {"uv": [0, 0, 0.8, 0.8], "texture": "#4"}
			}
		},
		{
			"from": [8.6, 7.95, 4.75],
			"to": [9.4, 8.05, 5.55],
			"rotation": {"angle": 22.5, "axis": "x", "origin": [1.7, 0, 0]},
			"faces": {
				"north": {"uv": [0, 0, 4.7, 1.3], "texture": "#4"},
				"east": {"uv": [0, 0, 4.7, 1.3], "texture": "#4"},
				"south": {"uv": [0, 0, 4.7, 1.3], "texture": "#4"},
				"west": {"uv": [0, 0, 4.7, 1.3], "texture": "#4"},
				"up": {"uv": [0, 0, 4.7, 4.9], "texture": "#4"},
				"down": {"uv": [0, 0, 0.8, 0.8], "texture": "#4"}
			}
		},
		{
			"from": [8.6, 8.05, 4.75],
			"to": [9.4, 9.05, 5.55],
			"rotation": {"angle": 22.5, "axis": "x", "origin": [1.7, 0, 0]},
			"faces": {
				"north": {"uv": [0, 0, 0.8, 1], "texture": "#5"},
				"east": {"uv": [0, 0, 0.8, 1], "texture": "#5"},
				"south": {"uv": [0, 0, 0.8, 1], "texture": "#5"},
				"west": {"uv": [0, 0, 0.8, 1], "texture": "#5"},
				"up": {"uv": [0, 0, 0.8, 1], "texture": "#5"},
				"down": {"uv": [0, 0, 0.8, 1], "texture": "#5"}
			}
		},
		{
			"from": [8.6, 9.05, 4.75],
			"to": [9.4, 9.15, 5.55],
			"rotation": {"angle": 22.5, "axis": "x", "origin": [1.7, 0, 0]},
			"faces": {
				"north": {"uv": [0, 0, 4.7, 1.3], "texture": "#4"},
				"east": {"uv": [0, 0, 4.7, 1.3], "texture": "#4"},
				"south": {"uv": [0, 0, 4.7, 1.3], "texture": "#4"},
				"west": {"uv": [0, 0, 4.7, 1.3], "texture": "#4"},
				"up": {"uv": [0, 0, 4.7, 4.9], "texture": "#4"},
				"down": {"uv": [0, 0, 0.8, 0.8], "texture": "#4"}
			}
		},
		{
			"from": [8.7, 9.15, 4.85],
			"to": [9.3, 9.45, 5.45],
			"rotation": {"angle": 22.5, "axis": "x", "origin": [1.7, 0, 0]},
			"faces": {
				"north": {"uv": [0, 3, 4.7, 7.4], "texture": "#4"},
				"east": {"uv": [0, 3, 4.7, 7.4], "texture": "#4"},
				"south": {"uv": [0, 3, 4.7, 7.4], "texture": "#4"},
				"west": {"uv": [0, 3, 4.7, 7.4], "texture": "#4"},
				"up": {"uv": [0, 0, 4.7, 4.9], "texture": "#4"},
				"down": {"uv": [0, 0, 0.8, 0.8], "texture": "#4"}
			}
		},
		{
			"from": [8.6, 9.45, 4.75],
			"to": [9.4, 9.55, 5.55],
			"rotation": {"angle": 22.5, "axis": "x", "origin": [1.7, 0, 0]},
			"faces": {
				"north": {"uv": [0, 0, 4.7, 1.3], "texture": "#4"},
				"east": {"uv": [0, 0, 4.7, 1.3], "texture": "#4"},
				"south": {"uv": [0, 0, 4.7, 1.3], "texture": "#4"},
				"west": {"uv": [0, 0, 4.7, 1.3], "texture": "#4"},
				"up": {"uv": [0, 0, 4.7, 4.9], "texture": "#4"},
				"down": {"uv": [0, 0, 0.8, 0.8], "texture": "#4"}
			}
		},
		{
			"from": [8.7, 9.55, 4.85],
			"to": [9.3, 9.65, 5.45],
			"rotation": {"angle": 22.5, "axis": "x", "origin": [1.7, 0, 0]},
			"faces": {
				"north": {"uv": [0, 0, 4.7, 1.3], "texture": "#4"},
				"east": {"uv": [0, 0, 4.7, 1.3], "texture": "#4"},
				"south": {"uv": [0, 0, 4.7, 1.3], "texture": "#4"},
				"west": {"uv": [0, 0, 4.7, 1.3], "texture": "#4"},
				"up": {"uv": [0, 0, 4.7, 4.9], "texture": "#4"},
				"down": {"uv": [0, 0, 0.8, 0.8], "texture": "#4"}
			}
		},
		{
			"from": [8.55, 7.5, 4.8],
			"to": [9.45, 7.9, 6],
			"rotation": {"angle": 22.5, "axis": "x", "origin": [1.7, 0, 0]},
			"faces": {
				"north": {"uv": [0, 0, 0.9, 0.4], "texture": "#3"},
				"east": {"uv": [0, 0, 1.2, 0.4], "texture": "#3"},
				"south": {"uv": [0, 0, 0.9, 0.4], "texture": "#3"},
				"west": {"uv": [0, 0, 1.2, 0.4], "texture": "#3"},
				"up": {"uv": [0, 0, 0.9, 1.2], "texture": "#3"},
				"down": {"uv": [0, 0, 0.9, 1.2], "texture": "#3"}
			}
		},
		{
			"from": [8.5, 4.9, 7.3],
			"to": [9.5, 5.1, 8.2],
			"rotation": {"angle": 0, "axis": "y", "origin": [1.7, 0, 0]},
			"faces": {
				"north": {"uv": [0, 0, 1, 0.2], "texture": "#3"},
				"east": {"uv": [0, 0, 0.9, 0.2], "texture": "#3"},
				"south": {"uv": [0, 0, 1, 0.2], "texture": "#3"},
				"west": {"uv": [0, 0, 0.9, 0.2], "texture": "#3"},
				"up": {"uv": [0, 0, 1, 0.9], "texture": "#3"},
				"down": {"uv": [0, 0, 1, 0.9], "texture": "#3"}
			}
		},
		{
			"from": [8.5, 5.1, 7.3],
			"to": [9.5, 5.5, 7.5],
			"rotation": {"angle": 0, "axis": "y", "origin": [1.7, 0, 0]},
			"faces": {
				"north": {"uv": [0, 0, 1, 0.4], "texture": "#3"},
				"east": {"uv": [0, 0, 0.2, 0.4], "texture": "#3"},
				"south": {"uv": [0, 0, 1, 0.4], "texture": "#3"},
				"west": {"uv": [0, 0, 0.2, 0.4], "texture": "#3"},
				"up": {"uv": [0, 0, 1, 0.2], "texture": "#3"},
				"down": {"uv": [0, 0, 1, 0.2], "texture": "#3"}
			}
		},
		{
			"from": [8.8, 9.65, 4.95],
			"to": [9.2, 9.75, 5.35],
			"rotation": {"angle": 22.5, "axis": "x", "origin": [1.7, 0, 0]},
			"faces": {
				"north": {"uv": [0, 0, 4.7, 1.3], "texture": "#4"},
				"east": {"uv": [0, 0, 4.7, 1.3], "texture": "#4"},
				"south": {"uv": [0, 0, 4.7, 1.3], "texture": "#4"},
				"west": {"uv": [0, 0, 4.7, 1.3], "texture": "#4"},
				"up": {"uv": [0, 0, 4.7, 4.9], "texture": "#4"},
				"down": {"uv": [0, 0, 0.8, 0.8], "texture": "#4"}
			}
		},
		{
			"from": [8.6, 7.95, 6.75],
			"to": [9.4, 8.05, 7.55],
			"rotation": {"angle": 22.5, "axis": "x", "origin": [1.7, 0, 2]},
			"faces": {
				"north": {"uv": [0, 0, 4.7, 1.3], "texture": "#4"},
				"east": {"uv": [0, 0, 4.7, 1.3], "texture": "#4"},
				"south": {"uv": [0, 0, 4.7, 1.3], "texture": "#4"},
				"west": {"uv": [0, 0, 4.7, 1.3], "texture": "#4"},
				"up": {"uv": [0, 0, 4.7, 4.9], "texture": "#4"},
				"down": {"uv": [0, 0, 0.8, 0.8], "texture": "#4"}
			}
		},
		{
			"from": [8.6, 8.05, 6.75],
			"to": [9.4, 9.05, 7.55],
			"rotation": {"angle": 22.5, "axis": "x", "origin": [1.7, 0, 2]},
			"faces": {
				"north": {"uv": [0, 0, 0.8, 1], "texture": "#5"},
				"east": {"uv": [0, 0, 0.8, 1], "texture": "#5"},
				"south": {"uv": [0, 0, 0.8, 1], "texture": "#5"},
				"west": {"uv": [0, 0, 0.8, 1], "texture": "#5"},
				"up": {"uv": [0, 0, 0.8, 1], "texture": "#5"},
				"down": {"uv": [0, 0, 0.8, 1], "texture": "#5"}
			}
		},
		{
			"from": [8.6, 9.05, 6.75],
			"to": [9.4, 9.15, 7.55],
			"rotation": {"angle": 22.5, "axis": "x", "origin": [1.7, 0, 2]},
			"faces": {
				"north": {"uv": [0, 0, 4.7, 1.3], "texture": "#4"},
				"east": {"uv": [0, 0, 4.7, 1.3], "texture": "#4"},
				"south": {"uv": [0, 0, 4.7, 1.3], "texture": "#4"},
				"west": {"uv": [0, 0, 4.7, 1.3], "texture": "#4"},
				"up": {"uv": [0, 0, 4.7, 4.9], "texture": "#4"},
				"down": {"uv": [0, 0, 0.8, 0.8], "texture": "#4"}
			}
		},
		{
			"from": [8.7, 9.15, 6.85],
			"to": [9.3, 9.45, 7.45],
			"rotation": {"angle": 22.5, "axis": "x", "origin": [1.7, 0, 2]},
			"faces": {
				"north": {"uv": [0, 3, 4.7, 7.4], "texture": "#4"},
				"east": {"uv": [0, 3, 4.7, 7.4], "texture": "#4"},
				"south": {"uv": [0, 3, 4.7, 7.4], "texture": "#4"},
				"west": {"uv": [0, 3, 4.7, 7.4], "texture": "#4"},
				"up": {"uv": [0, 0, 4.7, 4.9], "texture": "#4"},
				"down": {"uv": [0, 0, 0.8, 0.8], "texture": "#4"}
			}
		},
		{
			"from": [8.6, 9.45, 6.75],
			"to": [9.4, 9.55, 7.55],
			"rotation": {"angle": 22.5, "axis": "x", "origin": [1.7, 0, 2]},
			"faces": {
				"north": {"uv": [0, 0, 4.7, 1.3], "texture": "#4"},
				"east": {"uv": [0, 0, 4.7, 1.3], "texture": "#4"},
				"south": {"uv": [0, 0, 4.7, 1.3], "texture": "#4"},
				"west": {"uv": [0, 0, 4.7, 1.3], "texture": "#4"},
				"up": {"uv": [0, 0, 4.7, 4.9], "texture": "#4"},
				"down": {"uv": [0, 0, 0.8, 0.8], "texture": "#4"}
			}
		},
		{
			"from": [8.7, 9.55, 6.85],
			"to": [9.3, 9.65, 7.45],
			"rotation": {"angle": 22.5, "axis": "x", "origin": [1.7, 0, 2]},
			"faces": {
				"north": {"uv": [0, 0, 4.7, 1.3], "texture": "#4"},
				"east": {"uv": [0, 0, 4.7, 1.3], "texture": "#4"},
				"south": {"uv": [0, 0, 4.7, 1.3], "texture": "#4"},
				"west": {"uv": [0, 0, 4.7, 1.3], "texture": "#4"},
				"up": {"uv": [0, 0, 4.7, 4.9], "texture": "#4"},
				"down": {"uv": [0, 0, 0.8, 0.8], "texture": "#4"}
			}
		},
		{
			"from": [8.8, 9.65, 6.95],
			"to": [9.2, 9.75, 7.35],
			"rotation": {"angle": 22.5, "axis": "x", "origin": [1.7, 0, 2]},
			"faces": {
				"north": {"uv": [0, 0, 4.7, 1.3], "texture": "#4"},
				"east": {"uv": [0, 0, 4.7, 1.3], "texture": "#4"},
				"south": {"uv": [0, 0, 4.7, 1.3], "texture": "#4"},
				"west": {"uv": [0, 0, 4.7, 1.3], "texture": "#4"},
				"up": {"uv": [0, 0, 4.7, 4.9], "texture": "#4"},
				"down": {"uv": [0, 0, 0.8, 0.8], "texture": "#4"}
			}
		},
		{
			"from": [8.5, 5.1, 9.3],
			"to": [9.5, 5.5, 9.5],
			"rotation": {"angle": 0, "axis": "y", "origin": [1.7, 0, 2]},
			"faces": {
				"north": {"uv": [0, 0, 1, 0.4], "texture": "#3"},
				"east": {"uv": [0, 0, 0.2, 0.4], "texture": "#3"},
				"south": {"uv": [0, 0, 1, 0.4], "texture": "#3"},
				"west": {"uv": [0, 0, 0.2, 0.4], "texture": "#3"},
				"up": {"uv": [0, 0, 1, 0.2], "texture": "#3"},
				"down": {"uv": [0, 0, 1, 0.2], "texture": "#3"}
			}
		},
		{
			"from": [8.5, 4.9, 9.3],
			"to": [9.5, 5.1, 10.2],
			"rotation": {"angle": 0, "axis": "y", "origin": [1.7, 0, 2]},
			"faces": {
				"north": {"uv": [0, 0, 1, 0.2], "texture": "#3"},
				"east": {"uv": [0, 0, 0.9, 0.2], "texture": "#3"},
				"south": {"uv": [0, 0, 1, 0.2], "texture": "#3"},
				"west": {"uv": [0, 0, 0.9, 0.2], "texture": "#3"},
				"up": {"uv": [0, 0, 1, 0.9], "texture": "#3"},
				"down": {"uv": [0, 0, 1, 0.9], "texture": "#3"}
			}
		},
		{
			"from": [8.55, 7.5, 6.8],
			"to": [9.45, 7.9, 8],
			"rotation": {"angle": 22.5, "axis": "x", "origin": [1.7, 0, 2]},
			"faces": {
				"north": {"uv": [0, 0, 0.9, 0.4], "texture": "#3"},
				"east": {"uv": [0, 0, 1.2, 0.4], "texture": "#3"},
				"south": {"uv": [0, 0, 0.9, 0.4], "texture": "#3"},
				"west": {"uv": [0, 0, 1.2, 0.4], "texture": "#3"},
				"up": {"uv": [0, 0, 0.9, 1.2], "texture": "#3"},
				"down": {"uv": [0, 0, 0.9, 1.2], "texture": "#3"}
			}
		},
		{
			"from": [6.8, 3.5, 3.9],
			"to": [7.8, 3.7, 4.9],
			"faces": {
				"north": {"uv": [0, 0, 1, 0.2], "texture": "#3"},
				"east": {"uv": [0, 0, 1, 0.2], "texture": "#3"},
				"south": {"uv": [0, 0, 1, 0.2], "texture": "#3"},
				"west": {"uv": [0, 0, 1, 0.2], "texture": "#3"},
				"up": {"uv": [0, 0, 1, 1], "texture": "#3"},
				"down": {"uv": [0, 0, 1, 1], "texture": "#3"}
			}
		},
		{
			"from": [6.9, 3.7, 4],
			"to": [7.7, 3.8, 4.8],
			"faces": {
				"north": {"uv": [0, 0, 4.7, 1.3], "texture": "#4"},
				"east": {"uv": [0, 0, 4.7, 1.3], "texture": "#4"},
				"south": {"uv": [0, 0, 4.7, 1.3], "texture": "#4"},
				"west": {"uv": [0, 0, 4.7, 1.3], "texture": "#4"},
				"up": {"uv": [0, 0, 4.7, 4.9], "texture": "#4"},
				"down": {"uv": [0, 0, 0.8, 0.8], "texture": "#4"}
			}
		},
		{
			"from": [6.9, 3.8, 4],
			"to": [7.7, 4.8, 4.8],
			"faces": {
				"north": {"uv": [0, 0, 0.8, 1], "texture": "#5"},
				"east": {"uv": [0, 0, 0.8, 1], "texture": "#5"},
				"south": {"uv": [0, 0, 0.8, 1], "texture": "#5"},
				"west": {"uv": [0, 0, 0.8, 1], "texture": "#5"},
				"up": {"uv": [0, 0, 0.8, 1], "texture": "#5"},
				"down": {"uv": [0, 0, 0.8, 1], "texture": "#5"}
			}
		},
		{
			"from": [6.9, 4.8, 4],
			"to": [7.7, 4.9, 4.8],
			"faces": {
				"north": {"uv": [0, 0, 4.7, 1.3], "texture": "#4"},
				"east": {"uv": [0, 0, 4.7, 1.3], "texture": "#4"},
				"south": {"uv": [0, 0, 4.7, 1.3], "texture": "#4"},
				"west": {"uv": [0, 0, 4.7, 1.3], "texture": "#4"},
				"up": {"uv": [0, 0, 4.7, 4.9], "texture": "#4"},
				"down": {"uv": [0, 0, 0.8, 0.8], "texture": "#4"}
			}
		},
		{
			"from": [7, 4.9, 4.1],
			"to": [7.6, 5.2, 4.7],
			"faces": {
				"north": {"uv": [0, 3, 4.7, 7.4], "texture": "#4"},
				"east": {"uv": [0, 3, 4.7, 7.4], "texture": "#4"},
				"south": {"uv": [0, 3, 4.7, 7.4], "texture": "#4"},
				"west": {"uv": [0, 3, 4.7, 7.4], "texture": "#4"},
				"up": {"uv": [0, 0, 4.7, 4.9], "texture": "#4"},
				"down": {"uv": [0, 0, 0.8, 0.8], "texture": "#4"}
			}
		},
		{
			"from": [6.9, 5.2, 4],
			"to": [7.7, 5.3, 4.8],
			"faces": {
				"north": {"uv": [0, 0, 4.7, 1.3], "texture": "#4"},
				"east": {"uv": [0, 0, 4.7, 1.3], "texture": "#4"},
				"south": {"uv": [0, 0, 4.7, 1.3], "texture": "#4"},
				"west": {"uv": [0, 0, 4.7, 1.3], "texture": "#4"},
				"up": {"uv": [0, 0, 4.7, 4.9], "texture": "#4"},
				"down": {"uv": [0, 0, 0.8, 0.8], "texture": "#4"}
			}
		},
		{
			"from": [7, 5.3, 4.1],
			"to": [7.6, 5.4, 4.7],
			"faces": {
				"north": {"uv": [0, 0, 4.7, 1.3], "texture": "#4"},
				"east": {"uv": [0, 0, 4.7, 1.3], "texture": "#4"},
				"south": {"uv": [0, 0, 4.7, 1.3], "texture": "#4"},
				"west": {"uv": [0, 0, 4.7, 1.3], "texture": "#4"},
				"up": {"uv": [0, 0, 4.7, 4.9], "texture": "#4"},
				"down": {"uv": [0, 0, 0.8, 0.8], "texture": "#4"}
			}
		},
		{
			"from": [7.1, 5.4, 4.2],
			"to": [7.5, 5.5, 4.6],
			"faces": {
				"north": {"uv": [0, 0, 4.7, 1.3], "texture": "#4"},
				"east": {"uv": [0, 0, 4.7, 1.3], "texture": "#4"},
				"south": {"uv": [0, 0, 4.7, 1.3], "texture": "#4"},
				"west": {"uv": [0, 0, 4.7, 1.3], "texture": "#4"},
				"up": {"uv": [0, 0, 4.7, 4.9], "texture": "#4"},
				"down": {"uv": [0, 0, 0.8, 0.8], "texture": "#4"}
			}
		},
		{
			"from": [6.5, 4.9, 7.3],
			"to": [7.5, 5.1, 8.2],
			"rotation": {"angle": 0, "axis": "y", "origin": [-0.3, 0, 0]},
			"faces": {
				"north": {"uv": [0, 0, 1, 0.2], "texture": "#3"},
				"east": {"uv": [0, 0, 0.9, 0.2], "texture": "#3"},
				"south": {"uv": [0, 0, 1, 0.2], "texture": "#3"},
				"west": {"uv": [0, 0, 0.9, 0.2], "texture": "#3"},
				"up": {"uv": [0, 0, 1, 0.9], "texture": "#3"},
				"down": {"uv": [0, 0, 1, 0.9], "texture": "#3"}
			}
		},
		{
			"from": [6.55, 7.5, 4.8],
			"to": [7.45, 7.9, 6],
			"rotation": {"angle": 22.5, "axis": "x", "origin": [-0.3, 0, 0]},
			"faces": {
				"north": {"uv": [0, 0, 0.9, 0.4], "texture": "#3"},
				"east": {"uv": [0, 0, 1.2, 0.4], "texture": "#3"},
				"south": {"uv": [0, 0, 0.9, 0.4], "texture": "#3"},
				"west": {"uv": [0, 0, 1.2, 0.4], "texture": "#3"},
				"up": {"uv": [0, 0, 0.9, 1.2], "texture": "#3"},
				"down": {"uv": [0, 0, 0.9, 1.2], "texture": "#3"}
			}
		},
		{
			"from": [6.5, 5.1, 7.3],
			"to": [7.5, 5.5, 7.5],
			"rotation": {"angle": 0, "axis": "y", "origin": [-0.3, 0, 0]},
			"faces": {
				"north": {"uv": [0, 0, 1, 0.4], "texture": "#3"},
				"east": {"uv": [0, 0, 0.2, 0.4], "texture": "#3"},
				"south": {"uv": [0, 0, 1, 0.4], "texture": "#3"},
				"west": {"uv": [0, 0, 0.2, 0.4], "texture": "#3"},
				"up": {"uv": [0, 0, 1, 0.2], "texture": "#3"},
				"down": {"uv": [0, 0, 1, 0.2], "texture": "#3"}
			}
		},
		{
			"from": [6.6, 7.85, 4.75],
			"to": [7.4, 7.95, 5.55],
			"rotation": {"angle": 22.5, "axis": "x", "origin": [-0.3, 0, 0]},
			"faces": {
				"north": {"uv": [0, 0, 4.7, 1.3], "texture": "#4"},
				"east": {"uv": [0, 0, 4.7, 1.3], "texture": "#4"},
				"south": {"uv": [0, 0, 4.7, 1.3], "texture": "#4"},
				"west": {"uv": [0, 0, 4.7, 1.3], "texture": "#4"},
				"up": {"uv": [0, 0, 4.7, 4.9], "texture": "#4"},
				"down": {"uv": [0, 0, 0.8, 0.8], "texture": "#4"}
			}
		},
		{
			"from": [6.6, 7.95, 4.75],
			"to": [7.4, 8.05, 5.55],
			"rotation": {"angle": 22.5, "axis": "x", "origin": [-0.3, 0, 0]},
			"faces": {
				"north": {"uv": [0, 0, 4.7, 1.3], "texture": "#4"},
				"east": {"uv": [0, 0, 4.7, 1.3], "texture": "#4"},
				"south": {"uv": [0, 0, 4.7, 1.3], "texture": "#4"},
				"west": {"uv": [0, 0, 4.7, 1.3], "texture": "#4"},
				"up": {"uv": [0, 0, 4.7, 4.9], "texture": "#4"},
				"down": {"uv": [0, 0, 0.8, 0.8], "texture": "#4"}
			}
		},
		{
			"from": [6.6, 9.05, 4.75],
			"to": [7.4, 9.15, 5.55],
			"rotation": {"angle": 22.5, "axis": "x", "origin": [-0.3, 0, 0]},
			"faces": {
				"north": {"uv": [0, 0, 4.7, 1.3], "texture": "#4"},
				"east": {"uv": [0, 0, 4.7, 1.3], "texture": "#4"},
				"south": {"uv": [0, 0, 4.7, 1.3], "texture": "#4"},
				"west": {"uv": [0, 0, 4.7, 1.3], "texture": "#4"},
				"up": {"uv": [0, 0, 4.7, 4.9], "texture": "#4"},
				"down": {"uv": [0, 0, 0.8, 0.8], "texture": "#4"}
			}
		},
		{
			"from": [6.6, 8.05, 4.75],
			"to": [7.4, 9.05, 5.55],
			"rotation": {"angle": 22.5, "axis": "x", "origin": [-0.3, 0, 0]},
			"faces": {
				"north": {"uv": [0, 0, 0.8, 1], "texture": "#5"},
				"east": {"uv": [0, 0, 0.8, 1], "texture": "#5"},
				"south": {"uv": [0, 0, 0.8, 1], "texture": "#5"},
				"west": {"uv": [0, 0, 0.8, 1], "texture": "#5"},
				"up": {"uv": [0, 0, 0.8, 1], "texture": "#5"},
				"down": {"uv": [0, 0, 0.8, 1], "texture": "#5"}
			}
		},
		{
			"from": [6.7, 9.15, 4.85],
			"to": [7.3, 9.45, 5.45],
			"rotation": {"angle": 22.5, "axis": "x", "origin": [-0.3, 0, 0]},
			"faces": {
				"north": {"uv": [0, 3, 4.7, 7.4], "texture": "#4"},
				"east": {"uv": [0, 3, 4.7, 7.4], "texture": "#4"},
				"south": {"uv": [0, 3, 4.7, 7.4], "texture": "#4"},
				"west": {"uv": [0, 3, 4.7, 7.4], "texture": "#4"},
				"up": {"uv": [0, 0, 4.7, 4.9], "texture": "#4"},
				"down": {"uv": [0, 0, 0.8, 0.8], "texture": "#4"}
			}
		},
		{
			"from": [6.6, 9.45, 4.75],
			"to": [7.4, 9.55, 5.55],
			"rotation": {"angle": 22.5, "axis": "x", "origin": [-0.3, 0, 0]},
			"faces": {
				"north": {"uv": [0, 0, 4.7, 1.3], "texture": "#4"},
				"east": {"uv": [0, 0, 4.7, 1.3], "texture": "#4"},
				"south": {"uv": [0, 0, 4.7, 1.3], "texture": "#4"},
				"west": {"uv": [0, 0, 4.7, 1.3], "texture": "#4"},
				"up": {"uv": [0, 0, 4.7, 4.9], "texture": "#4"},
				"down": {"uv": [0, 0, 0.8, 0.8], "texture": "#4"}
			}
		},
		{
			"from": [6.7, 9.55, 4.85],
			"to": [7.3, 9.65, 5.45],
			"rotation": {"angle": 22.5, "axis": "x", "origin": [-0.3, 0, 0]},
			"faces": {
				"north": {"uv": [0, 0, 4.7, 1.3], "texture": "#4"},
				"east": {"uv": [0, 0, 4.7, 1.3], "texture": "#4"},
				"south": {"uv": [0, 0, 4.7, 1.3], "texture": "#4"},
				"west": {"uv": [0, 0, 4.7, 1.3], "texture": "#4"},
				"up": {"uv": [0, 0, 4.7, 4.9], "texture": "#4"},
				"down": {"uv": [0, 0, 0.8, 0.8], "texture": "#4"}
			}
		},
		{
			"from": [6.8, 9.65, 4.95],
			"to": [7.2, 9.75, 5.35],
			"rotation": {"angle": 22.5, "axis": "x", "origin": [-0.3, 0, 0]},
			"faces": {
				"north": {"uv": [0, 0, 4.7, 1.3], "texture": "#4"},
				"east": {"uv": [0, 0, 4.7, 1.3], "texture": "#4"},
				"south": {"uv": [0, 0, 4.7, 1.3], "texture": "#4"},
				"west": {"uv": [0, 0, 4.7, 1.3], "texture": "#4"},
				"up": {"uv": [0, 0, 4.7, 4.9], "texture": "#4"},
				"down": {"uv": [0, 0, 0.8, 0.8], "texture": "#4"}
			}
		},
		{
			"from": [6.6, 7.85, 6.75],
			"to": [7.4, 7.95, 7.55],
			"rotation": {"angle": 22.5, "axis": "x", "origin": [-0.3, 0, 2]},
			"faces": {
				"north": {"uv": [0, 0, 4.7, 1.3], "texture": "#4"},
				"east": {"uv": [0, 0, 4.7, 1.3], "texture": "#4"},
				"south": {"uv": [0, 0, 4.7, 1.3], "texture": "#4"},
				"west": {"uv": [0, 0, 4.7, 1.3], "texture": "#4"},
				"up": {"uv": [0, 0, 4.7, 4.9], "texture": "#4"},
				"down": {"uv": [0, 0, 0.8, 0.8], "texture": "#4"}
			}
		},
		{
			"from": [6.6, 7.95, 6.75],
			"to": [7.4, 8.05, 7.55],
			"rotation": {"angle": 22.5, "axis": "x", "origin": [-0.3, 0, 2]},
			"faces": {
				"north": {"uv": [0, 0, 4.7, 1.3], "texture": "#4"},
				"east": {"uv": [0, 0, 4.7, 1.3], "texture": "#4"},
				"south": {"uv": [0, 0, 4.7, 1.3], "texture": "#4"},
				"west": {"uv": [0, 0, 4.7, 1.3], "texture": "#4"},
				"up": {"uv": [0, 0, 4.7, 4.9], "texture": "#4"},
				"down": {"uv": [0, 0, 0.8, 0.8], "texture": "#4"}
			}
		},
		{
			"from": [6.6, 8.05, 6.75],
			"to": [7.4, 9.05, 7.55],
			"rotation": {"angle": 22.5, "axis": "x", "origin": [-0.3, 0, 2]},
			"faces": {
				"north": {"uv": [0, 0, 0.8, 1], "texture": "#5"},
				"east": {"uv": [0, 0, 0.8, 1], "texture": "#5"},
				"south": {"uv": [0, 0, 0.8, 1], "texture": "#5"},
				"west": {"uv": [0, 0, 0.8, 1], "texture": "#5"},
				"up": {"uv": [0, 0, 0.8, 1], "texture": "#5"},
				"down": {"uv": [0, 0, 0.8, 1], "texture": "#5"}
			}
		},
		{
			"from": [6.6, 9.05, 6.75],
			"to": [7.4, 9.15, 7.55],
			"rotation": {"angle": 22.5, "axis": "x", "origin": [-0.3, 0, 2]},
			"faces": {
				"north": {"uv": [0, 0, 4.7, 1.3], "texture": "#4"},
				"east": {"uv": [0, 0, 4.7, 1.3], "texture": "#4"},
				"south": {"uv": [0, 0, 4.7, 1.3], "texture": "#4"},
				"west": {"uv": [0, 0, 4.7, 1.3], "texture": "#4"},
				"up": {"uv": [0, 0, 4.7, 4.9], "texture": "#4"},
				"down": {"uv": [0, 0, 0.8, 0.8], "texture": "#4"}
			}
		},
		{
			"from": [6.7, 9.15, 6.85],
			"to": [7.3, 9.45, 7.45],
			"rotation": {"angle": 22.5, "axis": "x", "origin": [-0.3, 0, 2]},
			"faces": {
				"north": {"uv": [0, 3, 4.7, 7.4], "texture": "#4"},
				"east": {"uv": [0, 3, 4.7, 7.4], "texture": "#4"},
				"south": {"uv": [0, 3, 4.7, 7.4], "texture": "#4"},
				"west": {"uv": [0, 3, 4.7, 7.4], "texture": "#4"},
				"up": {"uv": [0, 0, 4.7, 4.9], "texture": "#4"},
				"down": {"uv": [0, 0, 0.8, 0.8], "texture": "#4"}
			}
		},
		{
			"from": [6.6, 9.45, 6.75],
			"to": [7.4, 9.55, 7.55],
			"rotation": {"angle": 22.5, "axis": "x", "origin": [-0.3, 0, 2]},
			"faces": {
				"north": {"uv": [0, 0, 4.7, 1.3], "texture": "#4"},
				"east": {"uv": [0, 0, 4.7, 1.3], "texture": "#4"},
				"south": {"uv": [0, 0, 4.7, 1.3], "texture": "#4"},
				"west": {"uv": [0, 0, 4.7, 1.3], "texture": "#4"},
				"up": {"uv": [0, 0, 4.7, 4.9], "texture": "#4"},
				"down": {"uv": [0, 0, 0.8, 0.8], "texture": "#4"}
			}
		},
		{
			"from": [6.7, 9.55, 6.85],
			"to": [7.3, 9.65, 7.45],
			"rotation": {"angle": 22.5, "axis": "x", "origin": [-0.3, 0, 2]},
			"faces": {
				"north": {"uv": [0, 0, 4.7, 1.3], "texture": "#4"},
				"east": {"uv": [0, 0, 4.7, 1.3], "texture": "#4"},
				"south": {"uv": [0, 0, 4.7, 1.3], "texture": "#4"},
				"west": {"uv": [0, 0, 4.7, 1.3], "texture": "#4"},
				"up": {"uv": [0, 0, 4.7, 4.9], "texture": "#4"},
				"down": {"uv": [0, 0, 0.8, 0.8], "texture": "#4"}
			}
		},
		{
			"from": [6.8, 9.65, 6.95],
			"to": [7.2, 9.75, 7.35],
			"rotation": {"angle": 22.5, "axis": "x", "origin": [-0.3, 0, 2]},
			"faces": {
				"north": {"uv": [0, 0, 4.7, 1.3], "texture": "#4"},
				"east": {"uv": [0, 0, 4.7, 1.3], "texture": "#4"},
				"south": {"uv": [0, 0, 4.7, 1.3], "texture": "#4"},
				"west": {"uv": [0, 0, 4.7, 1.3], "texture": "#4"},
				"up": {"uv": [0, 0, 4.7, 4.9], "texture": "#4"},
				"down": {"uv": [0, 0, 0.8, 0.8], "texture": "#4"}
			}
		},
		{
			"from": [6.5, 5.1, 9.3],
			"to": [7.5, 5.5, 9.5],
			"rotation": {"angle": 0, "axis": "y", "origin": [-0.3, 0, 2]},
			"faces": {
				"north": {"uv": [0, 0, 1, 0.4], "texture": "#3"},
				"east": {"uv": [0, 0, 0.2, 0.4], "texture": "#3"},
				"south": {"uv": [0, 0, 1, 0.4], "texture": "#3"},
				"west": {"uv": [0, 0, 0.2, 0.4], "texture": "#3"},
				"up": {"uv": [0, 0, 1, 0.2], "texture": "#3"},
				"down": {"uv": [0, 0, 1, 0.2], "texture": "#3"}
			}
		},
		{
			"from": [6.5, 4.9, 9.3],
			"to": [7.5, 5.1, 10.2],
			"rotation": {"angle": 0, "axis": "y", "origin": [-0.3, 0, 2]},
			"faces": {
				"north": {"uv": [0, 0, 1, 0.2], "texture": "#3"},
				"east": {"uv": [0, 0, 0.9, 0.2], "texture": "#3"},
				"south": {"uv": [0, 0, 1, 0.2], "texture": "#3"},
				"west": {"uv": [0, 0, 0.9, 0.2], "texture": "#3"},
				"up": {"uv": [0, 0, 1, 0.9], "texture": "#3"},
				"down": {"uv": [0, 0, 1, 0.9], "texture": "#3"}
			}
		},
		{
			"from": [6.55, 7.5, 6.8],
			"to": [7.45, 7.9, 8],
			"rotation": {"angle": 22.5, "axis": "x", "origin": [-0.3, 0, 2]},
			"faces": {
				"north": {"uv": [0, 0, 0.9, 0.4], "texture": "#3"},
				"east": {"uv": [0, 0, 1.2, 0.4], "texture": "#3"},
				"south": {"uv": [0, 0, 0.9, 0.4], "texture": "#3"},
				"west": {"uv": [0, 0, 1.2, 0.4], "texture": "#3"},
				"up": {"uv": [0, 0, 0.9, 1.2], "texture": "#3"},
				"down": {"uv": [0, 0, 0.9, 1.2], "texture": "#3"}
			}
		},
		{
			"from": [7.8, 0.6, -8.7],
			"to": [8.2, 0.8, -8.5],
			"faces": {
				"north": {"uv": [5, 9, 10.2, 11.4], "rotation": 270, "texture": "#1"},
				"east": {"uv": [0, 0, 0.2, 0.2], "rotation": 90, "texture": "#1"},
				"south": {"uv": [0, 0, 0.2, 0.4], "rotation": 90, "texture": "#1"},
				"west": {"uv": [0, 0, 0.2, 0.2], "rotation": 90, "texture": "#1"},
				"up": {"uv": [1, 1, 6.2, 4.4], "rotation": 90, "texture": "#1"},
				"down": {"uv": [0, 0, 0.2, 0.4], "rotation": 90, "texture": "#1"}
			}
		},
		{
			"from": [7.8, 3.2, -8.7],
			"to": [8.2, 3.4, -8.5],
			"faces": {
				"north": {"uv": [5, 9, 10.2, 11.4], "rotation": 270, "texture": "#1"},
				"east": {"uv": [0, 0, 0.2, 0.2], "rotation": 90, "texture": "#1"},
				"south": {"uv": [0, 0, 0.2, 0.4], "rotation": 90, "texture": "#1"},
				"west": {"uv": [0, 0, 0.2, 0.2], "rotation": 90, "texture": "#1"},
				"up": {"uv": [1, 1, 6.2, 4.4], "rotation": 90, "texture": "#1"},
				"down": {"uv": [0, 0, 0.2, 0.4], "rotation": 90, "texture": "#1"}
			}
		},
		{
			"from": [7.7, 2.8, -8.7],
			"to": [7.8, 3.4, -8.5],
			"faces": {
				"north": {"uv": [1, 2, 9.6, 4.8], "rotation": 270, "texture": "#1"},
				"east": {"uv": [2, 2, 11.6, 5.2], "rotation": 90, "texture": "#1"},
				"south": {"uv": [0, 0, 0.6, 0.1], "rotation": 90, "texture": "#1"},
				"west": {"uv": [3, 2, 5.6, 4.2], "rotation": 90, "texture": "#1"},
				"up": {"uv": [2, 2, 4.2, 4.1], "rotation": 90, "texture": "#1"},
				"down": {"uv": [0, 0, 0.2, 0.1], "rotation": 90, "texture": "#1"}
			}
		},
		{
			"from": [7.7, 2.8, -8.4],
			"to": [7.8, 2.9, -8.3],
			"faces": {
				"north": {"uv": [2, 2, 4.1, 3.8], "rotation": 270, "texture": "#1"},
				"east": {"uv": [2, 2, 4.1, 4.1], "rotation": 90, "texture": "#1"},
				"south": {"uv": [0, 0, 0.1, 0.1], "rotation": 90, "texture": "#1"},
				"west": {"uv": [3, 2, 5.1, 4.1], "rotation": 90, "texture": "#1"},
				"up": {"uv": [2, 2, 4.1, 4.1], "rotation": 90, "texture": "#1"},
				"down": {"uv": [0, 0, 0.1, 0.1], "rotation": 90, "texture": "#1"}
			}
		},
		{
			"from": [7.7, 2.8, -8.2],
			"to": [7.8, 2.9, -8.1],
			"faces": {
				"north": {"uv": [2, 2, 4.1, 3.8], "rotation": 270, "texture": "#1"},
				"east": {"uv": [2, 2, 4.1, 4.1], "rotation": 90, "texture": "#1"},
				"south": {"uv": [0, 0, 0.1, 0.1], "rotation": 90, "texture": "#1"},
				"west": {"uv": [3, 2, 5.1, 4.1], "rotation": 90, "texture": "#1"},
				"up": {"uv": [2, 2, 4.1, 4.1], "rotation": 90, "texture": "#1"},
				"down": {"uv": [0, 0, 0.1, 0.1], "rotation": 90, "texture": "#1"}
			}
		},
		{
			"from": [7.7, 2.8, -8],
			"to": [7.8, 2.9, -7.9],
			"faces": {
				"north": {"uv": [2, 2, 4.1, 3.8], "rotation": 270, "texture": "#1"},
				"east": {"uv": [2, 2, 4.1, 4.1], "rotation": 90, "texture": "#1"},
				"south": {"uv": [0, 0, 0.1, 0.1], "rotation": 90, "texture": "#1"},
				"west": {"uv": [3, 2, 5.1, 4.1], "rotation": 90, "texture": "#1"},
				"up": {"uv": [2, 2, 4.1, 4.1], "rotation": 90, "texture": "#1"},
				"down": {"uv": [0, 0, 0.1, 0.1], "rotation": 90, "texture": "#1"}
			}
		},
		{
			"from": [7.7, 2.8, -7.8],
			"to": [7.8, 2.9, -7.7],
			"faces": {
				"north": {"uv": [2, 2, 4.1, 3.8], "rotation": 270, "texture": "#1"},
				"east": {"uv": [2, 2, 4.1, 4.1], "rotation": 90, "texture": "#1"},
				"south": {"uv": [0, 0, 0.1, 0.1], "rotation": 90, "texture": "#1"},
				"west": {"uv": [3, 2, 5.1, 4.1], "rotation": 90, "texture": "#1"},
				"up": {"uv": [2, 2, 4.1, 4.1], "rotation": 90, "texture": "#1"},
				"down": {"uv": [0, 0, 0.1, 0.1], "rotation": 90, "texture": "#1"}
			}
		},
		{
			"from": [7.7, 2.8, -7.6],
			"to": [7.8, 2.9, -7.5],
			"faces": {
				"north": {"uv": [2, 2, 4.1, 3.8], "rotation": 270, "texture": "#1"},
				"east": {"uv": [2, 2, 4.1, 4.1], "rotation": 90, "texture": "#1"},
				"south": {"uv": [0, 0, 0.1, 0.1], "rotation": 90, "texture": "#1"},
				"west": {"uv": [3, 2, 5.1, 4.1], "rotation": 90, "texture": "#1"},
				"up": {"uv": [2, 2, 4.1, 4.1], "rotation": 90, "texture": "#1"},
				"down": {"uv": [0, 0, 0.1, 0.1], "rotation": 90, "texture": "#1"}
			}
		},
		{
			"from": [7.7, 2.8, -7.4],
			"to": [7.8, 2.9, -7.3],
			"faces": {
				"north": {"uv": [2, 2, 4.1, 3.8], "rotation": 270, "texture": "#1"},
				"east": {"uv": [2, 2, 4.1, 4.1], "rotation": 90, "texture": "#1"},
				"south": {"uv": [0, 0, 0.1, 0.1], "rotation": 90, "texture": "#1"},
				"west": {"uv": [3, 2, 5.1, 4.1], "rotation": 90, "texture": "#1"},
				"up": {"uv": [2, 2, 4.1, 4.1], "rotation": 90, "texture": "#1"},
				"down": {"uv": [0, 0, 0.1, 0.1], "rotation": 90, "texture": "#1"}
			}
		},
		{
			"from": [7.7, 2.8, -7.2],
			"to": [7.8, 2.9, -7.1],
			"faces": {
				"north": {"uv": [2, 2, 4.1, 3.8], "rotation": 270, "texture": "#1"},
				"east": {"uv": [2, 2, 4.1, 4.1], "rotation": 90, "texture": "#1"},
				"south": {"uv": [0, 0, 0.1, 0.1], "rotation": 90, "texture": "#1"},
				"west": {"uv": [3, 2, 5.1, 4.1], "rotation": 90, "texture": "#1"},
				"up": {"uv": [2, 2, 4.1, 4.1], "rotation": 90, "texture": "#1"},
				"down": {"uv": [0, 0, 0.1, 0.1], "rotation": 90, "texture": "#1"}
			}
		},
		{
			"from": [7.7, 2.8, -7],
			"to": [7.8, 2.9, -6.9],
			"faces": {
				"north": {"uv": [2, 2, 4.1, 3.8], "rotation": 270, "texture": "#1"},
				"east": {"uv": [2, 2, 4.1, 4.1], "rotation": 90, "texture": "#1"},
				"south": {"uv": [0, 0, 0.1, 0.1], "rotation": 90, "texture": "#1"},
				"west": {"uv": [3, 2, 5.1, 4.1], "rotation": 90, "texture": "#1"},
				"up": {"uv": [2, 2, 4.1, 4.1], "rotation": 90, "texture": "#1"},
				"down": {"uv": [0, 0, 0.1, 0.1], "rotation": 90, "texture": "#1"}
			}
		},
		{
			"from": [7.7, 2.8, -6.8],
			"to": [7.8, 2.9, -6.7],
			"faces": {
				"north": {"uv": [2, 2, 4.1, 3.8], "rotation": 270, "texture": "#1"},
				"east": {"uv": [2, 2, 4.1, 4.1], "rotation": 90, "texture": "#1"},
				"south": {"uv": [0, 0, 0.1, 0.1], "rotation": 90, "texture": "#1"},
				"west": {"uv": [3, 2, 5.1, 4.1], "rotation": 90, "texture": "#1"},
				"up": {"uv": [2, 2, 4.1, 4.1], "rotation": 90, "texture": "#1"},
				"down": {"uv": [0, 0, 0.1, 0.1], "rotation": 90, "texture": "#1"}
			}
		},
		{
			"from": [7.7, 2.8, -6.6],
			"to": [7.8, 2.9, -6.5],
			"faces": {
				"north": {"uv": [2, 2, 4.1, 3.8], "rotation": 270, "texture": "#1"},
				"east": {"uv": [2, 2, 4.1, 4.1], "rotation": 90, "texture": "#1"},
				"south": {"uv": [0, 0, 0.1, 0.1], "rotation": 90, "texture": "#1"},
				"west": {"uv": [3, 2, 5.1, 4.1], "rotation": 90, "texture": "#1"},
				"up": {"uv": [2, 2, 4.1, 4.1], "rotation": 90, "texture": "#1"},
				"down": {"uv": [0, 0, 0.1, 0.1], "rotation": 90, "texture": "#1"}
			}
		},
		{
			"from": [7.7, 2.8, -6.4],
			"to": [7.8, 2.9, -6.3],
			"faces": {
				"north": {"uv": [2, 2, 4.1, 3.8], "rotation": 270, "texture": "#1"},
				"east": {"uv": [2, 2, 4.1, 4.1], "rotation": 90, "texture": "#1"},
				"south": {"uv": [0, 0, 0.1, 0.1], "rotation": 90, "texture": "#1"},
				"west": {"uv": [3, 2, 5.1, 4.1], "rotation": 90, "texture": "#1"},
				"up": {"uv": [2, 2, 4.1, 4.1], "rotation": 90, "texture": "#1"},
				"down": {"uv": [0, 0, 0.1, 0.1], "rotation": 90, "texture": "#1"}
			}
		},
		{
			"from": [7.7, 2.8, -6.2],
			"to": [7.8, 2.9, -6.1],
			"faces": {
				"north": {"uv": [2, 2, 4.1, 3.8], "rotation": 270, "texture": "#1"},
				"east": {"uv": [2, 2, 4.1, 4.1], "rotation": 90, "texture": "#1"},
				"south": {"uv": [0, 0, 0.1, 0.1], "rotation": 90, "texture": "#1"},
				"west": {"uv": [3, 2, 5.1, 4.1], "rotation": 90, "texture": "#1"},
				"up": {"uv": [2, 2, 4.1, 4.1], "rotation": 90, "texture": "#1"},
				"down": {"uv": [0, 0, 0.1, 0.1], "rotation": 90, "texture": "#1"}
			}
		},
		{
			"from": [7.7, 2.8, -6],
			"to": [7.8, 2.9, -5.9],
			"faces": {
				"north": {"uv": [2, 2, 4.1, 3.8], "rotation": 270, "texture": "#1"},
				"east": {"uv": [2, 2, 4.1, 4.1], "rotation": 90, "texture": "#1"},
				"south": {"uv": [0, 0, 0.1, 0.1], "rotation": 90, "texture": "#1"},
				"west": {"uv": [3, 2, 5.1, 4.1], "rotation": 90, "texture": "#1"},
				"up": {"uv": [2, 2, 4.1, 4.1], "rotation": 90, "texture": "#1"},
				"down": {"uv": [0, 0, 0.1, 0.1], "rotation": 90, "texture": "#1"}
			}
		},
		{
			"from": [7.7, 2.8, -5.8],
			"to": [7.8, 2.9, -5.7],
			"faces": {
				"north": {"uv": [2, 2, 4.1, 3.8], "rotation": 270, "texture": "#1"},
				"east": {"uv": [2, 2, 4.1, 4.1], "rotation": 90, "texture": "#1"},
				"south": {"uv": [0, 0, 0.1, 0.1], "rotation": 90, "texture": "#1"},
				"west": {"uv": [3, 2, 5.1, 4.1], "rotation": 90, "texture": "#1"},
				"up": {"uv": [2, 2, 4.1, 4.1], "rotation": 90, "texture": "#1"},
				"down": {"uv": [0, 0, 0.1, 0.1], "rotation": 90, "texture": "#1"}
			}
		},
		{
			"from": [7.7, 0.6, -8.7],
			"to": [7.8, 1.2, -8.5],
			"faces": {
				"north": {"uv": [1, 2, 9.6, 4.8], "rotation": 270, "texture": "#1"},
				"east": {"uv": [2, 2, 11.6, 5.2], "rotation": 90, "texture": "#1"},
				"south": {"uv": [0, 0, 0.6, 0.1], "rotation": 90, "texture": "#1"},
				"west": {"uv": [3, 2, 5.6, 4.2], "rotation": 90, "texture": "#1"},
				"up": {"uv": [2, 2, 4.2, 4.1], "rotation": 90, "texture": "#1"},
				"down": {"uv": [0, 0, 0.2, 0.1], "rotation": 90, "texture": "#1"}
			}
		},
		{
			"from": [7.7, 1.1, -8.4],
			"to": [7.8, 1.2, -8.3],
			"faces": {
				"north": {"uv": [2, 2, 4.1, 3.8], "rotation": 270, "texture": "#1"},
				"east": {"uv": [2, 2, 4.1, 4.1], "rotation": 90, "texture": "#1"},
				"south": {"uv": [0, 0, 0.1, 0.1], "rotation": 90, "texture": "#1"},
				"west": {"uv": [3, 2, 5.1, 4.1], "rotation": 90, "texture": "#1"},
				"up": {"uv": [2, 2, 4.1, 4.1], "rotation": 90, "texture": "#1"},
				"down": {"uv": [0, 0, 0.1, 0.1], "rotation": 90, "texture": "#1"}
			}
		},
		{
			"from": [7.7, 1.1, -8.2],
			"to": [7.8, 1.2, -8.1],
			"faces": {
				"north": {"uv": [2, 2, 4.1, 3.8], "rotation": 270, "texture": "#1"},
				"east": {"uv": [2, 2, 4.1, 4.1], "rotation": 90, "texture": "#1"},
				"south": {"uv": [0, 0, 0.1, 0.1], "rotation": 90, "texture": "#1"},
				"west": {"uv": [3, 2, 5.1, 4.1], "rotation": 90, "texture": "#1"},
				"up": {"uv": [2, 2, 4.1, 4.1], "rotation": 90, "texture": "#1"},
				"down": {"uv": [0, 0, 0.1, 0.1], "rotation": 90, "texture": "#1"}
			}
		},
		{
			"from": [7.7, 1.1, -8],
			"to": [7.8, 1.2, -7.9],
			"faces": {
				"north": {"uv": [2, 2, 4.1, 3.8], "rotation": 270, "texture": "#1"},
				"east": {"uv": [2, 2, 4.1, 4.1], "rotation": 90, "texture": "#1"},
				"south": {"uv": [0, 0, 0.1, 0.1], "rotation": 90, "texture": "#1"},
				"west": {"uv": [3, 2, 5.1, 4.1], "rotation": 90, "texture": "#1"},
				"up": {"uv": [2, 2, 4.1, 4.1], "rotation": 90, "texture": "#1"},
				"down": {"uv": [0, 0, 0.1, 0.1], "rotation": 90, "texture": "#1"}
			}
		},
		{
			"from": [7.7, 1.1, -7.8],
			"to": [7.8, 1.2, -7.7],
			"faces": {
				"north": {"uv": [2, 2, 4.1, 3.8], "rotation": 270, "texture": "#1"},
				"east": {"uv": [2, 2, 4.1, 4.1], "rotation": 90, "texture": "#1"},
				"south": {"uv": [0, 0, 0.1, 0.1], "rotation": 90, "texture": "#1"},
				"west": {"uv": [3, 2, 5.1, 4.1], "rotation": 90, "texture": "#1"},
				"up": {"uv": [2, 2, 4.1, 4.1], "rotation": 90, "texture": "#1"},
				"down": {"uv": [0, 0, 0.1, 0.1], "rotation": 90, "texture": "#1"}
			}
		},
		{
			"from": [7.7, 1.1, -7.6],
			"to": [7.8, 1.2, -7.5],
			"faces": {
				"north": {"uv": [2, 2, 4.1, 3.8], "rotation": 270, "texture": "#1"},
				"east": {"uv": [2, 2, 4.1, 4.1], "rotation": 90, "texture": "#1"},
				"south": {"uv": [0, 0, 0.1, 0.1], "rotation": 90, "texture": "#1"},
				"west": {"uv": [3, 2, 5.1, 4.1], "rotation": 90, "texture": "#1"},
				"up": {"uv": [2, 2, 4.1, 4.1], "rotation": 90, "texture": "#1"},
				"down": {"uv": [0, 0, 0.1, 0.1], "rotation": 90, "texture": "#1"}
			}
		},
		{
			"from": [7.7, 1.1, -7.4],
			"to": [7.8, 1.2, -7.3],
			"faces": {
				"north": {"uv": [2, 2, 4.1, 3.8], "rotation": 270, "texture": "#1"},
				"east": {"uv": [2, 2, 4.1, 4.1], "rotation": 90, "texture": "#1"},
				"south": {"uv": [0, 0, 0.1, 0.1], "rotation": 90, "texture": "#1"},
				"west": {"uv": [3, 2, 5.1, 4.1], "rotation": 90, "texture": "#1"},
				"up": {"uv": [2, 2, 4.1, 4.1], "rotation": 90, "texture": "#1"},
				"down": {"uv": [0, 0, 0.1, 0.1], "rotation": 90, "texture": "#1"}
			}
		},
		{
			"from": [7.7, 1.1, -7.2],
			"to": [7.8, 1.2, -7.1],
			"faces": {
				"north": {"uv": [2, 2, 4.1, 3.8], "rotation": 270, "texture": "#1"},
				"east": {"uv": [2, 2, 4.1, 4.1], "rotation": 90, "texture": "#1"},
				"south": {"uv": [0, 0, 0.1, 0.1], "rotation": 90, "texture": "#1"},
				"west": {"uv": [3, 2, 5.1, 4.1], "rotation": 90, "texture": "#1"},
				"up": {"uv": [2, 2, 4.1, 4.1], "rotation": 90, "texture": "#1"},
				"down": {"uv": [0, 0, 0.1, 0.1], "rotation": 90, "texture": "#1"}
			}
		},
		{
			"from": [7.7, 1.1, -7],
			"to": [7.8, 1.2, -6.9],
			"faces": {
				"north": {"uv": [2, 2, 4.1, 3.8], "rotation": 270, "texture": "#1"},
				"east": {"uv": [2, 2, 4.1, 4.1], "rotation": 90, "texture": "#1"},
				"south": {"uv": [0, 0, 0.1, 0.1], "rotation": 90, "texture": "#1"},
				"west": {"uv": [3, 2, 5.1, 4.1], "rotation": 90, "texture": "#1"},
				"up": {"uv": [2, 2, 4.1, 4.1], "rotation": 90, "texture": "#1"},
				"down": {"uv": [0, 0, 0.1, 0.1], "rotation": 90, "texture": "#1"}
			}
		},
		{
			"from": [7.7, 1.1, -6.8],
			"to": [7.8, 1.2, -6.7],
			"faces": {
				"north": {"uv": [2, 2, 4.1, 3.8], "rotation": 270, "texture": "#1"},
				"east": {"uv": [2, 2, 4.1, 4.1], "rotation": 90, "texture": "#1"},
				"south": {"uv": [0, 0, 0.1, 0.1], "rotation": 90, "texture": "#1"},
				"west": {"uv": [3, 2, 5.1, 4.1], "rotation": 90, "texture": "#1"},
				"up": {"uv": [2, 2, 4.1, 4.1], "rotation": 90, "texture": "#1"},
				"down": {"uv": [0, 0, 0.1, 0.1], "rotation": 90, "texture": "#1"}
			}
		},
		{
			"from": [7.7, 1.1, -6.6],
			"to": [7.8, 1.2, -6.5],
			"faces": {
				"north": {"uv": [2, 2, 4.1, 3.8], "rotation": 270, "texture": "#1"},
				"east": {"uv": [2, 2, 4.1, 4.1], "rotation": 90, "texture": "#1"},
				"south": {"uv": [0, 0, 0.1, 0.1], "rotation": 90, "texture": "#1"},
				"west": {"uv": [3, 2, 5.1, 4.1], "rotation": 90, "texture": "#1"},
				"up": {"uv": [2, 2, 4.1, 4.1], "rotation": 90, "texture": "#1"},
				"down": {"uv": [0, 0, 0.1, 0.1], "rotation": 90, "texture": "#1"}
			}
		},
		{
			"from": [7.7, 1.1, -6.4],
			"to": [7.8, 1.2, -6.3],
			"faces": {
				"north": {"uv": [2, 2, 4.1, 3.8], "rotation": 270, "texture": "#1"},
				"east": {"uv": [2, 2, 4.1, 4.1], "rotation": 90, "texture": "#1"},
				"south": {"uv": [0, 0, 0.1, 0.1], "rotation": 90, "texture": "#1"},
				"west": {"uv": [3, 2, 5.1, 4.1], "rotation": 90, "texture": "#1"},
				"up": {"uv": [2, 2, 4.1, 4.1], "rotation": 90, "texture": "#1"},
				"down": {"uv": [0, 0, 0.1, 0.1], "rotation": 90, "texture": "#1"}
			}
		},
		{
			"from": [7.7, 1.1, -6.2],
			"to": [7.8, 1.2, -6.1],
			"faces": {
				"north": {"uv": [2, 2, 4.1, 3.8], "rotation": 270, "texture": "#1"},
				"east": {"uv": [2, 2, 4.1, 4.1], "rotation": 90, "texture": "#1"},
				"south": {"uv": [0, 0, 0.1, 0.1], "rotation": 90, "texture": "#1"},
				"west": {"uv": [3, 2, 5.1, 4.1], "rotation": 90, "texture": "#1"},
				"up": {"uv": [2, 2, 4.1, 4.1], "rotation": 90, "texture": "#1"},
				"down": {"uv": [0, 0, 0.1, 0.1], "rotation": 90, "texture": "#1"}
			}
		},
		{
			"from": [7.7, 1.1, -6],
			"to": [7.8, 1.2, -5.9],
			"faces": {
				"north": {"uv": [2, 2, 4.1, 3.8], "rotation": 270, "texture": "#1"},
				"east": {"uv": [2, 2, 4.1, 4.1], "rotation": 90, "texture": "#1"},
				"south": {"uv": [0, 0, 0.1, 0.1], "rotation": 90, "texture": "#1"},
				"west": {"uv": [3, 2, 5.1, 4.1], "rotation": 90, "texture": "#1"},
				"up": {"uv": [2, 2, 4.1, 4.1], "rotation": 90, "texture": "#1"},
				"down": {"uv": [0, 0, 0.1, 0.1], "rotation": 90, "texture": "#1"}
			}
		},
		{
			"from": [7.7, 1.1, -5.8],
			"to": [7.8, 1.2, -5.7],
			"faces": {
				"north": {"uv": [2, 2, 4.1, 3.8], "rotation": 270, "texture": "#1"},
				"east": {"uv": [2, 2, 4.1, 4.1], "rotation": 90, "texture": "#1"},
				"south": {"uv": [0, 0, 0.1, 0.1], "rotation": 90, "texture": "#1"},
				"west": {"uv": [3, 2, 5.1, 4.1], "rotation": 90, "texture": "#1"},
				"up": {"uv": [2, 2, 4.1, 4.1], "rotation": 90, "texture": "#1"},
				"down": {"uv": [0, 0, 0.1, 0.1], "rotation": 90, "texture": "#1"}
			}
		},
		{
			"from": [8.2, 2.8, -5.8],
			"to": [8.3, 2.9, -5.7],
			"faces": {
				"north": {"uv": [2, 2, 4.1, 3.8], "rotation": 270, "texture": "#1"},
				"east": {"uv": [2, 2, 4.1, 4.1], "rotation": 90, "texture": "#1"},
				"south": {"uv": [0, 0, 0.1, 0.1], "rotation": 90, "texture": "#1"},
				"west": {"uv": [3, 2, 5.1, 4.1], "rotation": 90, "texture": "#1"},
				"up": {"uv": [2, 2, 4.1, 4.1], "rotation": 90, "texture": "#1"},
				"down": {"uv": [0, 0, 0.1, 0.1], "rotation": 90, "texture": "#1"}
			}
		},
		{
			"from": [8.2, 2.8, -6],
			"to": [8.3, 2.9, -5.9],
			"faces": {
				"north": {"uv": [2, 2, 4.1, 3.8], "rotation": 270, "texture": "#1"},
				"east": {"uv": [2, 2, 4.1, 4.1], "rotation": 90, "texture": "#1"},
				"south": {"uv": [0, 0, 0.1, 0.1], "rotation": 90, "texture": "#1"},
				"west": {"uv": [3, 2, 5.1, 4.1], "rotation": 90, "texture": "#1"},
				"up": {"uv": [2, 2, 4.1, 4.1], "rotation": 90, "texture": "#1"},
				"down": {"uv": [0, 0, 0.1, 0.1], "rotation": 90, "texture": "#1"}
			}
		},
		{
			"from": [8.2, 2.8, -6.2],
			"to": [8.3, 2.9, -6.1],
			"faces": {
				"north": {"uv": [2, 2, 4.1, 3.8], "rotation": 270, "texture": "#1"},
				"east": {"uv": [2, 2, 4.1, 4.1], "rotation": 90, "texture": "#1"},
				"south": {"uv": [0, 0, 0.1, 0.1], "rotation": 90, "texture": "#1"},
				"west": {"uv": [3, 2, 5.1, 4.1], "rotation": 90, "texture": "#1"},
				"up": {"uv": [2, 2, 4.1, 4.1], "rotation": 90, "texture": "#1"},
				"down": {"uv": [0, 0, 0.1, 0.1], "rotation": 90, "texture": "#1"}
			}
		},
		{
			"from": [8.2, 2.8, -6.4],
			"to": [8.3, 2.9, -6.3],
			"faces": {
				"north": {"uv": [2, 2, 4.1, 3.8], "rotation": 270, "texture": "#1"},
				"east": {"uv": [2, 2, 4.1, 4.1], "rotation": 90, "texture": "#1"},
				"south": {"uv": [0, 0, 0.1, 0.1], "rotation": 90, "texture": "#1"},
				"west": {"uv": [3, 2, 5.1, 4.1], "rotation": 90, "texture": "#1"},
				"up": {"uv": [2, 2, 4.1, 4.1], "rotation": 90, "texture": "#1"},
				"down": {"uv": [0, 0, 0.1, 0.1], "rotation": 90, "texture": "#1"}
			}
		},
		{
			"from": [8.2, 2.8, -6.6],
			"to": [8.3, 2.9, -6.5],
			"faces": {
				"north": {"uv": [2, 2, 4.1, 3.8], "rotation": 270, "texture": "#1"},
				"east": {"uv": [2, 2, 4.1, 4.1], "rotation": 90, "texture": "#1"},
				"south": {"uv": [0, 0, 0.1, 0.1], "rotation": 90, "texture": "#1"},
				"west": {"uv": [3, 2, 5.1, 4.1], "rotation": 90, "texture": "#1"},
				"up": {"uv": [2, 2, 4.1, 4.1], "rotation": 90, "texture": "#1"},
				"down": {"uv": [0, 0, 0.1, 0.1], "rotation": 90, "texture": "#1"}
			}
		},
		{
			"from": [8.2, 2.8, -6.8],
			"to": [8.3, 2.9, -6.7],
			"faces": {
				"north": {"uv": [2, 2, 4.1, 3.8], "rotation": 270, "texture": "#1"},
				"east": {"uv": [2, 2, 4.1, 4.1], "rotation": 90, "texture": "#1"},
				"south": {"uv": [0, 0, 0.1, 0.1], "rotation": 90, "texture": "#1"},
				"west": {"uv": [3, 2, 5.1, 4.1], "rotation": 90, "texture": "#1"},
				"up": {"uv": [2, 2, 4.1, 4.1], "rotation": 90, "texture": "#1"},
				"down": {"uv": [0, 0, 0.1, 0.1], "rotation": 90, "texture": "#1"}
			}
		},
		{
			"from": [8.2, 2.8, -7],
			"to": [8.3, 2.9, -6.9],
			"faces": {
				"north": {"uv": [2, 2, 4.1, 3.8], "rotation": 270, "texture": "#1"},
				"east": {"uv": [2, 2, 4.1, 4.1], "rotation": 90, "texture": "#1"},
				"south": {"uv": [0, 0, 0.1, 0.1], "rotation": 90, "texture": "#1"},
				"west": {"uv": [3, 2, 5.1, 4.1], "rotation": 90, "texture": "#1"},
				"up": {"uv": [2, 2, 4.1, 4.1], "rotation": 90, "texture": "#1"},
				"down": {"uv": [0, 0, 0.1, 0.1], "rotation": 90, "texture": "#1"}
			}
		},
		{
			"from": [8.2, 2.8, -7.2],
			"to": [8.3, 2.9, -7.1],
			"faces": {
				"north": {"uv": [2, 2, 4.1, 3.8], "rotation": 270, "texture": "#1"},
				"east": {"uv": [2, 2, 4.1, 4.1], "rotation": 90, "texture": "#1"},
				"south": {"uv": [0, 0, 0.1, 0.1], "rotation": 90, "texture": "#1"},
				"west": {"uv": [3, 2, 5.1, 4.1], "rotation": 90, "texture": "#1"},
				"up": {"uv": [2, 2, 4.1, 4.1], "rotation": 90, "texture": "#1"},
				"down": {"uv": [0, 0, 0.1, 0.1], "rotation": 90, "texture": "#1"}
			}
		},
		{
			"from": [8.2, 2.8, -7.4],
			"to": [8.3, 2.9, -7.3],
			"faces": {
				"north": {"uv": [2, 2, 4.1, 3.8], "rotation": 270, "texture": "#1"},
				"east": {"uv": [2, 2, 4.1, 4.1], "rotation": 90, "texture": "#1"},
				"south": {"uv": [0, 0, 0.1, 0.1], "rotation": 90, "texture": "#1"},
				"west": {"uv": [3, 2, 5.1, 4.1], "rotation": 90, "texture": "#1"},
				"up": {"uv": [2, 2, 4.1, 4.1], "rotation": 90, "texture": "#1"},
				"down": {"uv": [0, 0, 0.1, 0.1], "rotation": 90, "texture": "#1"}
			}
		},
		{
			"from": [8.2, 2.8, -7.6],
			"to": [8.3, 2.9, -7.5],
			"faces": {
				"north": {"uv": [2, 2, 4.1, 3.8], "rotation": 270, "texture": "#1"},
				"east": {"uv": [2, 2, 4.1, 4.1], "rotation": 90, "texture": "#1"},
				"south": {"uv": [0, 0, 0.1, 0.1], "rotation": 90, "texture": "#1"},
				"west": {"uv": [3, 2, 5.1, 4.1], "rotation": 90, "texture": "#1"},
				"up": {"uv": [2, 2, 4.1, 4.1], "rotation": 90, "texture": "#1"},
				"down": {"uv": [0, 0, 0.1, 0.1], "rotation": 90, "texture": "#1"}
			}
		},
		{
			"from": [8.2, 2.8, -7.8],
			"to": [8.3, 2.9, -7.7],
			"faces": {
				"north": {"uv": [2, 2, 4.1, 3.8], "rotation": 270, "texture": "#1"},
				"east": {"uv": [2, 2, 4.1, 4.1], "rotation": 90, "texture": "#1"},
				"south": {"uv": [0, 0, 0.1, 0.1], "rotation": 90, "texture": "#1"},
				"west": {"uv": [3, 2, 5.1, 4.1], "rotation": 90, "texture": "#1"},
				"up": {"uv": [2, 2, 4.1, 4.1], "rotation": 90, "texture": "#1"},
				"down": {"uv": [0, 0, 0.1, 0.1], "rotation": 90, "texture": "#1"}
			}
		},
		{
			"from": [8.2, 2.8, -8],
			"to": [8.3, 2.9, -7.9],
			"faces": {
				"north": {"uv": [2, 2, 4.1, 3.8], "rotation": 270, "texture": "#1"},
				"east": {"uv": [2, 2, 4.1, 4.1], "rotation": 90, "texture": "#1"},
				"south": {"uv": [0, 0, 0.1, 0.1], "rotation": 90, "texture": "#1"},
				"west": {"uv": [3, 2, 5.1, 4.1], "rotation": 90, "texture": "#1"},
				"up": {"uv": [2, 2, 4.1, 4.1], "rotation": 90, "texture": "#1"},
				"down": {"uv": [0, 0, 0.1, 0.1], "rotation": 90, "texture": "#1"}
			}
		},
		{
			"from": [8.2, 2.8, -8.2],
			"to": [8.3, 2.9, -8.1],
			"faces": {
				"north": {"uv": [2, 2, 4.1, 3.8], "rotation": 270, "texture": "#1"},
				"east": {"uv": [2, 2, 4.1, 4.1], "rotation": 90, "texture": "#1"},
				"south": {"uv": [0, 0, 0.1, 0.1], "rotation": 90, "texture": "#1"},
				"west": {"uv": [3, 2, 5.1, 4.1], "rotation": 90, "texture": "#1"},
				"up": {"uv": [2, 2, 4.1, 4.1], "rotation": 90, "texture": "#1"},
				"down": {"uv": [0, 0, 0.1, 0.1], "rotation": 90, "texture": "#1"}
			}
		},
		{
			"from": [8.2, 2.8, -8.4],
			"to": [8.3, 2.9, -8.3],
			"faces": {
				"north": {"uv": [2, 2, 4.1, 3.8], "rotation": 270, "texture": "#1"},
				"east": {"uv": [2, 2, 4.1, 4.1], "rotation": 90, "texture": "#1"},
				"south": {"uv": [0, 0, 0.1, 0.1], "rotation": 90, "texture": "#1"},
				"west": {"uv": [3, 2, 5.1, 4.1], "rotation": 90, "texture": "#1"},
				"up": {"uv": [2, 2, 4.1, 4.1], "rotation": 90, "texture": "#1"},
				"down": {"uv": [0, 0, 0.1, 0.1], "rotation": 90, "texture": "#1"}
			}
		},
		{
			"from": [8.2, 2.8, -8.7],
			"to": [8.3, 3.4, -8.5],
			"faces": {
				"north": {"uv": [9, 5, 15.6, 7.8], "rotation": 270, "texture": "#1"},
				"east": {"uv": [2, 2, 4.6, 4.2], "rotation": 90, "texture": "#1"},
				"south": {"uv": [0, 0, 0.6, 0.1], "rotation": 90, "texture": "#1"},
				"west": {"uv": [3, 2, 12.6, 5.2], "rotation": 90, "texture": "#1"},
				"up": {"uv": [2, 2, 4.2, 4.1], "rotation": 90, "texture": "#1"},
				"down": {"uv": [0, 0, 0.2, 0.1], "rotation": 90, "texture": "#1"}
			}
		},
		{
			"from": [8.2, 1.1, -5.8],
			"to": [8.3, 1.2, -5.7],
			"faces": {
				"north": {"uv": [2, 2, 4.1, 3.8], "rotation": 270, "texture": "#1"},
				"east": {"uv": [2, 2, 4.1, 4.1], "rotation": 90, "texture": "#1"},
				"south": {"uv": [0, 0, 0.1, 0.1], "rotation": 90, "texture": "#1"},
				"west": {"uv": [3, 2, 5.1, 4.1], "rotation": 90, "texture": "#1"},
				"up": {"uv": [2, 2, 4.1, 4.1], "rotation": 90, "texture": "#1"},
				"down": {"uv": [0, 0, 0.1, 0.1], "rotation": 90, "texture": "#1"}
			}
		},
		{
			"from": [8.2, 1.1, -6],
			"to": [8.3, 1.2, -5.9],
			"faces": {
				"north": {"uv": [2, 2, 4.1, 3.8], "rotation": 270, "texture": "#1"},
				"east": {"uv": [2, 2, 4.1, 4.1], "rotation": 90, "texture": "#1"},
				"south": {"uv": [0, 0, 0.1, 0.1], "rotation": 90, "texture": "#1"},
				"west": {"uv": [3, 2, 5.1, 4.1], "rotation": 90, "texture": "#1"},
				"up": {"uv": [2, 2, 4.1, 4.1], "rotation": 90, "texture": "#1"},
				"down": {"uv": [0, 0, 0.1, 0.1], "rotation": 90, "texture": "#1"}
			}
		},
		{
			"from": [8.2, 1.1, -6.2],
			"to": [8.3, 1.2, -6.1],
			"faces": {
				"north": {"uv": [2, 2, 4.1, 3.8], "rotation": 270, "texture": "#1"},
				"east": {"uv": [2, 2, 4.1, 4.1], "rotation": 90, "texture": "#1"},
				"south": {"uv": [0, 0, 0.1, 0.1], "rotation": 90, "texture": "#1"},
				"west": {"uv": [3, 2, 5.1, 4.1], "rotation": 90, "texture": "#1"},
				"up": {"uv": [2, 2, 4.1, 4.1], "rotation": 90, "texture": "#1"},
				"down": {"uv": [0, 0, 0.1, 0.1], "rotation": 90, "texture": "#1"}
			}
		},
		{
			"from": [8.2, 1.1, -6.4],
			"to": [8.3, 1.2, -6.3],
			"faces": {
				"north": {"uv": [2, 2, 4.1, 3.8], "rotation": 270, "texture": "#1"},
				"east": {"uv": [2, 2, 4.1, 4.1], "rotation": 90, "texture": "#1"},
				"south": {"uv": [0, 0, 0.1, 0.1], "rotation": 90, "texture": "#1"},
				"west": {"uv": [3, 2, 5.1, 4.1], "rotation": 90, "texture": "#1"},
				"up": {"uv": [2, 2, 4.1, 4.1], "rotation": 90, "texture": "#1"},
				"down": {"uv": [0, 0, 0.1, 0.1], "rotation": 90, "texture": "#1"}
			}
		},
		{
			"from": [8.2, 1.1, -6.6],
			"to": [8.3, 1.2, -6.5],
			"faces": {
				"north": {"uv": [2, 2, 4.1, 3.8], "rotation": 270, "texture": "#1"},
				"east": {"uv": [2, 2, 4.1, 4.1], "rotation": 90, "texture": "#1"},
				"south": {"uv": [0, 0, 0.1, 0.1], "rotation": 90, "texture": "#1"},
				"west": {"uv": [3, 2, 5.1, 4.1], "rotation": 90, "texture": "#1"},
				"up": {"uv": [2, 2, 4.1, 4.1], "rotation": 90, "texture": "#1"},
				"down": {"uv": [0, 0, 0.1, 0.1], "rotation": 90, "texture": "#1"}
			}
		},
		{
			"from": [8.2, 1.1, -6.8],
			"to": [8.3, 1.2, -6.7],
			"faces": {
				"north": {"uv": [2, 2, 4.1, 3.8], "rotation": 270, "texture": "#1"},
				"east": {"uv": [2, 2, 4.1, 4.1], "rotation": 90, "texture": "#1"},
				"south": {"uv": [0, 0, 0.1, 0.1], "rotation": 90, "texture": "#1"},
				"west": {"uv": [3, 2, 5.1, 4.1], "rotation": 90, "texture": "#1"},
				"up": {"uv": [2, 2, 4.1, 4.1], "rotation": 90, "texture": "#1"},
				"down": {"uv": [0, 0, 0.1, 0.1], "rotation": 90, "texture": "#1"}
			}
		},
		{
			"from": [8.2, 1.1, -7],
			"to": [8.3, 1.2, -6.9],
			"faces": {
				"north": {"uv": [2, 2, 4.1, 3.8], "rotation": 270, "texture": "#1"},
				"east": {"uv": [2, 2, 4.1, 4.1], "rotation": 90, "texture": "#1"},
				"south": {"uv": [0, 0, 0.1, 0.1], "rotation": 90, "texture": "#1"},
				"west": {"uv": [3, 2, 5.1, 4.1], "rotation": 90, "texture": "#1"},
				"up": {"uv": [2, 2, 4.1, 4.1], "rotation": 90, "texture": "#1"},
				"down": {"uv": [0, 0, 0.1, 0.1], "rotation": 90, "texture": "#1"}
			}
		},
		{
			"from": [8.2, 1.1, -7.2],
			"to": [8.3, 1.2, -7.1],
			"faces": {
				"north": {"uv": [2, 2, 4.1, 3.8], "rotation": 270, "texture": "#1"},
				"east": {"uv": [2, 2, 4.1, 4.1], "rotation": 90, "texture": "#1"},
				"south": {"uv": [0, 0, 0.1, 0.1], "rotation": 90, "texture": "#1"},
				"west": {"uv": [3, 2, 5.1, 4.1], "rotation": 90, "texture": "#1"},
				"up": {"uv": [2, 2, 4.1, 4.1], "rotation": 90, "texture": "#1"},
				"down": {"uv": [0, 0, 0.1, 0.1], "rotation": 90, "texture": "#1"}
			}
		},
		{
			"from": [8.2, 1.1, -7.4],
			"to": [8.3, 1.2, -7.3],
			"faces": {
				"north": {"uv": [2, 2, 4.1, 3.8], "rotation": 270, "texture": "#1"},
				"east": {"uv": [2, 2, 4.1, 4.1], "rotation": 90, "texture": "#1"},
				"south": {"uv": [0, 0, 0.1, 0.1], "rotation": 90, "texture": "#1"},
				"west": {"uv": [3, 2, 5.1, 4.1], "rotation": 90, "texture": "#1"},
				"up": {"uv": [2, 2, 4.1, 4.1], "rotation": 90, "texture": "#1"},
				"down": {"uv": [0, 0, 0.1, 0.1], "rotation": 90, "texture": "#1"}
			}
		},
		{
			"from": [8.2, 1.1, -7.6],
			"to": [8.3, 1.2, -7.5],
			"faces": {
				"north": {"uv": [2, 2, 4.1, 3.8], "rotation": 270, "texture": "#1"},
				"east": {"uv": [2, 2, 4.1, 4.1], "rotation": 90, "texture": "#1"},
				"south": {"uv": [0, 0, 0.1, 0.1], "rotation": 90, "texture": "#1"},
				"west": {"uv": [3, 2, 5.1, 4.1], "rotation": 90, "texture": "#1"},
				"up": {"uv": [2, 2, 4.1, 4.1], "rotation": 90, "texture": "#1"},
				"down": {"uv": [0, 0, 0.1, 0.1], "rotation": 90, "texture": "#1"}
			}
		},
		{
			"from": [8.2, 1.1, -7.8],
			"to": [8.3, 1.2, -7.7],
			"faces": {
				"north": {"uv": [2, 2, 4.1, 3.8], "rotation": 270, "texture": "#1"},
				"east": {"uv": [2, 2, 4.1, 4.1], "rotation": 90, "texture": "#1"},
				"south": {"uv": [0, 0, 0.1, 0.1], "rotation": 90, "texture": "#1"},
				"west": {"uv": [3, 2, 5.1, 4.1], "rotation": 90, "texture": "#1"},
				"up": {"uv": [2, 2, 4.1, 4.1], "rotation": 90, "texture": "#1"},
				"down": {"uv": [0, 0, 0.1, 0.1], "rotation": 90, "texture": "#1"}
			}
		},
		{
			"from": [8.2, 1.1, -8],
			"to": [8.3, 1.2, -7.9],
			"faces": {
				"north": {"uv": [2, 2, 4.1, 3.8], "rotation": 270, "texture": "#1"},
				"east": {"uv": [2, 2, 4.1, 4.1], "rotation": 90, "texture": "#1"},
				"south": {"uv": [0, 0, 0.1, 0.1], "rotation": 90, "texture": "#1"},
				"west": {"uv": [3, 2, 5.1, 4.1], "rotation": 90, "texture": "#1"},
				"up": {"uv": [2, 2, 4.1, 4.1], "rotation": 90, "texture": "#1"},
				"down": {"uv": [0, 0, 0.1, 0.1], "rotation": 90, "texture": "#1"}
			}
		},
		{
			"from": [8.2, 1.1, -8.2],
			"to": [8.3, 1.2, -8.1],
			"faces": {
				"north": {"uv": [2, 2, 4.1, 3.8], "rotation": 270, "texture": "#1"},
				"east": {"uv": [2, 2, 4.1, 4.1], "rotation": 90, "texture": "#1"},
				"south": {"uv": [0, 0, 0.1, 0.1], "rotation": 90, "texture": "#1"},
				"west": {"uv": [3, 2, 5.1, 4.1], "rotation": 90, "texture": "#1"},
				"up": {"uv": [2, 2, 4.1, 4.1], "rotation": 90, "texture": "#1"},
				"down": {"uv": [0, 0, 0.1, 0.1], "rotation": 90, "texture": "#1"}
			}
		},
		{
			"from": [8.2, 1.1, -8.4],
			"to": [8.3, 1.2, -8.3],
			"faces": {
				"north": {"uv": [2, 2, 4.1, 3.8], "rotation": 270, "texture": "#1"},
				"east": {"uv": [2, 2, 4.1, 4.1], "rotation": 90, "texture": "#1"},
				"south": {"uv": [0, 0, 0.1, 0.1], "rotation": 90, "texture": "#1"},
				"west": {"uv": [3, 2, 5.1, 4.1], "rotation": 90, "texture": "#1"},
				"up": {"uv": [2, 2, 4.1, 4.1], "rotation": 90, "texture": "#1"},
				"down": {"uv": [0, 0, 0.1, 0.1], "rotation": 90, "texture": "#1"}
			}
		},
		{
			"from": [8.2, 0.6, -8.7],
			"to": [8.3, 1.2, -8.5],
			"faces": {
				"north": {"uv": [9, 5, 15.6, 7.8], "rotation": 270, "texture": "#1"},
				"east": {"uv": [2, 2, 4.6, 4.2], "rotation": 90, "texture": "#1"},
				"south": {"uv": [0, 0, 0.6, 0.1], "rotation": 90, "texture": "#1"},
				"west": {"uv": [3, 2, 12.6, 5.2], "rotation": 90, "texture": "#1"},
				"up": {"uv": [2, 2, 4.2, 4.1], "rotation": 90, "texture": "#1"},
				"down": {"uv": [0, 0, 0.2, 0.1], "rotation": 90, "texture": "#1"}
			}
		},
		{
			"from": [7.7, 2.3, -4.7],
			"to": [8.3, 2.5, -4.2],
			"faces": {
				"north": {"uv": [6, 0, 9.6, 4], "texture": "#1"},
				"east": {"uv": [0, 0, 5, 16], "rotation": 90, "texture": "#1"},
				"south": {"uv": [6, 0, 9.6, 4], "texture": "#1"},
				"west": {"uv": [0, 0, 16, 16], "rotation": 90, "texture": "#1"},
				"up": {"uv": [0, 0, 16, 16], "texture": "#1"},
				"down": {"uv": [0, 0, 16, 16], "rotation": 180, "texture": "#1"}
			}
		},
		{
			"from": [7.7, 1.5, -4.7],
			"to": [8.3, 1.7, -4.2],
			"faces": {
				"north": {"uv": [6, 0, 9.6, 4], "texture": "#1"},
				"east": {"uv": [0, 0, 5, 16], "rotation": 90, "texture": "#1"},
				"south": {"uv": [6, 0, 9.6, 4], "texture": "#1"},
				"west": {"uv": [0, 0, 16, 16], "rotation": 90, "texture": "#1"},
				"up": {"uv": [0, 0, 16, 16], "texture": "#1"},
				"down": {"uv": [0, 0, 16, 16], "rotation": 180, "texture": "#1"}
			}
		},
		{
			"from": [7.7, 2.6, -5.6],
			"to": [8.3, 2.9, -5.1],
			"faces": {
				"north": {"uv": [6, 0, 9.6, 4], "texture": "#1"},
				"east": {"uv": [0, 0, 5, 16], "rotation": 90, "texture": "#1"},
				"south": {"uv": [6, 0, 9.6, 4], "texture": "#1"},
				"west": {"uv": [0, 0, 16, 16], "rotation": 90, "texture": "#1"},
				"up": {"uv": [0, 0, 16, 16], "texture": "#1"},
				"down": {"uv": [0, 0, 16, 16], "rotation": 180, "texture": "#1"}
			}
		},
		{
			"from": [7.7, 1.1, -5.6],
			"to": [8.3, 1.4, -5.1],
			"faces": {
				"north": {"uv": [6, 0, 9.6, 4], "texture": "#1"},
				"east": {"uv": [0, 0, 5, 16], "rotation": 90, "texture": "#1"},
				"south": {"uv": [6, 0, 9.6, 4], "texture": "#1"},
				"west": {"uv": [0, 0, 16, 16], "rotation": 90, "texture": "#1"},
				"up": {"uv": [0, 0, 16, 16], "texture": "#1"},
				"down": {"uv": [0, 0, 16, 16], "rotation": 180, "texture": "#1"}
			}
		},
		{
			"from": [7.4, 0.4, -7],
			"to": [8.6, 0.5, -6.7],
			"faces": {
				"north": {"uv": [6, 0, 9.6, 4], "texture": "#3"},
				"east": {"uv": [0, 0, 5, 16], "rotation": 90, "texture": "#3"},
				"south": {"uv": [6, 0, 9.6, 4], "texture": "#3"},
				"west": {"uv": [0, 0, 16, 16], "rotation": 90, "texture": "#3"},
				"up": {"uv": [0, 0, 16, 16], "texture": "#3"},
				"down": {"uv": [0, 0, 16, 16], "rotation": 180, "texture": "#3"}
			}
		},
		{
			"from": [7.4, 0.5, -7],
			"to": [7.5, 1.4, -6.7],
			"faces": {
				"north": {"uv": [6, 0, 9.6, 4], "texture": "#3"},
				"east": {"uv": [0, 0, 5, 16], "rotation": 90, "texture": "#3"},
				"south": {"uv": [6, 0, 9.6, 4], "texture": "#3"},
				"west": {"uv": [0, 0, 16, 16], "rotation": 90, "texture": "#3"},
				"up": {"uv": [0, 0, 16, 16], "texture": "#3"},
				"down": {"uv": [0, 0, 16, 16], "rotation": 180, "texture": "#3"}
			}
		},
		{
			"from": [8.5, 0.5, -7],
			"to": [8.6, 1.4, -6.7],
			"faces": {
				"north": {"uv": [6, 0, 9.6, 4], "texture": "#3"},
				"east": {"uv": [0, 0, 5, 16], "rotation": 90, "texture": "#3"},
				"south": {"uv": [6, 0, 9.6, 4], "texture": "#3"},
				"west": {"uv": [0, 0, 16, 16], "rotation": 90, "texture": "#3"},
				"up": {"uv": [0, 0, 16, 16], "texture": "#3"},
				"down": {"uv": [0, 0, 16, 16], "rotation": 180, "texture": "#3"}
			}
		},
		{
			"from": [8.3, 1.3, -7],
			"to": [8.5, 1.4, -6.7],
			"faces": {
				"north": {"uv": [6, 0, 9.6, 4], "texture": "#3"},
				"east": {"uv": [0, 0, 5, 16], "rotation": 90, "texture": "#3"},
				"south": {"uv": [6, 0, 9.6, 4], "texture": "#3"},
				"west": {"uv": [0, 0, 16, 16], "rotation": 90, "texture": "#3"},
				"up": {"uv": [0, 0, 16, 16], "texture": "#3"},
				"down": {"uv": [0, 0, 16, 16], "rotation": 180, "texture": "#3"}
			}
		},
		{
			"from": [8.5, 2.6, -7],
			"to": [8.6, 3.5, -6.7],
			"faces": {
				"north": {"uv": [6, 0, 9.6, 4], "texture": "#3"},
				"east": {"uv": [0, 0, 5, 16], "rotation": 90, "texture": "#3"},
				"south": {"uv": [6, 0, 9.6, 4], "texture": "#3"},
				"west": {"uv": [0, 0, 16, 16], "rotation": 90, "texture": "#3"},
				"up": {"uv": [0, 0, 16, 16], "texture": "#3"},
				"down": {"uv": [0, 0, 16, 16], "rotation": 180, "texture": "#3"}
			}
		},
		{
			"from": [7.4, 3.5, -7],
			"to": [8.6, 3.6, -6.7],
			"faces": {
				"north": {"uv": [6, 0, 9.6, 4], "texture": "#3"},
				"east": {"uv": [0, 0, 5, 16], "rotation": 90, "texture": "#3"},
				"south": {"uv": [6, 0, 9.6, 4], "texture": "#3"},
				"west": {"uv": [0, 0, 16, 16], "rotation": 90, "texture": "#3"},
				"up": {"uv": [0, 0, 16, 16], "texture": "#3"},
				"down": {"uv": [0, 0, 16, 16], "rotation": 180, "texture": "#3"}
			}
		},
		{
			"from": [8.3, 2.6, -7],
			"to": [8.5, 2.7, -6.7],
			"faces": {
				"north": {"uv": [6, 0, 9.6, 4], "texture": "#3"},
				"east": {"uv": [0, 0, 5, 16], "rotation": 90, "texture": "#3"},
				"south": {"uv": [6, 0, 9.6, 4], "texture": "#3"},
				"west": {"uv": [0, 0, 16, 16], "rotation": 90, "texture": "#3"},
				"up": {"uv": [0, 0, 16, 16], "texture": "#3"},
				"down": {"uv": [0, 0, 16, 16], "rotation": 180, "texture": "#3"}
			}
		},
		{
			"from": [7.5, 2.6, -7],
			"to": [7.7, 2.7, -6.7],
			"faces": {
				"north": {"uv": [6, 0, 9.6, 4], "texture": "#3"},
				"east": {"uv": [0, 0, 5, 16], "rotation": 90, "texture": "#3"},
				"south": {"uv": [6, 0, 9.6, 4], "texture": "#3"},
				"west": {"uv": [0, 0, 16, 16], "rotation": 90, "texture": "#3"},
				"up": {"uv": [0, 0, 16, 16], "texture": "#3"},
				"down": {"uv": [0, 0, 16, 16], "rotation": 180, "texture": "#3"}
			}
		},
		{
			"from": [7.5, 1.6, -3.7],
			"to": [8.5, 2.4, -3.4],
			"faces": {
				"north": {"uv": [6, 0, 9.6, 4], "texture": "#3"},
				"east": {"uv": [0, 0, 5, 16], "rotation": 90, "texture": "#3"},
				"south": {"uv": [6, 0, 9.6, 4], "texture": "#3"},
				"west": {"uv": [0, 0, 16, 16], "rotation": 90, "texture": "#3"},
				"up": {"uv": [0, 0, 16, 16], "texture": "#3"},
				"down": {"uv": [0, 0, 16, 16], "rotation": 180, "texture": "#3"}
			}
		},
		{
			"from": [7.4, 0.4, -3.7],
			"to": [8.6, 1.6, -3.4],
			"faces": {
				"north": {"uv": [6, 0, 9.6, 4], "texture": "#3"},
				"east": {"uv": [0, 0, 5, 16], "rotation": 90, "texture": "#3"},
				"south": {"uv": [6, 0, 9.6, 4], "texture": "#3"},
				"west": {"uv": [0, 0, 16, 16], "rotation": 90, "texture": "#3"},
				"up": {"uv": [0, 0, 16, 16], "texture": "#3"},
				"down": {"uv": [0, 0, 16, 16], "rotation": 180, "texture": "#3"}
			}
		},
		{
			"from": [7.4, 2.4, -3.7],
			"to": [8.6, 3.6, -3.4],
			"faces": {
				"north": {"uv": [6, 0, 9.6, 4], "texture": "#3"},
				"east": {"uv": [0, 0, 5, 16], "rotation": 90, "texture": "#3"},
				"south": {"uv": [6, 0, 9.6, 4], "texture": "#3"},
				"west": {"uv": [0, 0, 16, 16], "rotation": 90, "texture": "#3"},
				"up": {"uv": [0, 0, 16, 16], "texture": "#3"},
				"down": {"uv": [0, 0, 16, 16], "rotation": 180, "texture": "#3"}
			}
		},
		{
			"from": [7.4, 2.4, -2.7],
			"to": [8.6, 3.6, -2.4],
			"faces": {
				"north": {"uv": [6, 0, 9.6, 4], "texture": "#3"},
				"east": {"uv": [0, 0, 5, 16], "rotation": 90, "texture": "#3"},
				"south": {"uv": [6, 0, 9.6, 4], "texture": "#3"},
				"west": {"uv": [0, 0, 16, 16], "rotation": 90, "texture": "#3"},
				"up": {"uv": [0, 0, 16, 16], "texture": "#3"},
				"down": {"uv": [0, 0, 16, 16], "rotation": 180, "texture": "#3"}
			}
		},
		{
			"from": [7.5, 1.9, -3.4],
			"to": [8.5, 2.1, -2.7],
			"faces": {
				"north": {"uv": [6, 0, 9.6, 4], "texture": "#3"},
				"east": {"uv": [0, 0, 5, 16], "rotation": 90, "texture": "#3"},
				"south": {"uv": [6, 0, 9.6, 4], "texture": "#3"},
				"west": {"uv": [0, 0, 16, 16], "rotation": 90, "texture": "#3"},
				"up": {"uv": [0, 0, 16, 16], "texture": "#3"},
				"down": {"uv": [0, 0, 16, 16], "rotation": 180, "texture": "#3"}
			}
		},
		{
			"from": [7.5, 1.6, -2.7],
			"to": [8.5, 2.4, -2.4],
			"faces": {
				"north": {"uv": [6, 0, 9.6, 4], "texture": "#3"},
				"east": {"uv": [0, 0, 5, 16], "rotation": 90, "texture": "#3"},
				"south": {"uv": [6, 0, 9.6, 4], "texture": "#3"},
				"west": {"uv": [0, 0, 16, 16], "rotation": 90, "texture": "#3"},
				"up": {"uv": [0, 0, 16, 16], "texture": "#3"},
				"down": {"uv": [0, 0, 16, 16], "rotation": 180, "texture": "#3"}
			}
		},
		{
			"from": [7.4, 0.4, -2.7],
			"to": [8.6, 1.6, -2.4],
			"faces": {
				"north": {"uv": [6, 0, 9.6, 4], "texture": "#3"},
				"east": {"uv": [0, 0, 5, 16], "rotation": 90, "texture": "#3"},
				"south": {"uv": [6, 0, 9.6, 4], "texture": "#3"},
				"west": {"uv": [0, 0, 16, 16], "rotation": 90, "texture": "#3"},
				"up": {"uv": [0, 0, 16, 16], "texture": "#3"},
				"down": {"uv": [0, 0, 16, 16], "rotation": 180, "texture": "#3"}
			}
		},
		{
			"from": [7.9, 0.4, -6.7],
			"to": [8.1, 0.5, -3.7],
			"faces": {
				"north": {"uv": [6, 0, 9.6, 4], "texture": "#3"},
				"east": {"uv": [0, 0, 5, 16], "rotation": 90, "texture": "#3"},
				"south": {"uv": [6, 0, 9.6, 4], "texture": "#3"},
				"west": {"uv": [0, 0, 16, 16], "rotation": 90, "texture": "#3"},
				"up": {"uv": [0, 0, 16, 16], "texture": "#3"},
				"down": {"uv": [0, 0, 16, 16], "rotation": 180, "texture": "#3"}
			}
		},
		{
			"from": [7.9, 3.5, -6.7],
			"to": [8.1, 3.6, -3.7],
			"faces": {
				"north": {"uv": [6, 0, 9.6, 4], "texture": "#3"},
				"east": {"uv": [0, 0, 5, 16], "rotation": 90, "texture": "#3"},
				"south": {"uv": [6, 0, 9.6, 4], "texture": "#3"},
				"west": {"uv": [0, 0, 16, 16], "rotation": 90, "texture": "#3"},
				"up": {"uv": [0, 0, 16, 16], "texture": "#3"},
				"down": {"uv": [0, 0, 16, 16], "rotation": 180, "texture": "#3"}
			}
		},
		{
			"from": [7.5, 1.9, -2.4],
			"to": [8.5, 2.1, -1.7],
			"faces": {
				"north": {"uv": [6, 0, 9.6, 4], "texture": "#3"},
				"east": {"uv": [0, 0, 5, 16], "rotation": 90, "texture": "#3"},
				"south": {"uv": [6, 0, 9.6, 4], "texture": "#3"},
				"west": {"uv": [0, 0, 16, 16], "rotation": 90, "texture": "#3"},
				"up": {"uv": [0, 0, 16, 16], "texture": "#3"},
				"down": {"uv": [0, 0, 16, 16], "rotation": 180, "texture": "#3"}
			}
		},
		{
			"from": [7.5, 1.5, -1.7],
			"to": [8.5, 2.5, -1.4],
			"faces": {
				"north": {"uv": [6, 0, 9.6, 4], "texture": "#3"},
				"east": {"uv": [0, 0, 5, 16], "rotation": 90, "texture": "#3"},
				"south": {"uv": [6, 0, 9.6, 4], "texture": "#3"},
				"west": {"uv": [0, 0, 16, 16], "rotation": 90, "texture": "#3"},
				"up": {"uv": [0, 0, 16, 16], "texture": "#3"},
				"down": {"uv": [0, 0, 16, 16], "rotation": 180, "texture": "#3"}
			}
		},
		{
			"from": [7.5, 1.9, -1.4],
			"to": [8.5, 2.1, -0.7],
			"faces": {
				"north": {"uv": [6, 0, 9.6, 4], "texture": "#3"},
				"east": {"uv": [0, 0, 5, 16], "rotation": 90, "texture": "#3"},
				"south": {"uv": [6, 0, 9.6, 4], "texture": "#3"},
				"west": {"uv": [0, 0, 16, 16], "rotation": 90, "texture": "#3"},
				"up": {"uv": [0, 0, 16, 16], "texture": "#3"},
				"down": {"uv": [0, 0, 16, 16], "rotation": 180, "texture": "#3"}
			}
		},
		{
			"from": [7.5, 1.5, -0.7],
			"to": [8.5, 2.5, -0.6],
			"faces": {
				"north": {"uv": [6, 0, 9.6, 4], "texture": "#3"},
				"east": {"uv": [0, 0, 5, 16], "rotation": 90, "texture": "#3"},
				"south": {"uv": [6, 0, 9.6, 4], "texture": "#3"},
				"west": {"uv": [0, 0, 16, 16], "rotation": 90, "texture": "#3"},
				"up": {"uv": [0, 0, 16, 16], "texture": "#3"},
				"down": {"uv": [0, 0, 16, 16], "rotation": 180, "texture": "#3"}
			}
		},
		{
			"from": [7.4, 0.4, -0.7],
			"to": [8.6, 0.5, -0.4],
			"faces": {
				"north": {"uv": [6, 0, 9.6, 4], "texture": "#3"},
				"east": {"uv": [0, 0, 5, 16], "rotation": 90, "texture": "#3"},
				"south": {"uv": [6, 0, 9.6, 4], "texture": "#3"},
				"west": {"uv": [0, 0, 16, 16], "rotation": 90, "texture": "#3"},
				"up": {"uv": [0, 0, 16, 16], "texture": "#3"},
				"down": {"uv": [0, 0, 16, 16], "rotation": 180, "texture": "#3"}
			}
		},
		{
			"from": [7.4, 0.4, -1.7],
			"to": [8.6, 0.5, -1.4],
			"faces": {
				"north": {"uv": [6, 0, 9.6, 4], "texture": "#3"},
				"east": {"uv": [0, 0, 5, 16], "rotation": 90, "texture": "#3"},
				"south": {"uv": [6, 0, 9.6, 4], "texture": "#3"},
				"west": {"uv": [0, 0, 16, 16], "rotation": 90, "texture": "#3"},
				"up": {"uv": [0, 0, 16, 16], "texture": "#3"},
				"down": {"uv": [0, 0, 16, 16], "rotation": 180, "texture": "#3"}
			}
		},
		{
			"from": [7.4, 3.5, -1.7],
			"to": [8.6, 3.6, -1.4],
			"faces": {
				"north": {"uv": [6, 0, 9.6, 4], "texture": "#3"},
				"east": {"uv": [0, 0, 5, 16], "rotation": 90, "texture": "#3"},
				"south": {"uv": [6, 0, 9.6, 4], "texture": "#3"},
				"west": {"uv": [0, 0, 16, 16], "rotation": 90, "texture": "#3"},
				"up": {"uv": [0, 0, 16, 16], "texture": "#3"},
				"down": {"uv": [0, 0, 16, 16], "rotation": 180, "texture": "#3"}
			}
		},
		{
			"from": [7.4, 3.5, -0.7],
			"to": [8.6, 3.6, -0.4],
			"faces": {
				"north": {"uv": [6, 0, 9.6, 4], "texture": "#3"},
				"east": {"uv": [0, 0, 5, 16], "rotation": 90, "texture": "#3"},
				"south": {"uv": [6, 0, 9.6, 4], "texture": "#3"},
				"west": {"uv": [0, 0, 16, 16], "rotation": 90, "texture": "#3"},
				"up": {"uv": [0, 0, 16, 16], "texture": "#3"},
				"down": {"uv": [0, 0, 16, 16], "rotation": 180, "texture": "#3"}
			}
		},
		{
			"from": [7.5, 1.3, -7],
			"to": [7.7, 1.4, -6.7],
			"faces": {
				"north": {"uv": [6, 0, 9.6, 4], "texture": "#3"},
				"east": {"uv": [0, 0, 5, 16], "rotation": 90, "texture": "#3"},
				"south": {"uv": [6, 0, 9.6, 4], "texture": "#3"},
				"west": {"uv": [0, 0, 16, 16], "rotation": 90, "texture": "#3"},
				"up": {"uv": [0, 0, 16, 16], "texture": "#3"},
				"down": {"uv": [0, 0, 16, 16], "rotation": 180, "texture": "#3"}
			}
		},
		{
			"from": [7.4, 2.6, -7],
			"to": [7.5, 3.5, -6.7],
			"faces": {
				"north": {"uv": [6, 0, 9.6, 4], "texture": "#3"},
				"east": {"uv": [0, 0, 5, 16], "rotation": 90, "texture": "#3"},
				"south": {"uv": [6, 0, 9.6, 4], "texture": "#3"},
				"west": {"uv": [0, 0, 16, 16], "rotation": 90, "texture": "#3"},
				"up": {"uv": [0, 0, 16, 16], "texture": "#3"},
				"down": {"uv": [0, 0, 16, 16], "rotation": 180, "texture": "#3"}
			}
		},
		{
			"from": [7.4, 0.2, 0.3],
			"to": [8.6, 0.7, 1],
			"faces": {
				"north": {"uv": [6, 0, 9.6, 4], "texture": "#3"},
				"east": {"uv": [0, 0, 5, 16], "rotation": 90, "texture": "#3"},
				"south": {"uv": [6, 0, 9.6, 4], "texture": "#3"},
				"west": {"uv": [0, 0, 16, 16], "rotation": 90, "texture": "#3"},
				"up": {"uv": [0, 0, 16, 16], "texture": "#3"},
				"down": {"uv": [0, 0, 16, 16], "rotation": 180, "texture": "#3"}
			}
		},
		{
			"from": [7.4, 3.3, 0.3],
			"to": [8.6, 3.8, 1],
			"faces": {
				"north": {"uv": [6, 0, 9.6, 4], "texture": "#3"},
				"east": {"uv": [0, 0, 5, 16], "rotation": 90, "texture": "#3"},
				"south": {"uv": [6, 0, 9.6, 4], "texture": "#3"},
				"west": {"uv": [0, 0, 16, 16], "rotation": 90, "texture": "#3"},
				"up": {"uv": [0, 0, 16, 16], "texture": "#3"},
				"down": {"uv": [0, 0, 16, 16], "rotation": 180, "texture": "#3"}
			}
		},
		{
			"from": [7.5, 1.1, -8.6],
			"to": [7.7, 1.3, -5.1],
			"faces": {
				"north": {"uv": [6, 0, 9.6, 4], "texture": "#6"},
				"east": {"uv": [0, 0, 5, 16], "rotation": 90, "texture": "#6"},
				"south": {"uv": [6, 0, 9.6, 4], "texture": "#6"},
				"west": {"uv": [0, 0, 16, 16], "rotation": 90, "texture": "#6"},
				"up": {"uv": [0, 0, 16, 16], "texture": "#6"},
				"down": {"uv": [0, 0, 16, 16], "rotation": 180, "texture": "#6"}
			}
		},
		{
			"from": [7.5, 0.5, -8.6],
			"to": [8.5, 1.1, -5.1],
			"faces": {
				"north": {"uv": [6, 0, 9.6, 4], "texture": "#6"},
				"east": {"uv": [0, 0, 5, 16], "rotation": 90, "texture": "#6"},
				"south": {"uv": [6, 0, 9.6, 4], "texture": "#6"},
				"west": {"uv": [0, 0, 16, 16], "rotation": 90, "texture": "#6"},
				"up": {"uv": [0, 0, 16, 16], "texture": "#6"},
				"down": {"uv": [0, 0, 16, 16], "rotation": 180, "texture": "#6"}
			}
		},
		{
			"from": [7.5, 0.5, -5.1],
			"to": [8.5, 1.5, -2.6],
			"faces": {
				"north": {"uv": [6, 0, 9.6, 4], "texture": "#6"},
				"east": {"uv": [0, 0, 5, 16], "rotation": 90, "texture": "#6"},
				"south": {"uv": [6, 0, 9.6, 4], "texture": "#6"},
				"west": {"uv": [0, 0, 16, 16], "rotation": 90, "texture": "#6"},
				"up": {"uv": [0, 0, 16, 16], "texture": "#6"},
				"down": {"uv": [0, 0, 16, 16], "rotation": 180, "texture": "#6"}
			}
		},
		{
			"from": [7.6, 1.5, -4.3],
			"to": [8.4, 2.5, -0.6],
			"faces": {
				"north": {"uv": [6, 0, 9.6, 4], "texture": "#6"},
				"east": {"uv": [0, 0, 5, 16], "rotation": 90, "texture": "#6"},
				"south": {"uv": [6, 0, 9.6, 4], "texture": "#6"},
				"west": {"uv": [0, 0, 16, 16], "rotation": 90, "texture": "#6"},
				"up": {"uv": [0, 0, 16, 16], "texture": "#6"},
				"down": {"uv": [0, 0, 16, 16], "rotation": 180, "texture": "#6"}
			}
		},
		{
			"from": [7.1, 0.5, -2.6],
			"to": [8.9, 1.5, -0.6],
			"faces": {
				"north": {"uv": [6, 0, 9.6, 4], "texture": "#6"},
				"east": {"uv": [0, 0, 5, 16], "rotation": 90, "texture": "#6"},
				"south": {"uv": [6, 0, 9.6, 4], "texture": "#6"},
				"west": {"uv": [0, 0, 16, 16], "rotation": 90, "texture": "#6"},
				"up": {"uv": [0, 0, 16, 16], "texture": "#6"},
				"down": {"uv": [0, 0, 16, 16], "rotation": 180, "texture": "#6"}
			}
		},
		{
			"from": [7.3, 1.5, -0.6],
			"to": [8.7, 2.5, 0.4],
			"faces": {
				"north": {"uv": [6, 0, 9.6, 4], "texture": "#6"},
				"east": {"uv": [0, 0, 5, 16], "rotation": 90, "texture": "#6"},
				"south": {"uv": [6, 0, 9.6, 4], "texture": "#6"},
				"west": {"uv": [0, 0, 16, 16], "rotation": 90, "texture": "#6"},
				"up": {"uv": [0, 0, 16, 16], "texture": "#6"},
				"down": {"uv": [0, 0, 16, 16], "rotation": 180, "texture": "#6"}
			}
		},
		{
			"from": [6.9, 0.5, -0.6],
			"to": [9.1, 1.5, 0.4],
			"faces": {
				"north": {"uv": [6, 0, 9.6, 4], "texture": "#6"},
				"east": {"uv": [0, 0, 5, 16], "rotation": 90, "texture": "#6"},
				"south": {"uv": [6, 0, 9.6, 4], "texture": "#6"},
				"west": {"uv": [0, 0, 16, 16], "rotation": 90, "texture": "#6"},
				"up": {"uv": [0, 0, 16, 16], "texture": "#6"},
				"down": {"uv": [0, 0, 16, 16], "rotation": 180, "texture": "#6"}
			}
		},
		{
			"from": [6.9, 2.5, -0.6],
			"to": [9.1, 3.5, 0.4],
			"faces": {
				"north": {"uv": [6, 0, 9.6, 4], "texture": "#6"},
				"east": {"uv": [0, 0, 5, 16], "rotation": 90, "texture": "#6"},
				"south": {"uv": [6, 0, 9.6, 4], "texture": "#6"},
				"west": {"uv": [0, 0, 16, 16], "rotation": 90, "texture": "#6"},
				"up": {"uv": [0, 0, 16, 16], "texture": "#6"},
				"down": {"uv": [0, 0, 16, 16], "rotation": 180, "texture": "#6"}
			}
		},
		{
			"from": [7.1, 2.5, -2.6],
			"to": [8.9, 3.5, -0.6],
			"faces": {
				"north": {"uv": [6, 0, 9.6, 4], "texture": "#6"},
				"east": {"uv": [0, 0, 5, 16], "rotation": 90, "texture": "#6"},
				"south": {"uv": [6, 0, 9.6, 4], "texture": "#6"},
				"west": {"uv": [0, 0, 16, 16], "rotation": 90, "texture": "#6"},
				"up": {"uv": [0, 0, 16, 16], "texture": "#6"},
				"down": {"uv": [0, 0, 16, 16], "rotation": 180, "texture": "#6"}
			}
		},
		{
			"from": [7.5, 2.5, -5.1],
			"to": [8.5, 3.5, -2.6],
			"faces": {
				"north": {"uv": [6, 0, 9.6, 4], "texture": "#6"},
				"east": {"uv": [0, 0, 5, 16], "rotation": 90, "texture": "#6"},
				"south": {"uv": [6, 0, 9.6, 4], "texture": "#6"},
				"west": {"uv": [0, 0, 16, 16], "rotation": 90, "texture": "#6"},
				"up": {"uv": [0, 0, 16, 16], "texture": "#6"},
				"down": {"uv": [0, 0, 16, 16], "rotation": 180, "texture": "#6"}
			}
		},
		{
			"from": [7.5, 2.9, -8.6],
			"to": [8.5, 3.5, -5.1],
			"faces": {
				"north": {"uv": [6, 0, 9.6, 4], "texture": "#6"},
				"east": {"uv": [0, 0, 5, 16], "rotation": 90, "texture": "#6"},
				"south": {"uv": [6, 0, 9.6, 4], "texture": "#6"},
				"west": {"uv": [0, 0, 16, 16], "rotation": 90, "texture": "#6"},
				"up": {"uv": [0, 0, 16, 16], "texture": "#6"},
				"down": {"uv": [0, 0, 16, 16], "rotation": 180, "texture": "#6"}
			}
		},
		{
			"from": [7.5, 2.7, -8.6],
			"to": [7.7, 2.9, -5.1],
			"faces": {
				"north": {"uv": [6, 0, 9.6, 4], "texture": "#6"},
				"east": {"uv": [0, 0, 5, 16], "rotation": 90, "texture": "#6"},
				"south": {"uv": [6, 0, 9.6, 4], "texture": "#6"},
				"west": {"uv": [0, 0, 16, 16], "rotation": 90, "texture": "#6"},
				"up": {"uv": [0, 0, 16, 16], "texture": "#6"},
				"down": {"uv": [0, 0, 16, 16], "rotation": 180, "texture": "#6"}
			}
		},
		{
			"from": [8.3, 2.7, -8.6],
			"to": [8.5, 2.9, -5.1],
			"faces": {
				"north": {"uv": [6, 0, 9.6, 4], "texture": "#6"},
				"east": {"uv": [0, 0, 5, 16], "rotation": 90, "texture": "#6"},
				"south": {"uv": [6, 0, 9.6, 4], "texture": "#6"},
				"west": {"uv": [0, 0, 16, 16], "rotation": 90, "texture": "#6"},
				"up": {"uv": [0, 0, 16, 16], "texture": "#6"},
				"down": {"uv": [0, 0, 16, 16], "rotation": 180, "texture": "#6"}
			}
		},
		{
			"from": [8.3, 1.1, -8.6],
			"to": [8.5, 1.3, -5.1],
			"faces": {
				"north": {"uv": [6, 0, 9.6, 4], "texture": "#6"},
				"east": {"uv": [0, 0, 5, 16], "rotation": 90, "texture": "#6"},
				"south": {"uv": [6, 0, 9.6, 4], "texture": "#6"},
				"west": {"uv": [0, 0, 16, 16], "rotation": 90, "texture": "#6"},
				"up": {"uv": [0, 0, 16, 16], "texture": "#6"},
				"down": {"uv": [0, 0, 16, 16], "rotation": 180, "texture": "#6"}
			}
		}
	],
	"display": {
		"thirdperson_righthand": {
			"translation": [0, 4.25, 0.75],
			"scale": [1.01, 1.01, 1.01]
		},
		"thirdperson_lefthand": {
			"translation": [0, 4, 0]
		},
		"firstperson_righthand": {
			"translation": [7, 6, 2.75]
		},
		"firstperson_lefthand": {
			"translation": [7.25, 5.25, 1.75]
		},
		"ground": {
			"translation": [0, 6.5, -2]
		},
		"gui": {
			"rotation": [18, -140, 0],
			"translation": [2.25, 6.75, 0],
			"scale": [1.5, 1.5, 1.5]
		},
		"head": {
			"translation": [0, 14.5, 0]
		},
		"fixed": {
			"rotation": [0, -92, 0],
			"translation": [4, 12, -4.25],
			"scale": [2, 2, 2]
		}
	},
	"groups": [
		{
			"name": "south_base",
			"origin": [0, 0, 0],
			"color": 0,
			"children": [0, 1, 2, 3, 4, 5, 6, 7]
		},
		{
			"name": "center base",
			"origin": [0, 0, 0],
			"color": 0,
			"children": [
				8,
				9,
				10,
				{
					"name": "cores",
					"origin": [1.7, 0, 0],
					"color": 0,
					"children": [
						{
							"name": "core east 1",
							"origin": [0, 0, 0],
							"color": 0,
							"children": [11, 12, 13, 14, 15, 16, 17, 18]
						},
						{
							"name": "core east 2",
							"origin": [1.7, 0, 0],
							"color": 0,
							"children": [19, 20, 21, 22, 23, 24, 25, 26, 27, 28]
						},
						{
							"name": "core east 3",
							"origin": [1.7, 0, 0],
							"color": 0,
							"children": [29, 30, 31, 32, 33, 34, 35, 36, 37, 38]
						},
						{
							"name": "core west 1",
							"origin": [0, 0, 0],
							"color": 0,
							"children": [39, 40, 41, 42, 43, 44, 45, 46]
						},
						{
							"name": "core west 2",
							"origin": [-0.3, 0, 0],
							"color": 0,
							"children": [47, 48, 49, 50, 51, 52, 53, 54, 55, 56, 57]
						},
						{
							"name": "core west 3",
							"origin": [-0.3, 0, 0],
							"color": 0,
							"children": [58, 59, 60, 61, 62, 63, 64, 65, 66, 67, 68]
						}
					]
				}
			]
		},
		{
			"name": "copper teeth",
			"origin": [0, 0, 0],
			"color": 0,
			"children": [
				69,
				70,
				{
					"name": "west top",
					"origin": [0, 0, 0],
					"color": 0,
					"children": [71, 72, 73, 74, 75, 76, 77, 78, 79, 80, 81, 82, 83, 84, 85]
				},
				{
					"name": "west bottom",
					"origin": [0, 0, 0],
					"color": 0,
					"children": [86, 87, 88, 89, 90, 91, 92, 93, 94, 95, 96, 97, 98, 99, 100]
				},
				{
					"name": "east top",
					"origin": [0, 0, 0],
					"color": 0,
					"children": [101, 102, 103, 104, 105, 106, 107, 108, 109, 110, 111, 112, 113, 114, 115]
				},
				{
					"name": "east bottom",
					"origin": [0, 0, 0],
					"color": 0,
					"children": [116, 117, 118, 119, 120, 121, 122, 123, 124, 125, 126, 127, 128, 129, 130]
				},
				131,
				132,
				133,
				134
			]
		},
		{
			"name": "north_base",
			"origin": [0, 0, 0],
			"color": 0,
			"children": [
				{
					"name": "frames",
					"origin": [0, 0, 0],
					"color": 0,
					"children": [135, 136, 137, 138, 139, 140, 141, 142, 143, 144, 145, 146, 147, 148, 149, 150, 151, 152, 153, 154, 155, 156, 157, 158, 159, 160, 161, 162, 163]
				},
				164,
				165,
				166,
				167,
				168,
				169,
				170,
				171,
				172,
				173,
				174,
				175,
				176,
				177
			]
		}
	]
}
