{
	"textures": {
		"0": "block/iron_block",
		"4": "block/black_shulker_box",
		"6": "block/iron_block",
		"7": "block/black_wool",
		"12": "block/copper_block",
		"particle": "block/iron_block"
	},
	"elements": [
		{
			"from": [6, 0.2, 7],
			"to": [10, 4, 10],
			"faces": {
				"north": {"uv": [0, 0, 16, 16], "texture": "#6"},
				"east": {"uv": [0, 0, 4, 3.8], "texture": "#6"},
				"south": {"uv": [0, 0, 16, 16], "texture": "#6"},
				"west": {"uv": [0, 0, 4, 3.8], "texture": "#6"},
				"up": {"uv": [0, 0, 4, 3.8], "texture": "#6"},
				"down": {"uv": [0, 0, 16, 16], "texture": "#6"}
			}
		},
		{
			"from": [8.1, 4, 6.9],
			"to": [10, 5, 14],
			"faces": {
				"north": {"uv": [7, 13, 9, 15], "texture": "#6"},
				"east": {"uv": [7, 13, 9, 15], "texture": "#6"},
				"south": {"uv": [7, 13, 9, 15], "texture": "#6"},
				"west": {"uv": [7, 13, 9, 15], "texture": "#6"},
				"up": {"uv": [0, 0, 16, 16], "texture": "#6"},
				"down": {"uv": [7, 13, 9, 15], "texture": "#6"}
			}
		},
		{
			"from": [6, 4, 6.9],
			"to": [7.9, 5, 14],
			"faces": {
				"north": {"uv": [6, 13, 8, 15], "texture": "#6"},
				"east": {"uv": [6, 13, 8, 15], "texture": "#6"},
				"south": {"uv": [6, 13, 8, 15], "texture": "#6"},
				"west": {"uv": [6, 13, 8, 15], "texture": "#6"},
				"up": {"uv": [0, 0, 16, 16], "texture": "#6"},
				"down": {"uv": [6, 13, 8, 15], "texture": "#6"}
			}
		},
		{
			"from": [6, 3.9, 7.2],
			"to": [10, 4.1, 13.7],
			"faces": {
				"north": {"uv": [1, 0, 2, 1], "texture": "#6"},
				"east": {"uv": [1, 0, 2, 1], "texture": "#6"},
				"south": {"uv": [1, 0, 2, 1], "texture": "#6"},
				"west": {"uv": [1, 0, 2, 1], "texture": "#6"},
				"up": {"uv": [1, 0, 2, 1], "texture": "#6"},
				"down": {"uv": [0, 0, 16, 16], "texture": "#6"}
			}
		},
		{
			"from": [5, 0, 6.9],
			"to": [6, 4, 14],
			"faces": {
				"north": {"uv": [10, 12, 16, 16], "texture": "#6"},
				"east": {"uv": [0, 12, 16, 16], "texture": "#6"},
				"south": {"uv": [10, 12, 16, 16], "texture": "#6"},
				"west": {"uv": [0, 0, 16, 16], "rotation": 90, "texture": "#6"},
				"up": {"uv": [10, 12, 16, 16], "texture": "#6"},
				"down": {"uv": [0, 0, 16, 16], "texture": "#6"}
			}
		},
		{
			"from": [10, 0, 6.9],
			"to": [11, 4, 14],
			"faces": {
				"north": {"uv": [10, 12, 16, 16], "texture": "#6"},
				"east": {"uv": [0, 0, 16, 16], "rotation": 90, "texture": "#6"},
				"south": {"uv": [10, 12, 16, 16], "texture": "#6"},
				"west": {"uv": [0, 12, 16, 16], "texture": "#6"},
				"up": {"uv": [10, 12, 16, 15], "texture": "#6"},
				"down": {"uv": [0, 0, 16, 16], "texture": "#6"}
			}
		},
		{
			"from": [0.7, 6.3, 6.8],
			"to": [1.7, 7.8, 14.1],
			"rotation": {"angle": -45, "axis": "z", "origin": [0, 0, 0]},
			"faces": {
				"north": {"uv": [1, 3.2, 2, 4.7], "texture": "#6"},
				"east": {"uv": [4, 6.2, 11.3, 7.7], "texture": "#6"},
				"south": {"uv": [5, 6, 6, 7.5], "texture": "#6"},
				"west": {"uv": [0, 0, 15.7, 16], "rotation": 90, "texture": "#6"},
				"up": {"uv": [1, 4.2, 2, 11.5], "texture": "#6"},
				"down": {"uv": [3, 5.2, 4, 12.5], "texture": "#6"}
			}
		},
		{
			"from": [3.5, 9.6, 6.8],
			"to": [5, 10.6, 14.1],
			"rotation": {"angle": -45, "axis": "z", "origin": [0, 0, 0]},
			"faces": {
				"north": {"uv": [9, 12, 14.7, 13.5], "rotation": 90, "texture": "#6"},
				"east": {"uv": [9, 12, 14.7, 13.5], "rotation": 90, "texture": "#6"},
				"south": {"uv": [9, 12, 14.7, 13.5], "rotation": 90, "texture": "#6"},
				"west": {"uv": [9, 12, 14.7, 13.5], "rotation": 90, "texture": "#6"},
				"up": {"uv": [0, 0, 16, 16], "rotation": 180, "texture": "#6"},
				"down": {"uv": [9, 12, 14.7, 13.5], "rotation": 90, "texture": "#6"}
			}
		},
		{
			"from": [7.5, 0.5, 10],
			"to": [8.5, 1, 12],
			"faces": {
				"north": {"uv": [12, 1, 13, 3], "texture": "#7"},
				"east": {"uv": [0, 0, 6, 16], "rotation": 90, "texture": "#7"},
				"south": {"uv": [0, 0, 16, 16], "texture": "#7"},
				"west": {"uv": [0, 0, 16, 0], "texture": "#7"},
				"up": {"uv": [12, 1, 13, 3], "texture": "#7"},
				"down": {"uv": [12, 1, 13, 3], "texture": "#7"}
			}
		},
		{
			"from": [7.5, 0.5, 12],
			"to": [8.5, 3.5, 12.5],
			"faces": {
				"north": {"uv": [12, 0, 13, 3], "texture": "#7"},
				"east": {"uv": [0, 0, 16, 16], "rotation": 180, "texture": "#7"},
				"south": {"uv": [0, 0, 16, 16], "texture": "#7"},
				"west": {"uv": [0, 0, 16, 16], "rotation": 180, "texture": "#7"},
				"up": {"uv": [12, 0, 13, 3], "texture": "#7"},
				"down": {"uv": [12, 0, 13, 3], "texture": "#7"}
			}
		},
		{
			"from": [7.5, 3, 10],
			"to": [8.5, 3.5, 12],
			"faces": {
				"north": {"uv": [12, 1, 13, 2], "texture": "#7"},
				"east": {"uv": [0, 0, 6, 16], "rotation": 90, "texture": "#7"},
				"south": {"uv": [0, 0, 16, 16], "texture": "#7"},
				"west": {"uv": [0, 6, 16, 0], "texture": "#7"},
				"up": {"uv": [12, 1, 13, 2], "texture": "#7"},
				"down": {"uv": [12, 1, 13, 2], "texture": "#7"}
			}
		},
		{
			"from": [6.5, 0.25, 4.35],
			"to": [9.5, 0.5, 5.6],
			"faces": {
				"north": {"uv": [0, 0, 3, 0.25], "texture": "#6"},
				"east": {"uv": [0, 0, 1.25, 0.25], "texture": "#6"},
				"south": {"uv": [0, 0, 3, 0.25], "texture": "#6"},
				"west": {"uv": [0, 0, 1.25, 0.25], "texture": "#6"},
				"up": {"uv": [0, 0, 3, 1.25], "texture": "#6"},
				"down": {"uv": [0, 0, 3, 1.25], "texture": "#6"}
			}
		},
		{
			"from": [5.5, 0, 0.1],
			"to": [10.5, 4, 1.1],
			"faces": {
				"north": {"uv": [1, 1, 15, 15], "texture": "#4"},
				"east": {"uv": [0, 0, 4, 16], "texture": "#4"},
				"south": {"uv": [1, 1, 15, 15], "texture": "#4"},
				"west": {"uv": [0, 0, 4, 16], "texture": "#4"},
				"up": {"uv": [0, 0, 16, 4], "texture": "#4"},
				"down": {"uv": [0, 0, 5, 1], "texture": "#4"}
			}
		},
		{
			"from": [6, 0.5, 1.1],
			"to": [10, 3.5, 6.1],
			"faces": {
				"north": {"uv": [0, 0, 16, 6], "texture": "#0"},
				"east": {"uv": [0, 0, 16, 6], "texture": "#0"},
				"south": {"uv": [0, 0, 16, 6], "texture": "#0"},
				"west": {"uv": [0, 8, 16, 16], "texture": "#0"},
				"up": {"uv": [0, 0, 16, 9], "rotation": 90, "texture": "#0"},
				"down": {"uv": [0, 0, 7, 16], "texture": "#0"}
			}
		},
		{
			"from": [5.5, -0.1, 6.1],
			"to": [10.5, 3.9, 7.1],
			"faces": {
				"north": {"uv": [1, 1, 15, 15], "texture": "#4"},
				"east": {"uv": [0, 0, 4, 16], "texture": "#4"},
				"south": {"uv": [1, 1, 15, 15], "texture": "#4"},
				"west": {"uv": [0, 0, 4, 16], "texture": "#4"},
				"up": {"uv": [0, 0, 16, 4], "texture": "#4"},
				"down": {"uv": [0, 0, 16, 4], "texture": "#4"}
			}
		},
		{
			"from": [5.5, 0, 1.1],
			"to": [10.5, 2, 2.1],
			"faces": {
				"north": {"uv": [0, 0, 5, 2], "texture": "#4"},
				"east": {"uv": [0, 0, 4, 4], "texture": "#4"},
				"south": {"uv": [0, 0, 5, 2], "texture": "#4"},
				"west": {"uv": [0, 0, 5, 8], "texture": "#4"},
				"up": {"uv": [0, 0, 5, 1], "texture": "#4"},
				"down": {"uv": [0, 0, 5, 1], "texture": "#4"}
			}
		},
		{
			"from": [5.5, 0, 2.1],
			"to": [10.5, 1, 3.1],
			"faces": {
				"north": {"uv": [0, 0, 5, 1], "texture": "#4"},
				"east": {"uv": [0, 0, 4, 3], "texture": "#4"},
				"south": {"uv": [0, 0, 5, 1], "texture": "#4"},
				"west": {"uv": [0, 0, 3, 3], "texture": "#4"},
				"up": {"uv": [0, 0, 5, 1], "texture": "#4"},
				"down": {"uv": [0, 0, 5, 1], "texture": "#4"}
			}
		},
		{
			"from": [7.25, 1.25, -5.1],
			"to": [8.75, 2.75, -1.85],
			"faces": {
				"north": {"uv": [0, 0, 1, 1], "texture": "#0"},
				"east": {"uv": [0, 0, 16, 4], "texture": "#0"},
				"south": {"uv": [0, 0, 1, 1], "texture": "#0"},
				"west": {"uv": [0, 0, 16, 4], "texture": "#0"},
				"up": {"uv": [0, 0, 16, 4], "rotation": 90, "texture": "#0"},
				"down": {"uv": [0, 0, 1, 3.25], "texture": "#0"}
			}
		},
		{
			"from": [7.5, 1.5, -5.6],
			"to": [8.5, 2.5, -2.85],
			"faces": {
				"north": {"uv": [9, 5, 12, 8], "texture": "#0"},
				"east": {"uv": [0, 0, 16, 4], "texture": "#0"},
				"south": {"uv": [0, 0, 1, 1], "texture": "#0"},
				"west": {"uv": [0, 0, 16, 4], "texture": "#0"},
				"up": {"uv": [0, 0, 16, 4], "rotation": 90, "texture": "#0"},
				"down": {"uv": [0, 0, 1, 3.25], "texture": "#0"}
			}
		},
		{
			"from": [7.3, 2.25, -6.1],
			"to": [7.5, 2.55, -5.05],
			"faces": {
				"north": {"uv": [0, 0, 1, 1], "texture": "#12"},
				"east": {"uv": [0, 0, 16, 4], "texture": "#12"},
				"south": {"uv": [0, 0, 1, 1], "texture": "#12"},
				"west": {"uv": [0, 0, 16, 4], "texture": "#12"},
				"up": {"uv": [0, 0, 16, 4], "rotation": 90, "texture": "#12"},
				"down": {"uv": [0, 0, 1, 3.25], "texture": "#12"}
			}
		},
		{
			"from": [7.3, 1.4, -6.1],
			"to": [7.5, 1.7, -5.05],
			"faces": {
				"north": {"uv": [0, 0, 1, 1], "texture": "#12"},
				"east": {"uv": [0, 0, 16, 4], "texture": "#12"},
				"south": {"uv": [0, 0, 1, 1], "texture": "#12"},
				"west": {"uv": [0, 0, 16, 4], "texture": "#12"},
				"up": {"uv": [0, 0, 16, 4], "rotation": 90, "texture": "#12"},
				"down": {"uv": [0, 0, 1, 3.25], "texture": "#12"}
			}
		},
		{
			"from": [8.5, 2.25, -6.1],
			"to": [8.7, 2.55, -5.05],
			"faces": {
				"north": {"uv": [0, 0, 1, 1], "texture": "#12"},
				"east": {"uv": [0, 0, 16, 4], "texture": "#12"},
				"south": {"uv": [0, 0, 1, 1], "texture": "#12"},
				"west": {"uv": [0, 0, 16, 4], "texture": "#12"},
				"up": {"uv": [0, 0, 16, 4], "rotation": 90, "texture": "#12"},
				"down": {"uv": [0, 0, 1, 3.25], "texture": "#12"}
			}
		},
		{
			"from": [8.5, 1.4, -6.1],
			"to": [8.7, 1.7, -5.05],
			"faces": {
				"north": {"uv": [0, 0, 1, 1], "texture": "#12"},
				"east": {"uv": [0, 0, 16, 4], "texture": "#12"},
				"south": {"uv": [0, 0, 1, 1], "texture": "#12"},
				"west": {"uv": [0, 0, 16, 4], "texture": "#12"},
				"up": {"uv": [0, 0, 16, 4], "rotation": 90, "texture": "#12"},
				"down": {"uv": [0, 0, 1, 3.25], "texture": "#12"}
			}
		},
		{
			"from": [7.5, -1.25, 2.35],
			"to": [8.5, 0, 2.85],
			"faces": {
				"north": {"uv": [0, 0, 1, 1.25], "texture": "#6"},
				"east": {"uv": [0, 0, 0.5, 1.25], "texture": "#6"},
				"south": {"uv": [0, 0, 1, 1.25], "texture": "#6"},
				"west": {"uv": [0, 0, 0.5, 1.25], "texture": "#6"},
				"up": {"uv": [0, 0, 1, 0.5], "texture": "#6"},
				"down": {"uv": [0, 0, 1, 0.5], "texture": "#6"}
			}
		},
		{
			"from": [7, -1.5, 1.85],
			"to": [9, 0, 2.35],
			"faces": {
				"north": {"uv": [0, 0, 2, 1.5], "texture": "#4"},
				"east": {"uv": [0, 0, 0.5, 1.5], "texture": "#4"},
				"south": {"uv": [0, 0, 2, 1.5], "texture": "#4"},
				"west": {"uv": [0, 0, 0.5, 1.5], "texture": "#4"},
				"up": {"uv": [0, 0, 2, 0.5], "texture": "#4"},
				"down": {"uv": [0, 0, 2, 0.5], "texture": "#4"}
			}
		},
		{
			"from": [7.5, -1.25, 0.85],
			"to": [8.5, 0, 1.85],
			"faces": {
				"north": {"uv": [0, 0, 1, 1.25], "texture": "#6"},
				"east": {"uv": [0, 0, 1, 1.25], "texture": "#6"},
				"south": {"uv": [0, 0, 1, 1.25], "texture": "#6"},
				"west": {"uv": [0, 0, 1, 1.25], "texture": "#6"},
				"up": {"uv": [0, 0, 1, 1], "texture": "#6"},
				"down": {"uv": [0, 0, 1, 1], "texture": "#6"}
			}
		},
		{
			"from": [7, -1.5, 0.35],
			"to": [9, 0, 0.85],
			"faces": {
				"north": {"uv": [0, 0, 2, 1.5], "texture": "#4"},
				"east": {"uv": [0, 0, 0.5, 1.5], "texture": "#4"},
				"south": {"uv": [0, 0, 2, 1.5], "texture": "#4"},
				"west": {"uv": [0, 0, 0.5, 1.5], "texture": "#4"},
				"up": {"uv": [0, 0, 2, 0.5], "texture": "#4"},
				"down": {"uv": [0, 0, 2, 0.5], "texture": "#4"}
			}
		},
		{
			"from": [7.5, -1.25, -0.65],
			"to": [8.5, 0, 0.35],
			"faces": {
				"north": {"uv": [0, 0, 1, 1.25], "texture": "#6"},
				"east": {"uv": [0, 0, 1, 1.25], "texture": "#6"},
				"south": {"uv": [0, 0, 1, 1.25], "texture": "#6"},
				"west": {"uv": [0, 0, 1, 1.25], "texture": "#6"},
				"up": {"uv": [0, 0, 1, 1], "texture": "#6"},
				"down": {"uv": [0, 0, 1, 1], "texture": "#6"}
			}
		},
		{
			"from": [7.75, -1, -1.9],
			"to": [8.25, -0.25, -0.65],
			"faces": {
				"north": {"uv": [0, 0, 0.5, 0.75], "texture": "#12"},
				"east": {"uv": [0, 0, 1.25, 0.75], "texture": "#12"},
				"south": {"uv": [0, 0, 0.5, 0.75], "texture": "#12"},
				"west": {"uv": [0, 0, 12.25, 3.75], "texture": "#12"},
				"up": {"uv": [0, 0, 4.5, 16], "texture": "#12"},
				"down": {"uv": [0, 0, 3.5, 4.25], "texture": "#12"}
			}
		},
		{
			"from": [7.5, -1.25, -2.9],
			"to": [8.5, 0, -1.9],
			"faces": {
				"north": {"uv": [0, 0, 1, 1.25], "texture": "#6"},
				"east": {"uv": [0, 0, 1, 1.25], "texture": "#6"},
				"south": {"uv": [0, 0, 1, 1.25], "texture": "#6"},
				"west": {"uv": [0, 0, 1, 1.25], "texture": "#6"},
				"up": {"uv": [0, 0, 1, 1], "texture": "#6"},
				"down": {"uv": [0, 0, 1, 1], "texture": "#6"}
			}
		},
		{
			"from": [7.75, -1, -9.15],
			"to": [8.25, -0.25, -2.9],
			"faces": {
				"north": {"uv": [0, 0, 3.5, 3.75], "texture": "#12"},
				"east": {"uv": [0, 0, 16, 3.75], "texture": "#12"},
				"south": {"uv": [0, 0, 0.5, 0.75], "texture": "#12"},
				"west": {"uv": [0, 0, 16, 3.75], "texture": "#12"},
				"up": {"uv": [0, 0, 4.5, 16], "texture": "#12"},
				"down": {"uv": [0, 0, 3.5, 9.25], "texture": "#12"}
			}
		},
		{
			"from": [7.75, -0.25, -9.15],
			"to": [8.25, 0.25, -8.4],
			"faces": {
				"north": {"uv": [0, 0, 3.5, 3.5], "texture": "#12"},
				"east": {"uv": [0, 0, 0.75, 0.5], "texture": "#12"},
				"south": {"uv": [0, 0, 0.5, 0.5], "texture": "#12"},
				"west": {"uv": [0, 0, 11.75, 3.5], "texture": "#12"},
				"up": {"uv": [0, 0, 4.5, 15.75], "texture": "#12"},
				"down": {"uv": [0, 0, 3.5, 3.75], "texture": "#12"}
			}
		},
		{
			"from": [7.5, 0.25, -9.15],
			"to": [8.5, 1, -8.15],
			"faces": {
				"north": {"uv": [0, 0, 1, 0.75], "texture": "#0"},
				"east": {"uv": [0, 0, 1, 0.75], "texture": "#0"},
				"south": {"uv": [0, 0, 1, 0.75], "texture": "#0"},
				"west": {"uv": [0, 0, 1, 0.75], "texture": "#0"},
				"up": {"uv": [0, 0, 1, 1], "texture": "#0"},
				"down": {"uv": [0, 0, 1, 1], "texture": "#0"}
			}
		},
		{
			"from": [7.75, 0.25, -9.05],
			"to": [8.25, 0.8, -8.3],
			"faces": {
				"north": {"uv": [0, 0, 0.5, 0.55], "texture": "#6"},
				"east": {"uv": [0, 0, 0.75, 0.55], "texture": "#6"},
				"south": {"uv": [0, 0, 0.5, 0.55], "texture": "#6"},
				"west": {"uv": [0, 0, 0.75, 0.55], "texture": "#6"},
				"up": {"uv": [0, 0, 0.5, 0.75], "texture": "#6"},
				"down": {"uv": [0, 0, 0.5, 0.75], "texture": "#6"}
			}
		},
		{
			"from": [7, 1, -4.65],
			"to": [9, 3, 0.15],
			"faces": {
				"north": {"uv": [0, 0, 2, 2], "texture": "#12"},
				"east": {"uv": [0, 10, 16, 16], "texture": "#12"},
				"south": {"uv": [0, 0, 2, 2], "texture": "#12"},
				"west": {"uv": [0, 0, 16, 6], "texture": "#12"},
				"up": {"uv": [0, 11, 16, 16], "rotation": 90, "texture": "#12"},
				"down": {"uv": [0, 0, 16, 8], "rotation": 90, "texture": "#12"}
			}
		},
		{
			"from": [7.5, 3.75, 2.35],
			"to": [8.5, 5, 2.85],
			"faces": {
				"north": {"uv": [0, 0, 1, 1.25], "texture": "#6"},
				"east": {"uv": [0, 0, 0.5, 1.25], "texture": "#6"},
				"south": {"uv": [0, 0, 1, 1.25], "texture": "#6"},
				"west": {"uv": [0, 0, 0.5, 1.25], "texture": "#6"},
				"up": {"uv": [0, 0, 1, 0.5], "texture": "#6"},
				"down": {"uv": [0, 0, 1, 0.5], "texture": "#6"}
			}
		},
		{
			"from": [7, 3.5, 1.85],
			"to": [9, 5, 2.35],
			"faces": {
				"north": {"uv": [0, 0, 2, 1.5], "texture": "#4"},
				"east": {"uv": [0, 0, 0.5, 1.5], "texture": "#4"},
				"south": {"uv": [0, 0, 2, 1.5], "texture": "#4"},
				"west": {"uv": [0, 0, 0.5, 1.5], "texture": "#4"},
				"up": {"uv": [0, 0, 2, 0.5], "texture": "#4"},
				"down": {"uv": [0, 0, 2, 0.5], "texture": "#4"}
			}
		},
		{
			"from": [7.5, 3.75, 0.85],
			"to": [8.5, 5, 1.85],
			"faces": {
				"north": {"uv": [0, 0, 1, 1.25], "texture": "#6"},
				"east": {"uv": [0, 0, 1, 1.25], "texture": "#6"},
				"south": {"uv": [0, 0, 1, 1.25], "texture": "#6"},
				"west": {"uv": [0, 0, 1, 1.25], "texture": "#6"},
				"up": {"uv": [0, 0, 1, 1], "texture": "#6"},
				"down": {"uv": [0, 0, 1, 1], "texture": "#6"}
			}
		},
		{
			"from": [7, 3.5, 0.35],
			"to": [9, 5, 0.85],
			"faces": {
				"north": {"uv": [0, 0, 2, 1.5], "texture": "#4"},
				"east": {"uv": [0, 0, 0.5, 1.5], "texture": "#4"},
				"south": {"uv": [0, 0, 2, 1.5], "texture": "#4"},
				"west": {"uv": [0, 0, 0.5, 1.5], "texture": "#4"},
				"up": {"uv": [0, 0, 2, 0.5], "texture": "#4"},
				"down": {"uv": [0, 0, 2, 0.5], "texture": "#4"}
			}
		},
		{
			"from": [6.8, 0.8, -3.65],
			"to": [9.2, 3.2, -3.15],
			"faces": {
				"north": {"uv": [0, 0, 2, 1.5], "texture": "#0"},
				"east": {"uv": [0, 0, 0.5, 1.5], "texture": "#0"},
				"south": {"uv": [0, 0, 2, 1.5], "texture": "#0"},
				"west": {"uv": [0, 0, 0.5, 1.5], "texture": "#0"},
				"up": {"uv": [0, 0, 2, 0.5], "texture": "#0"},
				"down": {"uv": [0, 0, 2, 0.5], "texture": "#0"}
			}
		},
		{
			"from": [6.8, 0.8, -2.65],
			"to": [9.2, 3.2, -2.15],
			"faces": {
				"north": {"uv": [0, 0, 2, 1.5], "texture": "#0"},
				"east": {"uv": [0, 0, 0.5, 1.5], "texture": "#0"},
				"south": {"uv": [0, 0, 2, 1.5], "texture": "#0"},
				"west": {"uv": [0, 0, 0.5, 1.5], "texture": "#0"},
				"up": {"uv": [0, 0, 2, 0.5], "texture": "#0"},
				"down": {"uv": [0, 0, 2, 0.5], "texture": "#0"}
			}
		},
		{
			"from": [6.8, 0.8, -1.65],
			"to": [9.2, 3.2, -1.15],
			"faces": {
				"north": {"uv": [0, 0, 2, 1.5], "texture": "#0"},
				"east": {"uv": [0, 0, 0.5, 1.5], "texture": "#0"},
				"south": {"uv": [0, 0, 2, 1.5], "texture": "#0"},
				"west": {"uv": [0, 0, 0.5, 1.5], "texture": "#0"},
				"up": {"uv": [0, 0, 2, 0.5], "texture": "#0"},
				"down": {"uv": [0, 0, 2, 0.5], "texture": "#0"}
			}
		},
		{
			"from": [6.8, 0.8, -0.65],
			"to": [9.2, 3.2, -0.15],
			"faces": {
				"north": {"uv": [0, 0, 2, 1.5], "texture": "#0"},
				"east": {"uv": [0, 0, 0.5, 1.5], "texture": "#0"},
				"south": {"uv": [0, 0, 2, 1.5], "texture": "#0"},
				"west": {"uv": [0, 0, 0.5, 1.5], "texture": "#0"},
				"up": {"uv": [0, 0, 2, 0.5], "texture": "#0"},
				"down": {"uv": [0, 0, 2, 0.5], "texture": "#0"}
			}
		},
		{
			"from": [7.5, 3.75, -0.65],
			"to": [8.5, 5, 0.35],
			"faces": {
				"north": {"uv": [0, 0, 1, 1.25], "texture": "#6"},
				"east": {"uv": [0, 0, 1, 1.25], "texture": "#6"},
				"south": {"uv": [0, 0, 1, 1.25], "texture": "#6"},
				"west": {"uv": [0, 0, 1, 1.25], "texture": "#6"},
				"up": {"uv": [0, 0, 1, 1], "texture": "#6"},
				"down": {"uv": [0, 0, 1, 1], "texture": "#6"}
			}
		},
		{
			"from": [7.75, 4, -1.9],
			"to": [8.25, 4.75, -0.65],
			"faces": {
				"north": {"uv": [0, 0, 0.5, 0.75], "texture": "#12"},
				"east": {"uv": [0, 0, 1.25, 0.75], "texture": "#12"},
				"south": {"uv": [0, 0, 0.5, 0.75], "texture": "#12"},
				"west": {"uv": [0, 0, 12.25, 3.75], "texture": "#12"},
				"up": {"uv": [0, 0, 4.5, 16], "texture": "#12"},
				"down": {"uv": [0, 0, 3.5, 4.25], "texture": "#12"}
			}
		},
		{
			"from": [7.5, 3.75, -2.9],
			"to": [8.5, 5, -1.9],
			"faces": {
				"north": {"uv": [0, 0, 1, 1.25], "texture": "#6"},
				"east": {"uv": [0, 0, 1, 1.25], "texture": "#6"},
				"south": {"uv": [0, 0, 1, 1.25], "texture": "#6"},
				"west": {"uv": [0, 0, 1, 1.25], "texture": "#6"},
				"up": {"uv": [0, 0, 1, 1], "texture": "#6"},
				"down": {"uv": [0, 0, 1, 1], "texture": "#6"}
			}
		},
		{
			"from": [7.75, 4, -9.15],
			"to": [8.25, 4.75, -2.9],
			"faces": {
				"north": {"uv": [11, 0, 15.5, 4.75], "texture": "#12"},
				"east": {"uv": [0, 0, 16, 4.75], "texture": "#12"},
				"south": {"uv": [0, 0, 0.5, 0.75], "texture": "#12"},
				"west": {"uv": [0, 0, 16, 3.75], "texture": "#12"},
				"up": {"uv": [0, 0, 4.5, 16], "texture": "#12"},
				"down": {"uv": [0, 0, 3.5, 9.25], "texture": "#12"}
			}
		},
		{
			"from": [7.75, 3.5, -9.15],
			"to": [8.25, 4, -8.4],
			"faces": {
				"north": {"uv": [0, 0, 3.5, 3.5], "texture": "#12"},
				"east": {"uv": [0, 0, 0.75, 0.5], "texture": "#12"},
				"south": {"uv": [0, 0, 0.5, 0.5], "texture": "#12"},
				"west": {"uv": [0, 0, 11.75, 3.5], "texture": "#12"},
				"up": {"uv": [0, 0, 4.5, 15.75], "texture": "#12"},
				"down": {"uv": [0, 0, 3.5, 3.75], "texture": "#12"}
			}
		},
		{
			"from": [7.5, 2.75, -9.15],
			"to": [8.5, 3.5, -8.15],
			"faces": {
				"north": {"uv": [0, 0, 1, 0.75], "texture": "#0"},
				"east": {"uv": [0, 0, 1, 0.75], "texture": "#0"},
				"south": {"uv": [0, 0, 1, 0.75], "texture": "#0"},
				"west": {"uv": [0, 0, 1, 0.75], "texture": "#0"},
				"up": {"uv": [0, 0, 1, 1], "texture": "#0"},
				"down": {"uv": [0, 0, 1, 1], "texture": "#0"}
			}
		}
	],
	"display": {
		"thirdperson_righthand": {
			"translation": [0, 4.25, 0.75],
			"scale": [1.01, 1.01, 1.01]
		},
		"thirdperson_lefthand": {
			"translation": [0, 4, 0]
		},
		"firstperson_righthand": {
			"translation": [7, 6, 2.75]
		},
		"firstperson_lefthand": {
			"translation": [7.25, 5.25, 1.75]
		},
		"ground": {
			"translation": [0, 6.5, 0]
		},
		"gui": {
			"rotation": [18, -140, 0],
			"translation": [-2.25, 5, 0],
			"scale": [0.85, 0.85, 0.85]
		},
		"head": {
			"translation": [0, 14.5, 0]
		},
		"fixed": {
			"rotation": [0, -92, 0],
			"translation": [-3.25, 6.75, -4.25]
		}
	},
	"groups": [
		{
			"name": "south_base",
			"origin": [0, 0, 0],
			"color": 0,
			"children": [
				0,
				1,
				2,
				3,
				4,
				5,
				6,
				7,
				{
					"name": "handle",
					"origin": [0, 0, 0],
					"color": 0,
					"children": [8, 9, 10]
				}
			]
		},
		{
			"name": "center base",
			"origin": [0, 0, 0],
			"color": 0,
			"children": [
				{
					"name": "frames",
					"origin": [0, 0, 0],
					"color": 0,
					"children": [11]
				},
				{
					"name": "fuel block",
					"origin": [0, 0, 0],
					"color": 0,
					"children": [
						{
							"name": "glass",
							"origin": [0, 0, 0],
							"color": 0,
							"children": []
						}
					]
				},
				12,
				13,
				14,
				15,
				16,
				17,
				18,
				19,
				20,
				21,
				22
			]
		},
		{
			"name": "bottom pipe",
			"origin": [0, 0, 0],
			"color": 0,
			"children": [23, 24, 25, 26, 27, 28, 29, 30, 31, 32]
		},
		33,
		{
			"name": "north pipe",
			"origin": [0, 0, 0],
			"color": 0,
			"children": [34]
		},
		{
			"name": "bottom pipe",
			"origin": [0, 0, 0],
			"color": 0,
			"children": [35, 36, 37, 38, 39, 40, 41, 42, 43, 44, 45, 46, 47, 48]
		}
	]
}
