{
	"textures": {
		"1": "block/white_stained_glass",
		"4": "block/black_shulker_box",
		"5": "block/magma",
		"6": "block/iron_block",
		"7": "block/black_wool",
		"particle": "block/iron_block"
	},
	"elements": [
		{
			"from": [6.65, 1.4, -3],
			"to": [6.9, 2.6, -2.75],
			"faces": {
				"north": {"uv": [0, 0, 0.25, 1.2], "texture": "#4"},
				"east": {"uv": [0, 0, 0.25, 1.2], "texture": "#4"},
				"south": {"uv": [0, 0, 0.25, 1.2], "texture": "#4"},
				"west": {"uv": [0, 0, 0.25, 1.2], "texture": "#4"},
				"up": {"uv": [0, 0, 0.25, 0.25], "texture": "#4"},
				"down": {"uv": [0, 0, 0.25, 0.25], "texture": "#4"}
			}
		},
		{
			"from": [6.65, 2.6, -3],
			"to": [9.3, 2.9, -2.75],
			"faces": {
				"north": {"uv": [0, 0, 2.65, 0.3], "texture": "#4"},
				"east": {"uv": [0, 0, 0.25, 0.3], "texture": "#4"},
				"south": {"uv": [0, 0, 2.65, 0.3], "texture": "#4"},
				"west": {"uv": [0, 0, 0.25, 0.3], "texture": "#4"},
				"up": {"uv": [0, 0, 2.65, 0.25], "texture": "#4"},
				"down": {"uv": [0, 0, 2.65, 0.25], "texture": "#4"}
			}
		},
		{
			"from": [9.05, 1.4, -3],
			"to": [9.3, 2.6, -2.75],
			"faces": {
				"north": {"uv": [0, 0, 0.25, 1.2], "texture": "#4"},
				"east": {"uv": [0, 0, 0.25, 1.2], "texture": "#4"},
				"south": {"uv": [0, 0, 0.25, 1.2], "texture": "#4"},
				"west": {"uv": [0, 0, 0.25, 1.2], "texture": "#4"},
				"up": {"uv": [0, 0, 0.25, 0.25], "texture": "#4"},
				"down": {"uv": [0, 0, 0.25, 0.25], "texture": "#4"}
			}
		},
		{
			"from": [6.65, 1.1, -3],
			"to": [9.3, 1.4, -2.75],
			"faces": {
				"north": {"uv": [0, 0, 2.65, 0.3], "texture": "#4"},
				"east": {"uv": [0, 0, 0.25, 0.3], "texture": "#4"},
				"south": {"uv": [0, 0, 2.65, 0.3], "texture": "#4"},
				"west": {"uv": [0, 0, 0.25, 0.3], "texture": "#4"},
				"up": {"uv": [0, 0, 2.65, 0.25], "texture": "#4"},
				"down": {"uv": [0, 0, 2.65, 0.25], "texture": "#4"}
			}
		},
		{
			"from": [6.9, 1.4, -2.9],
			"to": [9.05, 2.6, -2.65],
			"faces": {
				"north": {"uv": [1, 1, 11.15, 7.2], "texture": "#5"},
				"east": {"uv": [0, 0, 0.25, 1.2], "texture": "#4"},
				"south": {"uv": [0, 0, 2.15, 1.2], "texture": "#4"},
				"west": {"uv": [0, 0, 0.25, 1.2], "texture": "#4"},
				"up": {"uv": [0, 0, 2.15, 0.25], "texture": "#4"},
				"down": {"uv": [0, 0, 2.15, 0.25], "texture": "#4"}
			}
		},
		{
			"from": [6, 1.5, -2.4],
			"to": [10, 2.5, -1.75],
			"faces": {
				"north": {"uv": [0, 0, 4, 1], "texture": "#4"},
				"east": {"uv": [0, 0, 0.75, 1], "texture": "#4"},
				"south": {"uv": [0, 0, 4, 1], "texture": "#missing"},
				"west": {"uv": [1, 0, 3.75, 3], "texture": "#4"},
				"up": {"uv": [0, 0, 4, 0.75], "texture": "#missing"},
				"down": {"uv": [0, 0, 4, 0.75], "texture": "#missing"}
			}
		},
		{
			"from": [6, 0.5, -2.4],
			"to": [10, 1.5, 7],
			"faces": {
				"north": {"uv": [0, 0, 16, 5], "texture": "#4"},
				"east": {"uv": [0, 11, 16, 16], "texture": "#4"},
				"south": {"uv": [0, 0, 4, 1], "texture": "#missing"},
				"west": {"uv": [11, 0, 16, 16], "rotation": 90, "texture": "#4"},
				"up": {"uv": [0, 0, 4, 10], "texture": "#missing"},
				"down": {"uv": [0, 0, 4, 10], "texture": "#4"}
			}
		},
		{
			"from": [6, 2.5, -2.4],
			"to": [10, 3.5, 7],
			"faces": {
				"north": {"uv": [0, 0, 4, 1], "texture": "#4"},
				"east": {"uv": [0, 0, 5, 16], "rotation": 90, "texture": "#4"},
				"south": {"uv": [0, 0, 4, 1], "texture": "#missing"},
				"west": {"uv": [0, 0, 5, 16], "rotation": 90, "texture": "#4"},
				"up": {"uv": [0, 0, 16, 16], "texture": "#4"},
				"down": {"uv": [0, 0, 4, 10], "texture": "#missing"}
			}
		},
		{
			"from": [6, 1.5, 6.25],
			"to": [10, 2.5, 7],
			"faces": {
				"north": {"uv": [0, 0, 4, 1], "texture": "#missing"},
				"east": {"uv": [0, 0, 0.75, 1], "texture": "#4"},
				"south": {"uv": [0, 0, 4, 1], "texture": "#missing"},
				"west": {"uv": [1, 1, 6, 4.75], "texture": "#4"},
				"up": {"uv": [0, 0, 4, 0.75], "texture": "#missing"},
				"down": {"uv": [0, 0, 4, 0.75], "texture": "#missing"}
			}
		},
		{
			"from": [6, 1.5, 5],
			"to": [10, 2.5, 5.75],
			"faces": {
				"north": {"uv": [0, 0, 4, 1], "texture": "#missing"},
				"east": {"uv": [0, 0, 0.75, 1], "texture": "#4"},
				"south": {"uv": [0, 0, 4, 1], "texture": "#missing"},
				"west": {"uv": [1, 0, 3.75, 3], "texture": "#4"},
				"up": {"uv": [0, 0, 4, 0.75], "texture": "#missing"},
				"down": {"uv": [0, 0, 4, 0.75], "texture": "#missing"}
			}
		},
		{
			"from": [6, 1.5, 3.5],
			"to": [10, 2.5, 4.25],
			"faces": {
				"north": {"uv": [0, 0, 4, 1], "texture": "#missing"},
				"east": {"uv": [0, 0, 0.75, 1], "texture": "#4"},
				"south": {"uv": [0, 0, 4, 1], "texture": "#missing"},
				"west": {"uv": [1, 0, 3.75, 3], "texture": "#4"},
				"up": {"uv": [0, 0, 4, 0.75], "texture": "#missing"},
				"down": {"uv": [0, 0, 4, 0.75], "texture": "#missing"}
			}
		},
		{
			"from": [7, 3, 0],
			"to": [9, 4, 7],
			"faces": {
				"north": {"uv": [0, 0, 2, 1], "texture": "#missing"},
				"east": {"uv": [0, 0, 7, 1], "texture": "#missing"},
				"south": {"uv": [0, 0, 2, 1], "texture": "#missing"},
				"west": {"uv": [0, 0, 7, 1], "texture": "#missing"},
				"up": {"uv": [1, 1, 6, 15], "texture": "#1"},
				"down": {"uv": [0, 0, 2, 7], "texture": "#missing"}
			}
		},
		{
			"from": [7.2, 2.55, 0],
			"to": [8.8, 3.85, 7],
			"faces": {
				"north": {"uv": [8, 4, 10, 5], "texture": "#5"},
				"east": {"uv": [8, 4, 16, 8], "texture": "#5"},
				"south": {"uv": [8, 7, 10, 8], "texture": "#5"},
				"west": {"uv": [8, 12, 16, 16], "texture": "#5"},
				"up": {"uv": [0, 8, 16, 12], "rotation": 90, "texture": "#5"},
				"down": {"uv": [8, 0, 16, 4], "rotation": 90, "texture": "#5"}
			}
		},
		{
			"from": [6, 1.5, 2],
			"to": [10, 2.5, 2.75],
			"faces": {
				"north": {"uv": [0, 0, 4, 1], "texture": "#missing"},
				"east": {"uv": [0, 0, 0.75, 1], "texture": "#4"},
				"south": {"uv": [0, 0, 4, 1], "texture": "#missing"},
				"west": {"uv": [1, 0, 3.75, 3], "texture": "#4"},
				"up": {"uv": [0, 0, 4, 0.75], "texture": "#missing"},
				"down": {"uv": [0, 0, 4, 0.75], "texture": "#missing"}
			}
		},
		{
			"from": [6, 1.5, 0.5],
			"to": [10, 2.5, 1.25],
			"faces": {
				"north": {"uv": [0, 0, 4, 1], "texture": "#missing"},
				"east": {"uv": [0, 0, 0.75, 1], "texture": "#4"},
				"south": {"uv": [0, 0, 4, 1], "texture": "#missing"},
				"west": {"uv": [1, 0, 3.75, 3], "texture": "#4"},
				"up": {"uv": [0, 0, 4, 0.75], "texture": "#missing"},
				"down": {"uv": [0, 0, 4, 0.75], "texture": "#missing"}
			}
		},
		{
			"from": [6, 1.5, -1],
			"to": [10, 2.5, -0.25],
			"faces": {
				"north": {"uv": [0, 0, 4, 1], "texture": "#missing"},
				"east": {"uv": [0, 0, 0.75, 1], "texture": "#4"},
				"south": {"uv": [0, 0, 4, 1], "texture": "#missing"},
				"west": {"uv": [1, 0, 3.75, 3], "texture": "#4"},
				"up": {"uv": [0, 0, 4, 0.75], "texture": "#missing"},
				"down": {"uv": [0, 0, 4, 0.75], "texture": "#missing"}
			}
		},
		{
			"from": [1.95, 6.55, -0.2],
			"to": [2.95, 8.05, 7.1],
			"rotation": {"angle": -45, "axis": "z", "origin": [0, 0, 0]},
			"faces": {
				"north": {"uv": [1, 3.2, 2, 4.7], "texture": "#6"},
				"east": {"uv": [4, 6.2, 11.3, 7.7], "texture": "#6"},
				"south": {"uv": [5, 6, 6, 7.5], "texture": "#6"},
				"west": {"uv": [0, 0, 15.7, 16], "rotation": 90, "texture": "#6"},
				"up": {"uv": [1, 4.2, 2, 11.5], "texture": "#6"},
				"down": {"uv": [3, 5.2, 4, 12.5], "texture": "#6"}
			}
		},
		{
			"from": [3.25, 8.35, -0.2],
			"to": [4.75, 9.35, 7.1],
			"rotation": {"angle": -45, "axis": "z", "origin": [0, 0, 0]},
			"faces": {
				"north": {"uv": [9, 12, 14.7, 13.5], "rotation": 90, "texture": "#6"},
				"east": {"uv": [9, 12, 14.7, 13.5], "rotation": 90, "texture": "#6"},
				"south": {"uv": [9, 12, 14.7, 13.5], "rotation": 90, "texture": "#6"},
				"west": {"uv": [9, 12, 14.7, 13.5], "rotation": 90, "texture": "#6"},
				"up": {"uv": [0, 0, 16, 16], "rotation": 180, "texture": "#6"},
				"down": {"uv": [9, 12, 14.7, 13.5], "rotation": 90, "texture": "#6"}
			}
		},
		{
			"from": [6, 2.75, 4.05],
			"to": [7.25, 3.75, 5.3],
			"rotation": {"angle": 45, "axis": "y", "origin": [0, 0, 0]},
			"faces": {
				"north": {"uv": [0, 0, 5, 5], "texture": "#6"},
				"east": {"uv": [11, 0, 16, 5], "texture": "#6"},
				"south": {"uv": [5, 5, 10, 10], "texture": "#6"},
				"west": {"uv": [5, 5, 10, 10], "texture": "#6"},
				"up": {"uv": [11, 0, 16, 5], "texture": "#6"},
				"down": {"uv": [12, 4, 16, 8], "texture": "#5"}
			}
		},
		{
			"from": [5, 3.1, 5.05],
			"to": [6.25, 4.1, 6.3],
			"rotation": {"angle": 45, "axis": "y", "origin": [0, 0, 0]},
			"faces": {
				"north": {"uv": [0, 0, 5, 5], "texture": "#6"},
				"east": {"uv": [11, 0, 16, 5], "texture": "#6"},
				"south": {"uv": [5, 5, 10, 10], "texture": "#6"},
				"west": {"uv": [5, 5, 10, 10], "texture": "#6"},
				"up": {"uv": [11, 0, 16, 5], "texture": "#6"},
				"down": {"uv": [12, 4, 16, 8], "texture": "#5"}
			}
		},
		{
			"from": [5.5, 3, 4.55],
			"to": [6.75, 4, 5.8],
			"rotation": {"angle": 45, "axis": "y", "origin": [0, 0, 0]},
			"faces": {
				"north": {"uv": [0, 0, 5, 5], "texture": "#6"},
				"east": {"uv": [11, 0, 16, 5], "texture": "#6"},
				"south": {"uv": [5, 5, 10, 10], "texture": "#6"},
				"west": {"uv": [5, 5, 10, 10], "texture": "#6"},
				"up": {"uv": [11, 0, 16, 5], "texture": "#6"},
				"down": {"uv": [12, 4, 16, 8], "texture": "#5"}
			}
		},
		{
			"from": [6.75, 0.3, 0.5],
			"to": [9.25, 1.1, 7],
			"faces": {
				"north": {"uv": [0, 0, 16, 16], "texture": "#6"},
				"east": {"uv": [0, 0, 4, 3.8], "texture": "#6"},
				"south": {"uv": [0, 0, 16, 16], "texture": "#6"},
				"west": {"uv": [0, 0, 4, 3.8], "texture": "#6"},
				"up": {"uv": [0, 0, 4, 3.8], "texture": "#6"},
				"down": {"uv": [0, 0, 16, 16], "texture": "#6"}
			}
		},
		{
			"from": [10.05, 1.45, -1.8],
			"to": [10.35, 2.55, -0.95],
			"faces": {
				"north": {"uv": [4, 5, 4.3, 6.1], "texture": "#1"},
				"east": {"uv": [4, 5, 4.85, 6.1], "texture": "#1"},
				"south": {"uv": [4, 5, 4.3, 6.1], "texture": "#1"},
				"west": {"uv": [4, 5, 4.85, 6.1], "texture": "#1"},
				"up": {"uv": [4, 5, 4.3, 5.85], "texture": "#1"},
				"down": {"uv": [4, 5, 4.3, 5.85], "texture": "#1"}
			}
		},
		{
			"from": [10.05, 1.45, 1.2],
			"to": [10.35, 2.55, 2.05],
			"faces": {
				"north": {"uv": [4, 5, 4.3, 6.1], "texture": "#1"},
				"east": {"uv": [4, 5, 4.85, 6.1], "texture": "#1"},
				"south": {"uv": [4, 5, 4.3, 6.1], "texture": "#1"},
				"west": {"uv": [4, 5, 4.85, 6.1], "texture": "#1"},
				"up": {"uv": [4, 5, 4.3, 5.85], "texture": "#1"},
				"down": {"uv": [4, 5, 4.3, 5.85], "texture": "#1"}
			}
		},
		{
			"from": [10.05, 1.45, -0.3],
			"to": [10.35, 2.55, 0.55],
			"faces": {
				"north": {"uv": [4, 5, 4.3, 6.1], "texture": "#1"},
				"east": {"uv": [4, 5, 4.85, 6.1], "texture": "#1"},
				"south": {"uv": [4, 5, 4.3, 6.1], "texture": "#1"},
				"west": {"uv": [4, 5, 4.85, 6.1], "texture": "#1"},
				"up": {"uv": [4, 5, 4.3, 5.85], "texture": "#1"},
				"down": {"uv": [4, 5, 4.3, 5.85], "texture": "#1"}
			}
		},
		{
			"from": [10.05, 1.45, 2.7],
			"to": [10.35, 2.55, 3.55],
			"faces": {
				"north": {"uv": [4, 5, 4.3, 6.1], "texture": "#1"},
				"east": {"uv": [4, 5, 4.85, 6.1], "texture": "#1"},
				"south": {"uv": [4, 5, 4.3, 6.1], "texture": "#1"},
				"west": {"uv": [4, 5, 4.85, 6.1], "texture": "#1"},
				"up": {"uv": [4, 5, 4.3, 5.85], "texture": "#1"},
				"down": {"uv": [4, 5, 4.3, 5.85], "texture": "#1"}
			}
		},
		{
			"from": [10.05, 1.45, 4.2],
			"to": [10.35, 2.55, 5.05],
			"faces": {
				"north": {"uv": [4, 5, 4.3, 6.1], "texture": "#1"},
				"east": {"uv": [4, 5, 4.85, 6.1], "texture": "#1"},
				"south": {"uv": [4, 5, 4.3, 6.1], "texture": "#1"},
				"west": {"uv": [4, 5, 4.85, 6.1], "texture": "#1"},
				"up": {"uv": [4, 5, 4.3, 5.85], "texture": "#1"},
				"down": {"uv": [4, 5, 4.3, 5.85], "texture": "#1"}
			}
		},
		{
			"from": [10.05, 1.45, 5.7],
			"to": [10.35, 2.55, 6.55],
			"faces": {
				"north": {"uv": [4, 5, 4.3, 6.1], "texture": "#1"},
				"east": {"uv": [4, 5, 4.85, 6.1], "texture": "#1"},
				"south": {"uv": [4, 5, 4.3, 6.1], "texture": "#1"},
				"west": {"uv": [4, 5, 4.85, 6.1], "texture": "#1"},
				"up": {"uv": [4, 5, 4.3, 5.85], "texture": "#1"},
				"down": {"uv": [4, 5, 4.3, 5.85], "texture": "#1"}
			}
		},
		{
			"from": [11.15, 1.45, 10.95],
			"to": [11.45, 2.55, 12.55],
			"faces": {
				"north": {"uv": [4, 5, 4.3, 6.1], "texture": "#1"},
				"east": {"uv": [4, 5, 4.85, 6.1], "texture": "#1"},
				"south": {"uv": [4, 5, 4.3, 6.1], "texture": "#1"},
				"west": {"uv": [4, 5, 4.85, 6.1], "texture": "#1"},
				"up": {"uv": [4, 5, 4.3, 5.85], "texture": "#1"},
				"down": {"uv": [4, 5, 4.3, 5.85], "texture": "#1"}
			}
		},
		{
			"from": [11.15, 1.45, 8.35],
			"to": [11.45, 2.55, 9.95],
			"faces": {
				"north": {"uv": [4, 5, 4.3, 6.1], "texture": "#1"},
				"east": {"uv": [4, 5, 4.85, 6.1], "texture": "#1"},
				"south": {"uv": [4, 5, 4.3, 6.1], "texture": "#1"},
				"west": {"uv": [4, 5, 4.85, 6.1], "texture": "#1"},
				"up": {"uv": [4, 5, 4.3, 5.85], "texture": "#1"},
				"down": {"uv": [4, 5, 4.3, 5.85], "texture": "#1"}
			}
		},
		{
			"from": [5.7, 1.45, -1.8],
			"to": [6, 2.55, -0.95],
			"faces": {
				"north": {"uv": [4, 5, 4.3, 6.1], "texture": "#1"},
				"east": {"uv": [4, 5, 4.85, 6.1], "texture": "#1"},
				"south": {"uv": [4, 5, 4.3, 6.1], "texture": "#1"},
				"west": {"uv": [4, 5, 4.85, 6.1], "texture": "#1"},
				"up": {"uv": [4, 5, 4.3, 5.85], "texture": "#1"},
				"down": {"uv": [4, 5, 4.3, 5.85], "texture": "#1"}
			}
		},
		{
			"from": [5.7, 1.45, -0.3],
			"to": [6, 2.55, 0.55],
			"faces": {
				"north": {"uv": [4, 5, 4.3, 6.1], "texture": "#1"},
				"east": {"uv": [4, 5, 4.85, 6.1], "texture": "#1"},
				"south": {"uv": [4, 5, 4.3, 6.1], "texture": "#1"},
				"west": {"uv": [4, 5, 4.85, 6.1], "texture": "#1"},
				"up": {"uv": [4, 5, 4.3, 5.85], "texture": "#1"},
				"down": {"uv": [4, 5, 4.3, 5.85], "texture": "#1"}
			}
		},
		{
			"from": [5.7, 1.45, 1.2],
			"to": [6, 2.55, 2.05],
			"faces": {
				"north": {"uv": [4, 5, 4.3, 6.1], "texture": "#1"},
				"east": {"uv": [4, 5, 4.85, 6.1], "texture": "#1"},
				"south": {"uv": [4, 5, 4.3, 6.1], "texture": "#1"},
				"west": {"uv": [4, 5, 4.85, 6.1], "texture": "#1"},
				"up": {"uv": [4, 5, 4.3, 5.85], "texture": "#1"},
				"down": {"uv": [4, 5, 4.3, 5.85], "texture": "#1"}
			}
		},
		{
			"from": [5.7, 1.45, 2.7],
			"to": [6, 2.55, 3.55],
			"faces": {
				"north": {"uv": [4, 5, 4.3, 6.1], "texture": "#1"},
				"east": {"uv": [4, 5, 4.85, 6.1], "texture": "#1"},
				"south": {"uv": [4, 5, 4.3, 6.1], "texture": "#1"},
				"west": {"uv": [4, 5, 4.85, 6.1], "texture": "#1"},
				"up": {"uv": [4, 5, 4.3, 5.85], "texture": "#1"},
				"down": {"uv": [4, 5, 4.3, 5.85], "texture": "#1"}
			}
		},
		{
			"from": [5.7, 1.45, 4.2],
			"to": [6, 2.55, 5.05],
			"faces": {
				"north": {"uv": [4, 5, 4.3, 6.1], "texture": "#1"},
				"east": {"uv": [4, 5, 4.85, 6.1], "texture": "#1"},
				"south": {"uv": [4, 5, 4.3, 6.1], "texture": "#1"},
				"west": {"uv": [4, 5, 4.85, 6.1], "texture": "#1"},
				"up": {"uv": [4, 5, 4.3, 5.85], "texture": "#1"},
				"down": {"uv": [4, 5, 4.3, 5.85], "texture": "#1"}
			}
		},
		{
			"from": [5.7, 1.45, 5.7],
			"to": [6, 2.55, 6.55],
			"faces": {
				"north": {"uv": [4, 5, 4.3, 6.1], "texture": "#1"},
				"east": {"uv": [4, 5, 4.85, 6.1], "texture": "#1"},
				"south": {"uv": [4, 5, 4.3, 6.1], "texture": "#1"},
				"west": {"uv": [4, 5, 4.85, 6.1], "texture": "#1"},
				"up": {"uv": [4, 5, 4.3, 5.85], "texture": "#1"},
				"down": {"uv": [4, 5, 4.3, 5.85], "texture": "#1"}
			}
		},
		{
			"from": [4.45, 1.45, 8.35],
			"to": [4.75, 2.55, 9.95],
			"faces": {
				"north": {"uv": [4, 5, 4.3, 6.1], "texture": "#1"},
				"east": {"uv": [4, 5, 4.85, 6.1], "texture": "#1"},
				"south": {"uv": [4, 5, 4.3, 6.1], "texture": "#1"},
				"west": {"uv": [4, 5, 4.85, 6.1], "texture": "#1"},
				"up": {"uv": [4, 5, 4.3, 5.85], "texture": "#1"},
				"down": {"uv": [4, 5, 4.3, 5.85], "texture": "#1"}
			}
		},
		{
			"from": [4.45, 1.45, 10.95],
			"to": [4.75, 2.55, 12.55],
			"faces": {
				"north": {"uv": [4, 5, 4.3, 6.1], "texture": "#1"},
				"east": {"uv": [4, 5, 4.85, 6.1], "texture": "#1"},
				"south": {"uv": [4, 5, 4.3, 6.1], "texture": "#1"},
				"west": {"uv": [4, 5, 4.85, 6.1], "texture": "#1"},
				"up": {"uv": [4, 5, 4.3, 5.85], "texture": "#1"},
				"down": {"uv": [4, 5, 4.3, 5.85], "texture": "#1"}
			}
		},
		{
			"from": [5.75, 1.5, -1.75],
			"to": [10.25, 2.5, -1],
			"faces": {
				"north": {"uv": [5, 1, 10.5, 3], "texture": "#5"},
				"east": {"uv": [0, 2, 5, 7], "texture": "#5"},
				"south": {"uv": [5, 1, 10.5, 3], "texture": "#5"},
				"west": {"uv": [0, 2, 5, 7], "texture": "#5"},
				"up": {"uv": [5, 1, 10.5, 3], "texture": "#5"},
				"down": {"uv": [5, 1, 10.5, 3], "texture": "#5"}
			}
		},
		{
			"from": [5.75, 1.5, -0.25],
			"to": [10.25, 2.5, 0.5],
			"faces": {
				"north": {"uv": [5, 1, 10.5, 3], "texture": "#5"},
				"east": {"uv": [2, 2, 7, 7], "texture": "#5"},
				"south": {"uv": [5, 1, 10.5, 3], "texture": "#5"},
				"west": {"uv": [2, 2, 7, 7], "texture": "#5"},
				"up": {"uv": [5, 1, 10.5, 3], "texture": "#5"},
				"down": {"uv": [5, 1, 10.5, 3], "texture": "#5"}
			}
		},
		{
			"from": [5.75, 1.5, 1.25],
			"to": [10.25, 2.5, 2],
			"faces": {
				"north": {"uv": [5, 1, 10.5, 3], "texture": "#5"},
				"east": {"uv": [4, 2, 9, 7], "texture": "#5"},
				"south": {"uv": [5, 1, 10.5, 3], "texture": "#5"},
				"west": {"uv": [4, 2, 9, 7], "texture": "#5"},
				"up": {"uv": [5, 1, 10.5, 3], "texture": "#5"},
				"down": {"uv": [5, 1, 10.5, 3], "texture": "#5"}
			}
		},
		{
			"from": [5.75, 1.5, 2.75],
			"to": [10.25, 2.5, 3.5],
			"faces": {
				"north": {"uv": [5, 1, 10.5, 3], "texture": "#5"},
				"east": {"uv": [6, 2, 11, 7], "texture": "#5"},
				"south": {"uv": [5, 1, 10.5, 3], "texture": "#5"},
				"west": {"uv": [6, 2, 11, 7], "texture": "#5"},
				"up": {"uv": [5, 1, 10.5, 3], "texture": "#5"},
				"down": {"uv": [5, 1, 10.5, 3], "texture": "#5"}
			}
		},
		{
			"from": [5.75, 1.5, 4.25],
			"to": [10.25, 2.5, 5],
			"faces": {
				"north": {"uv": [5, 1, 10.5, 3], "texture": "#5"},
				"east": {"uv": [8, 2, 13, 7], "texture": "#5"},
				"south": {"uv": [5, 1, 10.5, 3], "texture": "#5"},
				"west": {"uv": [8, 2, 13, 7], "texture": "#5"},
				"up": {"uv": [5, 1, 10.5, 3], "texture": "#5"},
				"down": {"uv": [5, 1, 10.5, 3], "texture": "#5"}
			}
		},
		{
			"from": [5.75, 1.5, 5.75],
			"to": [10.25, 2.5, 6.5],
			"faces": {
				"north": {"uv": [5, 1, 10.5, 3], "texture": "#5"},
				"east": {"uv": [10, 2, 15, 7], "texture": "#5"},
				"south": {"uv": [5, 1, 10.5, 3], "texture": "#5"},
				"west": {"uv": [10, 2, 15, 7], "texture": "#5"},
				"up": {"uv": [5, 1, 10.5, 3], "texture": "#5"},
				"down": {"uv": [5, 1, 10.5, 3], "texture": "#5"}
			}
		},
		{
			"from": [10.45, 1.5, 11],
			"to": [11.4, 2.5, 12.5],
			"faces": {
				"north": {"uv": [5, 1, 10.5, 3], "texture": "#5"},
				"east": {"uv": [0, 7, 8, 12], "texture": "#5"},
				"south": {"uv": [5, 1, 10.5, 3], "texture": "#5"},
				"west": {"uv": [0, 2, 8, 7], "texture": "#5"},
				"up": {"uv": [5, 1, 10.5, 3], "texture": "#5"},
				"down": {"uv": [5, 1, 10.5, 3], "texture": "#5"}
			}
		},
		{
			"from": [10.45, 1.5, 8.4],
			"to": [11.4, 2.5, 9.9],
			"faces": {
				"north": {"uv": [5, 1, 10.5, 3], "texture": "#5"},
				"east": {"uv": [0, 7, 8, 12], "texture": "#5"},
				"south": {"uv": [5, 1, 10.5, 3], "texture": "#5"},
				"west": {"uv": [0, 2, 8, 7], "texture": "#5"},
				"up": {"uv": [5, 1, 10.5, 3], "texture": "#5"},
				"down": {"uv": [5, 1, 10.5, 3], "texture": "#5"}
			}
		},
		{
			"from": [4.55, 1.5, 8.4],
			"to": [5.5, 2.5, 9.9],
			"faces": {
				"north": {"uv": [5, 1, 10.5, 3], "texture": "#5"},
				"east": {"uv": [0, 2, 8, 7], "texture": "#5"},
				"south": {"uv": [5, 1, 10.5, 3], "texture": "#5"},
				"west": {"uv": [0, 5, 8, 10], "texture": "#5"},
				"up": {"uv": [5, 1, 10.5, 3], "texture": "#5"},
				"down": {"uv": [5, 1, 10.5, 3], "texture": "#5"}
			}
		},
		{
			"from": [4.55, 1.5, 11],
			"to": [5.5, 2.5, 12.5],
			"faces": {
				"north": {"uv": [5, 1, 10.5, 3], "texture": "#5"},
				"east": {"uv": [0, 2, 8, 7], "texture": "#5"},
				"south": {"uv": [5, 1, 10.5, 3], "texture": "#5"},
				"west": {"uv": [0, 2, 8, 7], "texture": "#5"},
				"up": {"uv": [5, 1, 10.5, 3], "texture": "#5"},
				"down": {"uv": [5, 1, 10.5, 3], "texture": "#5"}
			}
		},
		{
			"from": [-3.5, 4.1, 13.8],
			"to": [-2.5, 5.1, 14.8],
			"rotation": {"angle": 45, "axis": "y", "origin": [0, 0, 0]},
			"faces": {
				"north": {"uv": [2, 10, 6, 14], "texture": "#5"},
				"east": {"uv": [12, 4, 16, 8], "texture": "#5"},
				"south": {"uv": [12, 4, 16, 8], "texture": "#5"},
				"west": {"uv": [12, 4, 16, 8], "texture": "#5"},
				"up": {"uv": [6, 6, 10, 10], "texture": "#5"},
				"down": {"uv": [12, 4, 16, 8], "texture": "#5"}
			}
		},
		{
			"from": [-1.5, 4.1, 11.8],
			"to": [-0.5, 5.1, 12.8],
			"rotation": {"angle": 45, "axis": "y", "origin": [0, 0, 0]},
			"faces": {
				"north": {"uv": [2, 10, 6, 14], "texture": "#5"},
				"east": {"uv": [12, 4, 16, 8], "texture": "#5"},
				"south": {"uv": [12, 4, 16, 8], "texture": "#5"},
				"west": {"uv": [12, 4, 16, 8], "texture": "#5"},
				"up": {"uv": [6, 6, 10, 10], "texture": "#5"},
				"down": {"uv": [12, 4, 16, 8], "texture": "#5"}
			}
		},
		{
			"from": [7.5, 0.5, 10],
			"to": [8.5, 1, 12],
			"faces": {
				"north": {"uv": [12, 1, 13, 3], "texture": "#7"},
				"east": {"uv": [0, 0, 6, 16], "rotation": 90, "texture": "#7"},
				"south": {"uv": [0, 0, 16, 16], "texture": "#7"},
				"west": {"uv": [0, 0, 16, 0], "texture": "#7"},
				"up": {"uv": [12, 1, 13, 3], "texture": "#7"},
				"down": {"uv": [12, 1, 13, 3], "texture": "#7"}
			}
		},
		{
			"from": [7.5, 0.5, 12],
			"to": [8.5, 3.5, 12.5],
			"faces": {
				"north": {"uv": [12, 0, 13, 3], "texture": "#7"},
				"east": {"uv": [0, 0, 16, 16], "rotation": 180, "texture": "#7"},
				"south": {"uv": [0, 0, 16, 16], "texture": "#7"},
				"west": {"uv": [0, 0, 16, 16], "rotation": 180, "texture": "#7"},
				"up": {"uv": [12, 0, 13, 3], "texture": "#7"},
				"down": {"uv": [12, 0, 13, 3], "texture": "#7"}
			}
		},
		{
			"from": [7.5, 3, 10],
			"to": [8.5, 3.5, 12],
			"faces": {
				"north": {"uv": [12, 1, 13, 2], "texture": "#7"},
				"east": {"uv": [0, 0, 6, 16], "rotation": 90, "texture": "#7"},
				"south": {"uv": [0, 0, 16, 16], "texture": "#7"},
				"west": {"uv": [0, 6, 16, 0], "texture": "#7"},
				"up": {"uv": [12, 1, 13, 2], "texture": "#7"},
				"down": {"uv": [12, 1, 13, 2], "texture": "#7"}
			}
		},
		{
			"from": [6, 0.2, 7],
			"to": [10, 4, 10],
			"faces": {
				"north": {"uv": [0, 0, 16, 16], "texture": "#6"},
				"east": {"uv": [0, 0, 4, 3.8], "texture": "#6"},
				"south": {"uv": [0, 0, 16, 16], "texture": "#6"},
				"west": {"uv": [0, 0, 4, 3.8], "texture": "#6"},
				"up": {"uv": [0, 0, 4, 3.8], "texture": "#6"},
				"down": {"uv": [0, 0, 16, 16], "texture": "#6"}
			}
		},
		{
			"from": [6.25, 0.7, -2.75],
			"to": [9.75, 3.25, 0],
			"faces": {
				"north": {"uv": [0, 0, 16, 16], "texture": "#6"},
				"east": {"uv": [0, 0, 4, 3.8], "texture": "#6"},
				"south": {"uv": [0, 0, 16, 16], "texture": "#6"},
				"west": {"uv": [0, 0, 4, 3.8], "texture": "#6"},
				"up": {"uv": [0, 0, 4, 3.8], "texture": "#6"},
				"down": {"uv": [0, 0, 16, 16], "texture": "#6"}
			}
		},
		{
			"from": [8.1, 4, 6.9],
			"to": [10, 5, 14],
			"faces": {
				"north": {"uv": [7, 13, 9, 15], "texture": "#6"},
				"east": {"uv": [7, 13, 9, 15], "texture": "#6"},
				"south": {"uv": [7, 13, 9, 15], "texture": "#6"},
				"west": {"uv": [7, 13, 9, 15], "texture": "#6"},
				"up": {"uv": [0, 0, 16, 16], "texture": "#6"},
				"down": {"uv": [7, 13, 9, 15], "texture": "#6"}
			}
		},
		{
			"from": [6, 4, 6.9],
			"to": [7.9, 5, 14],
			"faces": {
				"north": {"uv": [6, 13, 8, 15], "texture": "#6"},
				"east": {"uv": [6, 13, 8, 15], "texture": "#6"},
				"south": {"uv": [6, 13, 8, 15], "texture": "#6"},
				"west": {"uv": [6, 13, 8, 15], "texture": "#6"},
				"up": {"uv": [0, 0, 16, 16], "texture": "#6"},
				"down": {"uv": [6, 13, 8, 15], "texture": "#6"}
			}
		},
		{
			"from": [6, 3.9, 7.2],
			"to": [10, 4.1, 13.7],
			"faces": {
				"north": {"uv": [1, 0, 2, 1], "texture": "#6"},
				"east": {"uv": [1, 0, 2, 1], "texture": "#6"},
				"south": {"uv": [1, 0, 2, 1], "texture": "#6"},
				"west": {"uv": [1, 0, 2, 1], "texture": "#6"},
				"up": {"uv": [1, 0, 2, 1], "texture": "#6"},
				"down": {"uv": [0, 0, 16, 16], "texture": "#6"}
			}
		},
		{
			"from": [5, 0, 6.9],
			"to": [6, 4, 14],
			"faces": {
				"north": {"uv": [10, 12, 16, 16], "texture": "#6"},
				"east": {"uv": [0, 12, 16, 16], "texture": "#6"},
				"south": {"uv": [10, 12, 16, 16], "texture": "#6"},
				"west": {"uv": [0, 0, 16, 16], "rotation": 90, "texture": "#6"},
				"up": {"uv": [10, 12, 16, 16], "texture": "#6"},
				"down": {"uv": [0, 0, 16, 16], "texture": "#6"}
			}
		},
		{
			"from": [4.75, 1, 7.9],
			"to": [5.75, 3, 13],
			"faces": {
				"north": {"uv": [10, 12, 16, 16], "texture": "#4"},
				"east": {"uv": [0, 12, 16, 16], "texture": "#6"},
				"south": {"uv": [10, 12, 16, 16], "texture": "#4"},
				"west": {"uv": [0, 0, 16, 16], "rotation": 90, "texture": "#4"},
				"up": {"uv": [10, 12, 16, 16], "texture": "#4"},
				"down": {"uv": [0, 0, 16, 16], "texture": "#4"}
			}
		},
		{
			"from": [10.25, 1, 7.9],
			"to": [11.25, 3, 13],
			"faces": {
				"north": {"uv": [10, 12, 16, 16], "texture": "#4"},
				"east": {"uv": [0, 0, 16, 16], "texture": "#4"},
				"south": {"uv": [10, 12, 16, 16], "texture": "#4"},
				"west": {"uv": [0, 0, 16, 16], "rotation": 90, "texture": "#4"},
				"up": {"uv": [10, 12, 16, 16], "texture": "#4"},
				"down": {"uv": [0, 0, 16, 16], "texture": "#4"}
			}
		},
		{
			"from": [10, 0, 6.9],
			"to": [11, 4, 14],
			"faces": {
				"north": {"uv": [10, 12, 16, 16], "texture": "#6"},
				"east": {"uv": [0, 0, 16, 16], "rotation": 90, "texture": "#6"},
				"south": {"uv": [10, 12, 16, 16], "texture": "#6"},
				"west": {"uv": [0, 12, 16, 16], "texture": "#6"},
				"up": {"uv": [10, 12, 16, 15], "texture": "#6"},
				"down": {"uv": [0, 0, 16, 16], "texture": "#6"}
			}
		},
		{
			"from": [0.7, 6.3, 6.8],
			"to": [1.7, 7.8, 14.1],
			"rotation": {"angle": -45, "axis": "z", "origin": [0, 0, 0]},
			"faces": {
				"north": {"uv": [1, 3.2, 2, 4.7], "texture": "#6"},
				"east": {"uv": [4, 6.2, 11.3, 7.7], "texture": "#6"},
				"south": {"uv": [5, 6, 6, 7.5], "texture": "#6"},
				"west": {"uv": [0, 0, 15.7, 16], "rotation": 90, "texture": "#6"},
				"up": {"uv": [1, 4.2, 2, 11.5], "texture": "#6"},
				"down": {"uv": [3, 5.2, 4, 12.5], "texture": "#6"}
			}
		},
		{
			"from": [3.5, 9.6, 6.8],
			"to": [5, 10.6, 14.1],
			"rotation": {"angle": -45, "axis": "z", "origin": [0, 0, 0]},
			"faces": {
				"north": {"uv": [9, 12, 14.7, 13.5], "rotation": 90, "texture": "#6"},
				"east": {"uv": [9, 12, 14.7, 13.5], "rotation": 90, "texture": "#6"},
				"south": {"uv": [9, 12, 14.7, 13.5], "rotation": 90, "texture": "#6"},
				"west": {"uv": [9, 12, 14.7, 13.5], "rotation": 90, "texture": "#6"},
				"up": {"uv": [0, 0, 16, 16], "rotation": 180, "texture": "#6"},
				"down": {"uv": [9, 12, 14.7, 13.5], "rotation": 90, "texture": "#6"}
			}
		}
	],
	"display": {
		"thirdperson_righthand": {
			"translation": [0, 4.25, 0.75],
			"scale": [1.01, 1.01, 1.01]
		},
		"thirdperson_lefthand": {
			"translation": [0, 4, 0]
		},
		"firstperson_righthand": {
			"translation": [7, 6, 2.75]
		},
		"firstperson_lefthand": {
			"translation": [7.25, 5.25, 1.75]
		},
		"ground": {
			"translation": [0, 5, 0]
		},
		"gui": {
			"rotation": [18, -140, 1],
			"translation": [-0.5, 6, 0],
			"scale": [1.1, 1.3, 1.1]
		},
		"head": {
			"translation": [0, 14.5, 0]
		},
		"fixed": {
			"rotation": [0, -92, 0],
			"translation": [-3.25, 6.75, -4.25]
		}
	},
	"groups": [
		{
			"name": "north_base",
			"origin": [0, 0, 0],
			"color": 0,
			"children": [
				{
					"name": "front",
					"origin": [0, 0, 0],
					"color": 0,
					"children": [0, 1, 2, 3, 4]
				},
				{
					"name": "base",
					"origin": [0, 0, 0],
					"color": 0,
					"children": [
						5,
						6,
						7,
						8,
						9,
						10,
						{
							"name": "beam",
							"origin": [0, 0, 0],
							"color": 0,
							"children": [11, 12, 13, 14, 15, 16, 17]
						}
					]
				},
				18,
				19,
				20,
				21,
				{
					"name": "cores",
					"origin": [0, 0, 0],
					"color": 0,
					"children": [
						{
							"name": "east glass",
							"origin": [0, 0, 0],
							"color": 0,
							"children": [22, 23, 24, 25, 26, 27, 28, 29]
						},
						{
							"name": "west glass",
							"origin": [0, 0, 0],
							"color": 0,
							"children": [30, 31, 32, 33, 34, 35, 36, 37]
						},
						38,
						39,
						40,
						41,
						42,
						43,
						44,
						45,
						46,
						47
					]
				}
			]
		},
		{
			"name": "gems",
			"origin": [0, 0, 0],
			"color": 0,
			"children": [48, 49]
		},
		{
			"name": "handle",
			"origin": [0, 0, 0],
			"color": 0,
			"children": [50, 51, 52]
		},
		{
			"name": "south_base",
			"origin": [0, 0, 0],
			"color": 0,
			"children": [53, 54, 55, 56, 57, 58, 59, 60, 61, 62, 63]
		}
	]
}
