{
	"textures": {
		"1": "block/white_stained_glass",
		"4": "block/black_concrete",
		"5": "block/magma",
		"6": "block/iron_block",
		"7": "block/black_wool",
		"particle": "block/iron_block"
	},
	"elements": [
		{
			"from": [5.15, 1.5, -5.75],
			"to": [6.85, 2.5, -5.05],
			"rotation": {"angle": -45, "axis": "y", "origin": [0.25, 0, 5.5]},
			"faces": {
				"north": {"uv": [1, 2, 2, 3], "rotation": 90, "texture": "#4"},
				"east": {"uv": [1, 2, 2, 3], "rotation": 90, "texture": "#4"},
				"south": {"uv": [1, 2, 2, 3], "rotation": 90, "texture": "#4"},
				"west": {"uv": [1, 2, 2, 3], "rotation": 90, "texture": "#4"},
				"up": {"uv": [1, 2, 2, 3], "rotation": 90, "texture": "#4"},
				"down": {"uv": [1, 2, 2, 3], "rotation": 90, "texture": "#4"}
			}
		},
		{
			"from": [10.45, 1.6, -0.6],
			"to": [11.25, 2.4, 3.4],
			"rotation": {"angle": -22.5, "axis": "y", "origin": [0.25, 0, 5.5]},
			"faces": {
				"north": {"uv": [1, 0, 2, 1], "rotation": 90, "texture": "#6"},
				"east": {"uv": [1, 0, 2, 1], "rotation": 90, "texture": "#6"},
				"south": {"uv": [1, 0, 2, 1], "rotation": 90, "texture": "#6"},
				"west": {"uv": [1, 0, 2, 1], "rotation": 90, "texture": "#6"},
				"up": {"uv": [1, 0, 2, 1], "rotation": 90, "texture": "#6"},
				"down": {"uv": [1, 0, 2, 1], "rotation": 90, "texture": "#6"}
			}
		},
		{
			"from": [10.25, 1.5, 6.7],
			"to": [11.25, 2.5, 8.4],
			"rotation": {"angle": 0, "axis": "y", "origin": [0.25, 0, 5.5]},
			"faces": {
				"north": {"uv": [1, 0, 2, 1], "rotation": 90, "texture": "#4"},
				"east": {"uv": [1, 0, 2, 1], "rotation": 90, "texture": "#4"},
				"south": {"uv": [1, 0, 2, 1], "rotation": 90, "texture": "#4"},
				"west": {"uv": [1, 0, 2, 1], "rotation": 90, "texture": "#4"},
				"up": {"uv": [1, 0, 2, 1], "rotation": 90, "texture": "#4"},
				"down": {"uv": [1, 0, 2, 1], "rotation": 90, "texture": "#4"}
			}
		},
		{
			"from": [11.95, 1.6, 2.1],
			"to": [12.75, 2.4, 4.1],
			"rotation": {"angle": 0, "axis": "y", "origin": [0.25, 0, 5.5]},
			"faces": {
				"north": {"uv": [1, 0, 2, 1], "texture": "#6"},
				"east": {"uv": [1, 0, 2, 1], "texture": "#6"},
				"south": {"uv": [1, 0, 2, 1], "texture": "#6"},
				"west": {"uv": [1, 0, 2, 1], "texture": "#6"},
				"up": {"uv": [1, 0, 2, 1], "texture": "#6"},
				"down": {"uv": [1, 0, 2, 1], "texture": "#6"}
			}
		},
		{
			"from": [4.65, 1.5, 5.5],
			"to": [6.35, 2.5, 6.2],
			"rotation": {"angle": 45, "axis": "y", "origin": [-0.25, 0, 5.5]},
			"faces": {
				"north": {"uv": [1, 2, 2, 3], "rotation": 90, "texture": "#4"},
				"east": {"uv": [1, 2, 2, 3], "rotation": 90, "texture": "#4"},
				"south": {"uv": [1, 2, 2, 3], "rotation": 90, "texture": "#4"},
				"west": {"uv": [1, 2, 2, 3], "rotation": 90, "texture": "#4"},
				"up": {"uv": [1, 2, 2, 3], "rotation": 90, "texture": "#4"},
				"down": {"uv": [1, 2, 2, 3], "rotation": 90, "texture": "#4"}
			}
		},
		{
			"from": [3.25, 1.6, 2],
			"to": [4.05, 2.4, 4],
			"rotation": {"angle": 0, "axis": "y", "origin": [-0.25, 0, 5.5]},
			"faces": {
				"north": {"uv": [1, 0, 2, 1], "rotation": 270, "texture": "#6"},
				"east": {"uv": [1, 0, 2, 1], "rotation": 270, "texture": "#6"},
				"south": {"uv": [1, 0, 2, 1], "rotation": 270, "texture": "#6"},
				"west": {"uv": [1, 0, 2, 1], "rotation": 270, "texture": "#6"},
				"up": {"uv": [1, 0, 2, 1], "rotation": 270, "texture": "#6"},
				"down": {"uv": [1, 0, 2, 1], "rotation": 270, "texture": "#6"}
			}
		},
		{
			"from": [3.55, 1.6, 5.4],
			"to": [4.35, 2.4, 9.4],
			"rotation": {"angle": 22.5, "axis": "y", "origin": [-0.25, 0, 5.5]},
			"faces": {
				"north": {"uv": [1, 0, 2, 1], "texture": "#6"},
				"east": {"uv": [1, 0, 2, 1], "texture": "#6"},
				"south": {"uv": [1, 0, 2, 1], "texture": "#6"},
				"west": {"uv": [1, 0, 2, 1], "texture": "#6"},
				"up": {"uv": [1, 0, 2, 1], "texture": "#6"},
				"down": {"uv": [1, 0, 2, 1], "texture": "#6"}
			}
		},
		{
			"from": [4.75, 1.5, 6.7],
			"to": [5.75, 2.5, 8.4],
			"rotation": {"angle": 0, "axis": "y", "origin": [-0.25, 0, 5.5]},
			"faces": {
				"north": {"uv": [1, 0, 2, 1], "rotation": 270, "texture": "#4"},
				"east": {"uv": [1, 0, 2, 1], "rotation": 270, "texture": "#4"},
				"south": {"uv": [1, 0, 2, 1], "rotation": 270, "texture": "#4"},
				"west": {"uv": [1, 0, 2, 1], "rotation": 270, "texture": "#4"},
				"up": {"uv": [1, 0, 2, 1], "rotation": 270, "texture": "#4"},
				"down": {"uv": [1, 0, 2, 1], "rotation": 270, "texture": "#4"}
			}
		},
		{
			"from": [7.6, 1.25, -1.15],
			"to": [8.4, 2.65, -0.35],
			"rotation": {"angle": 45, "axis": "x", "origin": [0, 0.25, 5.5]},
			"faces": {
				"north": {"uv": [1, 2, 2, 3], "texture": "#4"},
				"east": {"uv": [1, 2, 2, 3], "texture": "#4"},
				"south": {"uv": [1, 2, 2, 3], "texture": "#4"},
				"west": {"uv": [1, 2, 2, 3], "texture": "#4"},
				"up": {"uv": [1, 2, 2, 3], "texture": "#4"},
				"down": {"uv": [1, 2, 2, 3], "texture": "#4"}
			}
		},
		{
			"from": [7.7, 5.75, 2.4],
			"to": [8.3, 6.55, 4.4],
			"rotation": {"angle": 0, "axis": "y", "origin": [0, 0.25, 5.5]},
			"faces": {
				"north": {"uv": [3, 3, 4, 4], "texture": "#6"},
				"east": {"uv": [3, 3, 4, 4], "texture": "#6"},
				"south": {"uv": [3, 3, 4, 4], "texture": "#6"},
				"west": {"uv": [3, 3, 4, 4], "texture": "#6"},
				"up": {"uv": [3, 3, 4, 4], "texture": "#6"},
				"down": {"uv": [3, 3, 4, 4], "texture": "#6"}
			}
		},
		{
			"from": [7.6, 4.85, 2],
			"to": [8.4, 5.65, 6],
			"rotation": {"angle": 22.5, "axis": "x", "origin": [0, 0.25, 5.5]},
			"faces": {
				"north": {"uv": [1, 0, 2, 1], "rotation": 90, "texture": "#6"},
				"east": {"uv": [1, 0, 2, 1], "rotation": 90, "texture": "#6"},
				"south": {"uv": [1, 0, 2, 1], "rotation": 90, "texture": "#6"},
				"west": {"uv": [1, 0, 2, 1], "rotation": 90, "texture": "#6"},
				"up": {"uv": [1, 0, 2, 1], "rotation": 90, "texture": "#6"},
				"down": {"uv": [1, 0, 2, 1], "rotation": 90, "texture": "#6"}
			}
		},
		{
			"from": [7.5, 4.25, 6.7],
			"to": [8.5, 5.25, 8.4],
			"rotation": {"angle": 0, "axis": "y", "origin": [0, 0.25, 5.5]},
			"faces": {
				"north": {"uv": [1, 0, 2, 1], "texture": "#4"},
				"east": {"uv": [1, 0, 2, 1], "texture": "#4"},
				"south": {"uv": [1, 0, 2, 1], "texture": "#4"},
				"west": {"uv": [1, 0, 2, 1], "texture": "#4"},
				"up": {"uv": [1, 0, 2, 1], "texture": "#4"},
				"down": {"uv": [1, 0, 2, 1], "texture": "#4"}
			}
		},
		{
			"from": [7, 1.45, 3],
			"to": [7, 3.05, 7],
			"faces": {
				"north": {"uv": [1, 1, 5, 2.6], "texture": "#1"},
				"east": {"uv": [0, 0, 4, 1.6], "texture": "#1"},
				"south": {"uv": [0, 0, 4, 1.6], "texture": "#1"},
				"west": {"uv": [0, 0, 4, 1.6], "texture": "#1"},
				"up": {"uv": [0, 0, 4, 1.6], "texture": "#1"},
				"down": {"uv": [0, 0, 4, 1.6], "texture": "#1"}
			}
		},
		{
			"from": [9, 1.45, 3],
			"to": [9, 3.05, 7],
			"faces": {
				"north": {"uv": [1, 1, 5, 2.6], "texture": "#1"},
				"east": {"uv": [0, 0, 4, 1.6], "texture": "#1"},
				"south": {"uv": [0, 0, 4, 1.6], "texture": "#1"},
				"west": {"uv": [0, 0, 4, 1.6], "texture": "#1"},
				"up": {"uv": [0, 0, 4, 1.6], "texture": "#1"},
				"down": {"uv": [0, 0, 4, 1.6], "texture": "#1"}
			}
		},
		{
			"from": [7, 3.05, 3],
			"to": [9, 3.05, 7],
			"faces": {
				"north": {"uv": [4, 3, 6, 7], "texture": "#1"},
				"east": {"uv": [0, 0, 2, 4], "texture": "#1"},
				"south": {"uv": [0, 0, 2, 4], "texture": "#1"},
				"west": {"uv": [0, 0, 2, 4], "texture": "#1"},
				"up": {"uv": [2, 2, 4, 6], "texture": "#1"},
				"down": {"uv": [0, 0, 2, 4], "texture": "#1"}
			}
		},
		{
			"from": [7, 1.45, 3],
			"to": [9, 1.45, 7],
			"faces": {
				"north": {"uv": [4, 3, 6, 7], "texture": "#1"},
				"east": {"uv": [0, 0, 2, 4], "texture": "#1"},
				"south": {"uv": [0, 0, 2, 4], "texture": "#1"},
				"west": {"uv": [0, 0, 2, 4], "texture": "#1"},
				"up": {"uv": [2, 2, 4, 6], "texture": "#1"},
				"down": {"uv": [0, 0, 5, 7], "texture": "#1"}
			}
		},
		{
			"from": [7.2, 1.55, 3],
			"to": [8.8, 2.85, 7],
			"faces": {
				"north": {"uv": [8, 4, 10, 5], "texture": "#5"},
				"east": {"uv": [8, 4, 16, 8], "texture": "#5"},
				"south": {"uv": [8, 7, 10, 8], "texture": "#5"},
				"west": {"uv": [8, 12, 16, 16], "texture": "#5"},
				"up": {"uv": [8, 8, 16, 12], "rotation": 90, "texture": "#5"},
				"down": {"uv": [8, 0, 16, 4], "rotation": 90, "texture": "#5"}
			}
		},
		{
			"from": [6.9, 0.65, 1.9],
			"to": [9.1, 3.1, 2.1],
			"faces": {
				"north": {"uv": [3, 3, 11, 11], "texture": "#5"},
				"east": {"uv": [0, 0, 0.2, 2.2], "texture": "#5"},
				"south": {"uv": [0, 0, 2.2, 2.2], "texture": "#5"},
				"west": {"uv": [0, 0, 0.2, 2.2], "texture": "#5"},
				"up": {"uv": [0, 0, 2.2, 0.2], "texture": "#5"},
				"down": {"uv": [0, 0, 2.2, 0.2], "texture": "#5"}
			}
		},
		{
			"from": [8.45, 1.7, 3],
			"to": [9.45, 2.7, 7],
			"faces": {
				"north": {"uv": [6, 0, 9.6, 4], "texture": "#4"},
				"east": {"uv": [0, 0, 5, 16], "rotation": 90, "texture": "#4"},
				"south": {"uv": [6, 0, 9.6, 4], "texture": "#4"},
				"west": {"uv": [0, 0, 16, 16], "rotation": 90, "texture": "#4"},
				"up": {"uv": [0, 0, 16, 16], "texture": "#4"},
				"down": {"uv": [0, 0, 16, 16], "rotation": 180, "texture": "#4"}
			}
		},
		{
			"from": [6.45, 1.7, 3],
			"to": [7.45, 2.7, 7],
			"faces": {
				"north": {"uv": [6, 0, 9.6, 4], "texture": "#4"},
				"east": {"uv": [0, 0, 5, 16], "rotation": 90, "texture": "#4"},
				"south": {"uv": [6, 0, 9.6, 4], "texture": "#4"},
				"west": {"uv": [0, 0, 16, 16], "rotation": 90, "texture": "#4"},
				"up": {"uv": [0, 0, 16, 16], "texture": "#4"},
				"down": {"uv": [0, 0, 16, 16], "rotation": 180, "texture": "#4"}
			}
		},
		{
			"from": [-3.5, 4.1, 13.8],
			"to": [-2.5, 5.1, 14.8],
			"rotation": {"angle": 45, "axis": "y", "origin": [0, 0, 0]},
			"faces": {
				"north": {"uv": [2, 10, 6, 14], "texture": "#5"},
				"east": {"uv": [12, 4, 16, 8], "texture": "#5"},
				"south": {"uv": [12, 4, 16, 8], "texture": "#5"},
				"west": {"uv": [12, 4, 16, 8], "texture": "#5"},
				"up": {"uv": [6, 6, 10, 10], "texture": "#5"},
				"down": {"uv": [12, 4, 16, 8], "texture": "#5"}
			}
		},
		{
			"from": [-1.5, 4.1, 11.8],
			"to": [-0.5, 5.1, 12.8],
			"rotation": {"angle": 45, "axis": "y", "origin": [0, 0, 0]},
			"faces": {
				"north": {"uv": [2, 10, 6, 14], "texture": "#5"},
				"east": {"uv": [12, 4, 16, 8], "texture": "#5"},
				"south": {"uv": [12, 4, 16, 8], "texture": "#5"},
				"west": {"uv": [12, 4, 16, 8], "texture": "#5"},
				"up": {"uv": [6, 6, 10, 10], "texture": "#5"},
				"down": {"uv": [12, 4, 16, 8], "texture": "#5"}
			}
		},
		{
			"from": [7.5, 0.5, 10],
			"to": [8.5, 1, 12],
			"faces": {
				"north": {"uv": [12, 1, 13, 3], "texture": "#7"},
				"east": {"uv": [0, 0, 6, 16], "rotation": 90, "texture": "#7"},
				"south": {"uv": [0, 0, 16, 16], "texture": "#7"},
				"west": {"uv": [0, 0, 16, 0], "texture": "#7"},
				"up": {"uv": [12, 1, 13, 3], "texture": "#7"},
				"down": {"uv": [12, 1, 13, 3], "texture": "#7"}
			}
		},
		{
			"from": [7.5, 0.5, 12],
			"to": [8.5, 3.5, 12.5],
			"faces": {
				"north": {"uv": [12, 0, 13, 3], "texture": "#7"},
				"east": {"uv": [0, 0, 16, 16], "rotation": 180, "texture": "#7"},
				"south": {"uv": [0, 0, 16, 16], "texture": "#7"},
				"west": {"uv": [0, 0, 16, 16], "rotation": 180, "texture": "#7"},
				"up": {"uv": [12, 0, 13, 3], "texture": "#7"},
				"down": {"uv": [12, 0, 13, 3], "texture": "#7"}
			}
		},
		{
			"from": [7.5, 3, 10],
			"to": [8.5, 3.5, 12],
			"faces": {
				"north": {"uv": [12, 1, 13, 2], "texture": "#7"},
				"east": {"uv": [0, 0, 6, 16], "rotation": 90, "texture": "#7"},
				"south": {"uv": [0, 0, 16, 16], "texture": "#7"},
				"west": {"uv": [0, 6, 16, 0], "texture": "#7"},
				"up": {"uv": [12, 1, 13, 2], "texture": "#7"},
				"down": {"uv": [12, 1, 13, 2], "texture": "#7"}
			}
		},
		{
			"from": [6, 0.2, 7],
			"to": [10, 4, 10],
			"faces": {
				"north": {"uv": [0, 0, 16, 16], "texture": "#6"},
				"east": {"uv": [0, 0, 4, 3.8], "texture": "#6"},
				"south": {"uv": [0, 0, 16, 16], "texture": "#6"},
				"west": {"uv": [0, 0, 4, 3.8], "texture": "#6"},
				"up": {"uv": [0, 0, 4, 3.8], "texture": "#6"},
				"down": {"uv": [0, 0, 16, 16], "texture": "#6"}
			}
		},
		{
			"from": [8.1, 4, 6.9],
			"to": [10, 5, 14],
			"faces": {
				"north": {"uv": [7, 13, 9, 15], "texture": "#6"},
				"east": {"uv": [7, 13, 9, 15], "texture": "#6"},
				"south": {"uv": [7, 13, 9, 15], "texture": "#6"},
				"west": {"uv": [7, 13, 9, 15], "texture": "#6"},
				"up": {"uv": [0, 0, 16, 16], "texture": "#6"},
				"down": {"uv": [7, 13, 9, 15], "texture": "#6"}
			}
		},
		{
			"from": [6, 4, 6.9],
			"to": [7.9, 5, 14],
			"faces": {
				"north": {"uv": [6, 13, 8, 15], "texture": "#6"},
				"east": {"uv": [6, 13, 8, 15], "texture": "#6"},
				"south": {"uv": [6, 13, 8, 15], "texture": "#6"},
				"west": {"uv": [6, 13, 8, 15], "texture": "#6"},
				"up": {"uv": [0, 0, 16, 16], "texture": "#6"},
				"down": {"uv": [6, 13, 8, 15], "texture": "#6"}
			}
		},
		{
			"from": [6, 3.9, 7.2],
			"to": [10, 4.1, 13.7],
			"faces": {
				"north": {"uv": [1, 0, 2, 1], "texture": "#6"},
				"east": {"uv": [1, 0, 2, 1], "texture": "#6"},
				"south": {"uv": [1, 0, 2, 1], "texture": "#6"},
				"west": {"uv": [1, 0, 2, 1], "texture": "#6"},
				"up": {"uv": [1, 0, 2, 1], "texture": "#6"},
				"down": {"uv": [0, 0, 16, 16], "texture": "#6"}
			}
		},
		{
			"from": [5, 0, 6.9],
			"to": [6, 4, 14],
			"faces": {
				"north": {"uv": [10, 12, 16, 16], "texture": "#6"},
				"east": {"uv": [0, 12, 16, 16], "texture": "#6"},
				"south": {"uv": [10, 12, 16, 16], "texture": "#6"},
				"west": {"uv": [0, 0, 16, 16], "rotation": 90, "texture": "#6"},
				"up": {"uv": [10, 12, 16, 16], "texture": "#6"},
				"down": {"uv": [0, 0, 16, 16], "texture": "#6"}
			}
		},
		{
			"from": [10, 0, 6.9],
			"to": [11, 4, 14],
			"faces": {
				"north": {"uv": [10, 12, 16, 16], "texture": "#6"},
				"east": {"uv": [0, 0, 16, 16], "rotation": 90, "texture": "#6"},
				"south": {"uv": [10, 12, 16, 16], "texture": "#6"},
				"west": {"uv": [0, 12, 16, 16], "texture": "#6"},
				"up": {"uv": [10, 12, 16, 15], "texture": "#6"},
				"down": {"uv": [0, 0, 16, 16], "texture": "#6"}
			}
		},
		{
			"from": [0.7, 6.3, 6.8],
			"to": [1.7, 7.8, 14.1],
			"rotation": {"angle": -45, "axis": "z", "origin": [0, 0, 0]},
			"faces": {
				"north": {"uv": [1, 3.2, 2, 4.7], "texture": "#6"},
				"east": {"uv": [4, 6.2, 11.3, 7.7], "texture": "#6"},
				"south": {"uv": [5, 6, 6, 7.5], "texture": "#6"},
				"west": {"uv": [0, 0, 15.7, 16], "rotation": 90, "texture": "#6"},
				"up": {"uv": [1, 4.2, 2, 11.5], "texture": "#6"},
				"down": {"uv": [3, 5.2, 4, 12.5], "texture": "#6"}
			}
		},
		{
			"from": [3.5, 9.6, 6.8],
			"to": [5, 10.6, 14.1],
			"rotation": {"angle": -45, "axis": "z", "origin": [0, 0, 0]},
			"faces": {
				"north": {"uv": [9, 12, 14.7, 13.5], "rotation": 90, "texture": "#6"},
				"east": {"uv": [9, 12, 14.7, 13.5], "rotation": 90, "texture": "#6"},
				"south": {"uv": [9, 12, 14.7, 13.5], "rotation": 90, "texture": "#6"},
				"west": {"uv": [9, 12, 14.7, 13.5], "rotation": 90, "texture": "#6"},
				"up": {"uv": [0, 0, 16, 16], "rotation": 180, "texture": "#6"},
				"down": {"uv": [9, 12, 14.7, 13.5], "rotation": 90, "texture": "#6"}
			}
		},
		{
			"from": [6.1, 0.1, 2],
			"to": [9.9, 3.9, 3],
			"faces": {
				"north": {"uv": [12, 0, 13, 4], "rotation": 90, "texture": "#4"},
				"east": {"uv": [0, 0, 16, 4], "rotation": 90, "texture": "#4"},
				"south": {"uv": [12, 0, 13, 4], "rotation": 90, "texture": "#4"},
				"west": {"uv": [0, 12, 16, 16], "rotation": 90, "texture": "#4"},
				"up": {"uv": [0, 0, 16, 4], "texture": "#4"},
				"down": {"uv": [10, 0, 16, 16], "rotation": 90, "texture": "#4"}
			}
		},
		{
			"from": [6.2, 0.2, 1.8],
			"to": [6.9, 3.8, 2],
			"faces": {
				"north": {"uv": [14, 0, 16, 16], "texture": "#4"},
				"east": {"uv": [12, 0, 12.7, 3.6], "texture": "#4"},
				"south": {"uv": [12, 0, 12.7, 3.6], "texture": "#4"},
				"west": {"uv": [12, 0, 12.7, 3.6], "texture": "#4"},
				"up": {"uv": [12, 0, 12.7, 3.6], "texture": "#4"},
				"down": {"uv": [12, 0, 12.7, 3.6], "texture": "#4"}
			}
		},
		{
			"from": [6.9, 0.2, 1.8],
			"to": [9.1, 0.9, 2],
			"faces": {
				"north": {"uv": [2, 13, 14, 16], "texture": "#4"},
				"east": {"uv": [12, 1, 13, 2], "texture": "#4"},
				"south": {"uv": [12, 1, 13, 2], "texture": "#4"},
				"west": {"uv": [12, 1, 13, 2], "texture": "#4"},
				"up": {"uv": [12, 1, 13, 2], "texture": "#4"},
				"down": {"uv": [12, 1, 13, 2], "texture": "#4"}
			}
		},
		{
			"from": [9.1, 0.2, 1.8],
			"to": [9.8, 3.8, 2],
			"faces": {
				"north": {"uv": [0, 0, 2, 16], "texture": "#4"},
				"east": {"uv": [12, 0, 12.7, 3.6], "texture": "#4"},
				"south": {"uv": [12, 0, 12.7, 3.6], "texture": "#4"},
				"west": {"uv": [12, 0, 12.7, 3.6], "texture": "#4"},
				"up": {"uv": [12, 0, 12.7, 3.6], "texture": "#4"},
				"down": {"uv": [12, 0, 12.7, 3.6], "texture": "#4"}
			}
		},
		{
			"from": [6.9, 3.1, 1.8],
			"to": [9.1, 3.8, 2],
			"faces": {
				"north": {"uv": [2, 0, 14, 3], "texture": "#4"},
				"east": {"uv": [12, 2, 13, 3], "texture": "#4"},
				"south": {"uv": [12, 2, 13, 3], "texture": "#4"},
				"west": {"uv": [12, 2, 13, 3], "texture": "#4"},
				"up": {"uv": [12, 2, 13, 3], "texture": "#4"},
				"down": {"uv": [12, 2, 13, 3], "texture": "#4"}
			}
		}
	],
	"display": {
		"thirdperson_righthand": {
			"translation": [0, 4.25, 0.75],
			"scale": [1.01, 1.01, 1.01]
		},
		"thirdperson_lefthand": {
			"translation": [0, 4, 0]
		},
		"firstperson_righthand": {
			"translation": [7, 6, 2.75]
		},
		"firstperson_lefthand": {
			"translation": [7.25, 5.25, 1.75]
		},
		"ground": {
			"translation": [0, 5, 0]
		},
		"gui": {
			"rotation": [18, -140, 1],
			"translation": [-0.5, 6, 0],
			"scale": [1.1, 1.3, 1.1]
		},
		"head": {
			"translation": [0, 14.5, 0]
		},
		"fixed": {
			"rotation": [0, -92, 0],
			"translation": [-3.25, 6.75, -4.25]
		}
	},
	"groups": [
		{
			"name": "prongs",
			"origin": [0, 0, 0],
			"color": 0,
			"children": [
				{
					"name": "east_prong",
					"origin": [0, 0, 0],
					"color": 0,
					"children": [0, 1, 2, 3]
				},
				{
					"name": "west_prong",
					"origin": [0, 0, 0],
					"color": 0,
					"children": [4, 5, 6, 7]
				},
				{
					"name": "top_prong",
					"origin": [0, 0, 0],
					"color": 0,
					"children": [8, 9, 10, 11]
				}
			]
		},
		{
			"name": "beam",
			"origin": [0, 0, 0],
			"color": 0,
			"children": [
				{
					"name": "glass",
					"origin": [0, 0, 0],
					"color": 0,
					"children": [12, 13, 14, 15]
				},
				16,
				17
			]
		},
		{
			"name": "bottom_base",
			"origin": [0, 0, 0],
			"color": 0,
			"children": [18, 19]
		},
		{
			"name": "gems",
			"origin": [0, 0, 0],
			"color": 0,
			"children": [20, 21]
		},
		{
			"name": "handle",
			"origin": [0, 0, 0],
			"color": 0,
			"children": [22, 23, 24]
		},
		{
			"name": "south_base",
			"origin": [0, 0, 0],
			"color": 0,
			"children": [25, 26, 27, 28, 29, 30, 31, 32]
		},
		{
			"name": "end_base",
			"origin": [0, 0, 0],
			"color": 0,
			"children": [33, 34, 35, 36, 37]
		}
	]
}
