{
	"textures": {
		"1": "block/blades_state_2",
		"2": "block/blades_state_1",
		"3": "block/black_shulker_box",
		"4": "block/hopper_inside",
		"5": "block/hopper_top",
		"6": "block/iron_block",
		"7": "block/hopper_outside",
		"8": "block/fire_0",
		"9": "block/fire_1",
		"particle": "block/iron_block"
	},
	"elements": [
		{
			"from": [6, 0.2, 7],
			"to": [10, 4, 10],
			"faces": {
				"north": {"uv": [0, 0, 16, 16], "texture": "#6"},
				"east": {"uv": [0, 0, 4, 3.8], "texture": "#6"},
				"south": {"uv": [0, 0, 16, 16], "texture": "#6"},
				"west": {"uv": [0, 0, 4, 3.8], "texture": "#6"},
				"up": {"uv": [0, 0, 4, 3.8], "texture": "#6"},
				"down": {"uv": [0, 0, 16, 16], "texture": "#6"}
			}
		},
		{
			"from": [6.25, -0.2, 4.5],
			"to": [9.75, 4.15, 7],
			"rotation": {"angle": 0, "axis": "y", "origin": [0, -0.4, 0]},
			"faces": {
				"north": {"uv": [0, 0, 16, 16], "texture": "#6"},
				"east": {"uv": [0, 0, 16, 8], "rotation": 90, "texture": "#6"},
				"south": {"uv": [0, 0, 16, 8], "texture": "#6"},
				"west": {"uv": [0, 0, 16, 8], "rotation": 90, "texture": "#6"},
				"up": {"uv": [0, 0, 16, 8], "texture": "#6"},
				"down": {"uv": [0, 0, 16, 8], "texture": "#6"}
			}
		},
		{
			"from": [6.5, 0.05, 4],
			"to": [9.5, 4.1, 4.5],
			"rotation": {"angle": 0, "axis": "y", "origin": [0, -0.4, 0]},
			"faces": {
				"north": {"uv": [0, 0, 16, 16], "texture": "#3"},
				"east": {"uv": [0, 0, 4, 3.8], "texture": "#3"},
				"south": {"uv": [0, 0, 16, 16], "texture": "#3"},
				"west": {"uv": [0, 0, 4, 3.8], "texture": "#3"},
				"up": {"uv": [0, 0, 4, 3.8], "texture": "#3"},
				"down": {"uv": [0, 0, 16, 16], "texture": "#3"}
			}
		},
		{
			"from": [7.25, 1.55, -3],
			"to": [8.75, 2.85, 4],
			"rotation": {"angle": 0, "axis": "y", "origin": [0, -0.4, 0]},
			"faces": {
				"north": {"uv": [0, 0, 16, 16], "texture": "#3"},
				"east": {"uv": [0, 0, 16, 6.8], "texture": "#3"},
				"south": {"uv": [0, 0, 16, 16], "texture": "#3"},
				"west": {"uv": [0, 0, 16, 7], "texture": "#3"},
				"up": {"uv": [0, 0, 4, 3.8], "texture": "#3"},
				"down": {"uv": [0, 0, 16, 16], "texture": "#3"}
			}
		},
		{
			"from": [7, 1.3, 0],
			"to": [9, 3.1, 4],
			"rotation": {"angle": 0, "axis": "y", "origin": [0, -0.4, 0]},
			"faces": {
				"north": {"uv": [0, 0, 16, 16], "texture": "#3"},
				"east": {"uv": [0, 0, 16, 6.8], "texture": "#3"},
				"south": {"uv": [0, 0, 16, 16], "texture": "#3"},
				"west": {"uv": [0, 0, 16, 7], "texture": "#3"},
				"up": {"uv": [0, 0, 4, 3.8], "texture": "#3"},
				"down": {"uv": [0, 0, 16, 16], "texture": "#3"}
			}
		},
		{
			"from": [8.1, 4, 6.9],
			"to": [10, 5, 14],
			"faces": {
				"north": {"uv": [7, 13, 9, 15], "texture": "#6"},
				"east": {"uv": [7, 13, 9, 15], "texture": "#6"},
				"south": {"uv": [7, 13, 9, 15], "texture": "#6"},
				"west": {"uv": [7, 13, 9, 15], "texture": "#6"},
				"up": {"uv": [0, 0, 16, 16], "texture": "#6"},
				"down": {"uv": [7, 13, 9, 15], "texture": "#6"}
			}
		},
		{
			"from": [6, 4, 6.9],
			"to": [7.9, 5, 14],
			"faces": {
				"north": {"uv": [6, 13, 8, 15], "texture": "#6"},
				"east": {"uv": [6, 13, 8, 15], "texture": "#6"},
				"south": {"uv": [6, 13, 8, 15], "texture": "#6"},
				"west": {"uv": [6, 13, 8, 15], "texture": "#6"},
				"up": {"uv": [0, 0, 16, 16], "texture": "#6"},
				"down": {"uv": [6, 13, 8, 15], "texture": "#6"}
			}
		},
		{
			"from": [6, 3.9, 7.2],
			"to": [10, 4.1, 13.7],
			"faces": {
				"north": {"uv": [1, 0, 2, 1], "texture": "#6"},
				"east": {"uv": [1, 0, 2, 1], "texture": "#6"},
				"south": {"uv": [1, 0, 2, 1], "texture": "#6"},
				"west": {"uv": [1, 0, 2, 1], "texture": "#6"},
				"up": {"uv": [1, 0, 2, 1], "texture": "#6"},
				"down": {"uv": [0, 0, 16, 16], "texture": "#6"}
			}
		},
		{
			"from": [6, -0.3, 7.2],
			"to": [10, -0.1, 13.7],
			"faces": {
				"north": {"uv": [1, 0, 2, 1], "texture": "#6"},
				"east": {"uv": [1, 0, 2, 1], "texture": "#6"},
				"south": {"uv": [1, 0, 2, 1], "texture": "#6"},
				"west": {"uv": [1, 0, 2, 1], "texture": "#6"},
				"up": {"uv": [1, 0, 2, 1], "texture": "#6"},
				"down": {"uv": [0, 0, 16, 16], "texture": "#6"}
			}
		},
		{
			"from": [7, 1, 10.05],
			"to": [9, 3, 14.55],
			"faces": {
				"north": {"uv": [0, 0, 2, 2], "texture": "#3"},
				"east": {"uv": [0, 10, 16, 16], "texture": "#3"},
				"south": {"uv": [0, 0, 2, 2], "texture": "#3"},
				"west": {"uv": [0, 0, 16, 6], "texture": "#3"},
				"up": {"uv": [0, 11, 16, 16], "rotation": 90, "texture": "#3"},
				"down": {"uv": [0, 0, 16, 8], "rotation": 90, "texture": "#3"}
			}
		},
		{
			"from": [6.5, 0.5, 14.35],
			"to": [9.5, 3.5, 15.35],
			"faces": {
				"north": {"uv": [0, 0, 3, 3], "texture": "#3"},
				"east": {"uv": [0, 0, 6, 16], "texture": "#3"},
				"south": {"uv": [0, 0, 16, 16], "texture": "#3"},
				"west": {"uv": [0, 0, 6, 16], "texture": "#3"},
				"up": {"uv": [0, 0, 16, 6], "texture": "#3"},
				"down": {"uv": [0, 0, 16, 6], "texture": "#3"}
			}
		},
		{
			"from": [6.75, 0.75, 14.45],
			"to": [9.25, 3.25, 15.7],
			"faces": {
				"north": {"uv": [0, 0, 16, 16], "texture": "#3"},
				"east": {"uv": [0, 0, 1.25, 4], "texture": "#3"},
				"south": {"uv": [0, 0, 16, 16], "texture": "#4"},
				"west": {"uv": [0, 0, 1.25, 4], "texture": "#3"},
				"up": {"uv": [0, 0, 4, 1.25], "texture": "#3"},
				"down": {"uv": [0, 0, 4, 1.25], "texture": "#3"}
			}
		},
		{
			"from": [6.75, 3.25, 15.1],
			"to": [9.25, 4, 16.35],
			"faces": {
				"north": {"uv": [3, 0, 13, 3], "texture": "#7"},
				"east": {"uv": [0, 0, 4.25, 16], "texture": "#3"},
				"south": {"uv": [3, 0, 13, 3], "texture": "#5"},
				"west": {"uv": [0, 0, 4.25, 16], "texture": "#3"},
				"up": {"uv": [4, 0, 13, 5.25], "texture": "#7"},
				"down": {"uv": [0, 0, 16, 5.25], "texture": "#7"}
			}
		},
		{
			"from": [9.25, 0, 15.1],
			"to": [10, 4, 16.35],
			"faces": {
				"north": {"uv": [0, 0, 3, 16], "texture": "#3"},
				"east": {"uv": [0, 0, 4.25, 16], "texture": "#7"},
				"south": {"uv": [13, 0, 16, 16], "texture": "#5"},
				"west": {"uv": [0, 0, 4.25, 16], "texture": "#3"},
				"up": {"uv": [12, 0, 16, 5.25], "texture": "#7"},
				"down": {"uv": [12, 0, 16, 5.25], "texture": "#3"}
			}
		},
		{
			"from": [6.75, 0, 15.1],
			"to": [9.25, 0.75, 16.35],
			"faces": {
				"north": {"uv": [3, 13, 13, 16], "texture": "#7"},
				"east": {"uv": [0, 0, 4.25, 16], "texture": "#3"},
				"south": {"uv": [4, 13, 13, 16], "texture": "#5"},
				"west": {"uv": [0, 0, 4.25, 16], "texture": "#3"},
				"up": {"uv": [0, 0, 16, 5.25], "texture": "#7"},
				"down": {"uv": [4, 0, 13, 5.25], "texture": "#7"}
			}
		},
		{
			"from": [6, 0, 15.1],
			"to": [6.75, 4, 16.35],
			"faces": {
				"north": {"uv": [13, 0, 16, 16], "texture": "#7"},
				"east": {"uv": [4, 0, 8.25, 16], "texture": "#7"},
				"south": {"uv": [0, 0, 3, 16], "texture": "#5"},
				"west": {"uv": [0, 0, 4.25, 16], "texture": "#7"},
				"up": {"uv": [0, 0, 4, 5.25], "texture": "#7"},
				"down": {"uv": [0, 0, 4, 5.25], "texture": "#7"}
			}
		},
		{
			"from": [5, 0, 6.9],
			"to": [6, 4, 14],
			"faces": {
				"north": {"uv": [10, 12, 16, 16], "texture": "#6"},
				"east": {"uv": [0, 12, 16, 16], "texture": "#6"},
				"south": {"uv": [10, 12, 16, 16], "texture": "#6"},
				"west": {"uv": [0, 0, 16, 16], "rotation": 90, "texture": "#6"},
				"up": {"uv": [10, 12, 16, 16], "texture": "#6"},
				"down": {"uv": [0, 0, 16, 16], "texture": "#6"}
			}
		},
		{
			"from": [10, 0, 6.9],
			"to": [11, 4, 14],
			"faces": {
				"north": {"uv": [10, 12, 16, 16], "texture": "#6"},
				"east": {"uv": [0, 0, 16, 16], "rotation": 90, "texture": "#6"},
				"south": {"uv": [10, 12, 16, 16], "texture": "#6"},
				"west": {"uv": [0, 12, 16, 16], "texture": "#6"},
				"up": {"uv": [10, 12, 16, 15], "texture": "#6"},
				"down": {"uv": [0, 0, 16, 16], "texture": "#6"}
			}
		},
		{
			"from": [0.7, 6.3, 6.8],
			"to": [1.7, 7.8, 14.1],
			"rotation": {"angle": -45, "axis": "z", "origin": [0, 0, 0]},
			"faces": {
				"north": {"uv": [1, 3.2, 2, 4.7], "texture": "#6"},
				"east": {"uv": [4, 6.2, 11.3, 7.7], "texture": "#6"},
				"south": {"uv": [5, 6, 6, 7.5], "texture": "#6"},
				"west": {"uv": [0, 0, 15.7, 16], "rotation": 90, "texture": "#6"},
				"up": {"uv": [1, 4.2, 2, 11.5], "texture": "#6"},
				"down": {"uv": [3, 5.2, 4, 12.5], "texture": "#6"}
			}
		},
		{
			"from": [8.1, -1, 6.9],
			"to": [10, 0, 14],
			"rotation": {"angle": 0, "axis": "y", "origin": [0, 4, 0]},
			"faces": {
				"north": {"uv": [7, 13, 9, 15], "texture": "#6"},
				"east": {"uv": [7, 13, 9, 15], "texture": "#6"},
				"south": {"uv": [7, 13, 9, 15], "texture": "#6"},
				"west": {"uv": [7, 13, 9, 15], "texture": "#6"},
				"up": {"uv": [0, 0, 16, 16], "texture": "#6"},
				"down": {"uv": [0, 0, 16, 16], "texture": "#6"}
			}
		},
		{
			"from": [6, -1, 6.9],
			"to": [7.9, 0, 14],
			"rotation": {"angle": 0, "axis": "y", "origin": [0, 4, 0]},
			"faces": {
				"north": {"uv": [6, 13, 8, 15], "texture": "#6"},
				"east": {"uv": [6, 13, 8, 15], "texture": "#6"},
				"south": {"uv": [6, 13, 8, 15], "texture": "#6"},
				"west": {"uv": [6, 13, 8, 15], "texture": "#6"},
				"up": {"uv": [0, 0, 16, 16], "texture": "#6"},
				"down": {"uv": [0, 0, 16, 16], "texture": "#6"}
			}
		},
		{
			"from": [9.6, 7.5, 6.8],
			"to": [10.6, 9, 14.1],
			"rotation": {"angle": -45, "axis": "z", "origin": [0, 4, 0]},
			"faces": {
				"north": {"uv": [9, 12, 14.7, 13.5], "texture": "#6"},
				"east": {"uv": [0, 0, 16, 16], "rotation": 270, "texture": "#6"},
				"south": {"uv": [9, 12, 14.7, 13.5], "rotation": 180, "texture": "#6"},
				"west": {"uv": [9, 12, 14.7, 13.5], "rotation": 180, "texture": "#6"},
				"up": {"uv": [9, 12, 14.7, 13.5], "rotation": 180, "texture": "#6"},
				"down": {"uv": [9, 12, 14.7, 13.5], "rotation": 180, "texture": "#6"}
			}
		},
		{
			"from": [6.3, 4.7, 6.8],
			"to": [7.8, 5.7, 14.1],
			"rotation": {"angle": -45, "axis": "z", "origin": [0, 4, 0]},
			"faces": {
				"north": {"uv": [1, 3.2, 2, 4.7], "rotation": 90, "texture": "#6"},
				"east": {"uv": [3, 5.2, 4, 12.5], "rotation": 270, "texture": "#6"},
				"south": {"uv": [5, 6, 6, 7.5], "rotation": 270, "texture": "#6"},
				"west": {"uv": [1, 4.2, 2, 11.5], "rotation": 270, "texture": "#6"},
				"up": {"uv": [4, 6.2, 11.3, 7.7], "rotation": 270, "texture": "#6"},
				"down": {"uv": [0, 0, 15.7, 16], "texture": "#6"}
			}
		},
		{
			"from": [3.5, 9.6, 6.8],
			"to": [5, 10.6, 14.1],
			"rotation": {"angle": -45, "axis": "z", "origin": [0, 0, 0]},
			"faces": {
				"north": {"uv": [9, 12, 14.7, 13.5], "rotation": 90, "texture": "#6"},
				"east": {"uv": [9, 12, 14.7, 13.5], "rotation": 90, "texture": "#6"},
				"south": {"uv": [9, 12, 14.7, 13.5], "rotation": 90, "texture": "#6"},
				"west": {"uv": [9, 12, 14.7, 13.5], "rotation": 90, "texture": "#6"},
				"up": {"uv": [0, 0, 16, 16], "rotation": 180, "texture": "#6"},
				"down": {"uv": [9, 12, 14.7, 13.5], "rotation": 90, "texture": "#6"}
			}
		},
		{
			"from": [7.5, 1.5, -6.5],
			"to": [8.5, 3.5, -6],
			"faces": {
				"north": {"uv": [0, 0, 1, 2], "texture": "#6"},
				"east": {"uv": [0, 0, 0.5, 2], "texture": "#6"},
				"south": {"uv": [0, 0, 1, 2], "texture": "#6"},
				"west": {"uv": [0, 0, 0.5, 2], "texture": "#6"},
				"up": {"uv": [0, 0, 1, 0.5], "texture": "#6"},
				"down": {"uv": [0, 0, 1, 0.5], "texture": "#6"}
			}
		},
		{
			"from": [7.5, 0.6, -6],
			"to": [8.5, 3.6, 4],
			"rotation": {"angle": 0, "axis": "y", "origin": [0, -0.4, 0]},
			"faces": {
				"north": {"uv": [0, 0, 1, 3], "texture": "#6"},
				"east": {"uv": [0, 0, 6, 16], "rotation": 90, "texture": "#6"},
				"south": {"uv": [0, 0, 1, 3], "texture": "#6"},
				"west": {"uv": [0, 0, 6, 16], "rotation": 90, "texture": "#6"},
				"up": {"uv": [0, 0, 1, 10], "texture": "#6"},
				"down": {"uv": [0, 0, 1, 10], "texture": "#6"}
			}
		},
		{
			"from": [7.6, -0.2, 4.2],
			"to": [8.4, 0.8, 5.2],
			"rotation": {"angle": -45, "axis": "x", "origin": [0, -0.4, 0]},
			"faces": {
				"north": {"uv": [0, 0, 0.8, 1], "texture": "#2"},
				"east": {"uv": [0, 0, 1, 1], "texture": "#2"},
				"south": {"uv": [0, 0, 0.8, 1], "texture": "#2"},
				"west": {"uv": [0, 0, 1, 1], "texture": "#2"},
				"up": {"uv": [0, 0, 0.8, 1], "texture": "#2"},
				"down": {"uv": [0, 0, 0.8, 1], "texture": "#2"}
			}
		},
		{
			"from": [7.6, 0.55, 3.45],
			"to": [8.4, 1.55, 4.45],
			"rotation": {"angle": -45, "axis": "x", "origin": [0, -0.4, 0]},
			"faces": {
				"north": {"uv": [0, 0, 0.8, 1], "texture": "#2"},
				"east": {"uv": [0, 0, 1, 1], "texture": "#2"},
				"south": {"uv": [0, 0, 0.8, 1], "texture": "#2"},
				"west": {"uv": [0, 0, 1, 1], "texture": "#2"},
				"up": {"uv": [0, 0, 0.8, 1], "texture": "#2"},
				"down": {"uv": [0, 0, 0.8, 1], "texture": "#2"}
			}
		},
		{
			"from": [7.6, 1.3, 2.7],
			"to": [8.4, 2.3, 3.7],
			"rotation": {"angle": -45, "axis": "x", "origin": [0, -0.4, 0]},
			"faces": {
				"north": {"uv": [0, 0, 0.8, 1], "texture": "#2"},
				"east": {"uv": [0, 0, 1, 1], "texture": "#2"},
				"south": {"uv": [0, 0, 0.8, 1], "texture": "#2"},
				"west": {"uv": [0, 0, 1, 1], "texture": "#2"},
				"up": {"uv": [0, 0, 0.8, 1], "texture": "#2"},
				"down": {"uv": [0, 0, 0.8, 1], "texture": "#2"}
			}
		},
		{
			"from": [7.6, 2.05, 1.95],
			"to": [8.4, 3.05, 2.95],
			"rotation": {"angle": -45, "axis": "x", "origin": [0, -0.4, 0]},
			"faces": {
				"north": {"uv": [0, 0, 0.8, 1], "texture": "#2"},
				"east": {"uv": [0, 0, 1, 1], "texture": "#2"},
				"south": {"uv": [0, 0, 0.8, 1], "texture": "#2"},
				"west": {"uv": [0, 0, 1, 1], "texture": "#2"},
				"up": {"uv": [0, 0, 0.8, 1], "texture": "#2"},
				"down": {"uv": [0, 0, 0.8, 1], "texture": "#2"}
			}
		},
		{
			"from": [7.6, 2.8, 1.2],
			"to": [8.4, 3.8, 2.2],
			"rotation": {"angle": -45, "axis": "x", "origin": [0, -0.4, 0]},
			"faces": {
				"north": {"uv": [0, 0, 0.8, 1], "texture": "#2"},
				"east": {"uv": [0, 0, 1, 1], "texture": "#2"},
				"south": {"uv": [0, 0, 0.8, 1], "texture": "#2"},
				"west": {"uv": [0, 0, 1, 1], "texture": "#2"},
				"up": {"uv": [0, 0, 0.8, 1], "texture": "#2"},
				"down": {"uv": [0, 0, 0.8, 1], "texture": "#2"}
			}
		},
		{
			"from": [7.6, 3.55, 0.45],
			"to": [8.4, 4.55, 1.45],
			"rotation": {"angle": -45, "axis": "x", "origin": [0, -0.4, 0]},
			"faces": {
				"north": {"uv": [0, 0, 0.8, 1], "texture": "#2"},
				"east": {"uv": [0, 0, 1, 1], "texture": "#2"},
				"south": {"uv": [0, 0, 0.8, 1], "texture": "#2"},
				"west": {"uv": [0, 0, 1, 1], "texture": "#2"},
				"up": {"uv": [0, 0, 0.8, 1], "texture": "#2"},
				"down": {"uv": [0, 0, 0.8, 1], "texture": "#2"}
			}
		},
		{
			"from": [7.6, 4.3, -0.3],
			"to": [8.4, 5.3, 0.7],
			"rotation": {"angle": -45, "axis": "x", "origin": [0, -0.4, 0]},
			"faces": {
				"north": {"uv": [0, 0, 0.8, 1], "texture": "#2"},
				"east": {"uv": [0, 0, 1, 1], "texture": "#2"},
				"south": {"uv": [0, 0, 0.8, 1], "texture": "#2"},
				"west": {"uv": [0, 0, 1, 1], "texture": "#2"},
				"up": {"uv": [0, 0, 0.8, 1], "texture": "#2"},
				"down": {"uv": [0, 0, 0.8, 1], "texture": "#2"}
			}
		},
		{
			"from": [7.6, 5.05, -1.05],
			"to": [8.4, 6.05, -0.05],
			"rotation": {"angle": -45, "axis": "x", "origin": [0, -0.4, 0]},
			"faces": {
				"north": {"uv": [0, 0, 0.8, 1], "texture": "#2"},
				"east": {"uv": [0, 0, 1, 1], "texture": "#2"},
				"south": {"uv": [0, 0, 0.8, 1], "texture": "#2"},
				"west": {"uv": [0, 0, 1, 1], "texture": "#2"},
				"up": {"uv": [0, 0, 0.8, 1], "texture": "#2"},
				"down": {"uv": [0, 0, 0.8, 1], "texture": "#2"}
			}
		},
		{
			"from": [7.6, 0.3, -7.3],
			"to": [8.4, 1.3, -6.3],
			"rotation": {"angle": 22.5, "axis": "x", "origin": [0, -0.4, 0]},
			"faces": {
				"north": {"uv": [0, 0, 0.8, 1], "texture": "#2"},
				"east": {"uv": [0, 0, 1, 1], "texture": "#2"},
				"south": {"uv": [0, 0, 0.8, 1], "texture": "#2"},
				"west": {"uv": [0, 0, 1, 1], "texture": "#2"},
				"up": {"uv": [0, 0, 0.8, 1], "texture": "#2"},
				"down": {"uv": [0, 0, 0.8, 1], "texture": "#2"}
			}
		},
		{
			"from": [7.6, 5.55, -2.8],
			"to": [8.4, 6.55, -1.8],
			"rotation": {"angle": -45, "axis": "x", "origin": [0, -0.4, 0]},
			"faces": {
				"north": {"uv": [0, 0, 0.8, 1], "texture": "#2"},
				"east": {"uv": [0, 0, 1, 1], "texture": "#2"},
				"south": {"uv": [0, 0, 0.8, 1], "texture": "#2"},
				"west": {"uv": [0, 0, 1, 1], "texture": "#2"},
				"up": {"uv": [0, 0, 0.8, 1], "texture": "#2"},
				"down": {"uv": [0, 0, 0.8, 1], "texture": "#2"}
			}
		},
		{
			"from": [7.6, 5.05, -3.3],
			"to": [8.4, 6.05, -2.3],
			"rotation": {"angle": -45, "axis": "x", "origin": [0, -0.4, 0]},
			"faces": {
				"north": {"uv": [0, 0, 0.8, 1], "texture": "#2"},
				"east": {"uv": [0, 0, 1, 1], "texture": "#2"},
				"south": {"uv": [0, 0, 0.8, 1], "texture": "#2"},
				"west": {"uv": [0, 0, 1, 1], "texture": "#2"},
				"up": {"uv": [0, 0, 0.8, 1], "texture": "#2"},
				"down": {"uv": [0, 0, 0.8, 1], "texture": "#2"}
			}
		},
		{
			"from": [7.6, 2.55, -5.4],
			"to": [8.4, 3.55, -4.4],
			"rotation": {"angle": -22.5, "axis": "x", "origin": [0, -0.4, 0]},
			"faces": {
				"north": {"uv": [0, 0, 0.8, 1], "rotation": 180, "texture": "#2"},
				"east": {"uv": [0, 0, 1, 1], "rotation": 270, "texture": "#2"},
				"south": {"uv": [0, 0, 0.8, 1], "texture": "#2"},
				"west": {"uv": [0, 0, 1, 1], "rotation": 90, "texture": "#2"},
				"up": {"uv": [0, 0, 0.8, 1], "rotation": 180, "texture": "#2"},
				"down": {"uv": [0, 0, 0.8, 1], "texture": "#2"}
			}
		},
		{
			"from": [7.6, 3.3, -3],
			"to": [8.4, 4.3, -2],
			"rotation": {"angle": -45, "axis": "x", "origin": [0, -0.4, 0]},
			"faces": {
				"north": {"uv": [0, 0, 0.8, 1], "texture": "#2"},
				"east": {"uv": [0, 0, 1, 1], "texture": "#2"},
				"south": {"uv": [0, 0, 0.8, 1], "texture": "#2"},
				"west": {"uv": [0, 0, 1, 1], "texture": "#2"},
				"up": {"uv": [0, 0, 0.8, 1], "texture": "#2"},
				"down": {"uv": [0, 0, 0.8, 1], "texture": "#2"}
			}
		},
		{
			"from": [7.6, 2.55, -2.25],
			"to": [8.4, 3.55, -1.25],
			"rotation": {"angle": -45, "axis": "x", "origin": [0, -0.4, 0]},
			"faces": {
				"north": {"uv": [0, 0, 0.8, 1], "texture": "#2"},
				"east": {"uv": [0, 0, 1, 1], "texture": "#2"},
				"south": {"uv": [0, 0, 0.8, 1], "texture": "#2"},
				"west": {"uv": [0, 0, 1, 1], "texture": "#2"},
				"up": {"uv": [0, 0, 0.8, 1], "texture": "#2"},
				"down": {"uv": [0, 0, 0.8, 1], "texture": "#2"}
			}
		},
		{
			"from": [7.6, 1.8, -1.5],
			"to": [8.4, 2.8, -0.5],
			"rotation": {"angle": -45, "axis": "x", "origin": [0, -0.4, 0]},
			"faces": {
				"north": {"uv": [0, 0, 0.8, 1], "texture": "#2"},
				"east": {"uv": [0, 0, 1, 1], "texture": "#2"},
				"south": {"uv": [0, 0, 0.8, 1], "texture": "#2"},
				"west": {"uv": [0, 0, 1, 1], "texture": "#2"},
				"up": {"uv": [0, 0, 0.8, 1], "texture": "#2"},
				"down": {"uv": [0, 0, 0.8, 1], "texture": "#2"}
			}
		},
		{
			"from": [7.6, 1.05, -0.75],
			"to": [8.4, 2.05, 0.25],
			"rotation": {"angle": -45, "axis": "x", "origin": [0, -0.4, 0]},
			"faces": {
				"north": {"uv": [0, 0, 0.8, 1], "texture": "#2"},
				"east": {"uv": [0, 0, 1, 1], "texture": "#2"},
				"south": {"uv": [0, 0, 0.8, 1], "texture": "#2"},
				"west": {"uv": [0, 0, 1, 1], "texture": "#2"},
				"up": {"uv": [0, 0, 0.8, 1], "texture": "#2"},
				"down": {"uv": [0, 0, 0.8, 1], "texture": "#2"}
			}
		},
		{
			"from": [7.6, 0.3, 0],
			"to": [8.4, 1.3, 1],
			"rotation": {"angle": -45, "axis": "x", "origin": [0, -0.4, 0]},
			"faces": {
				"north": {"uv": [0, 0, 0.8, 1], "texture": "#2"},
				"east": {"uv": [0, 0, 1, 1], "texture": "#2"},
				"south": {"uv": [0, 0, 0.8, 1], "texture": "#2"},
				"west": {"uv": [0, 0, 1, 1], "texture": "#2"},
				"up": {"uv": [0, 0, 0.8, 1], "texture": "#2"},
				"down": {"uv": [0, 0, 0.8, 1], "texture": "#2"}
			}
		},
		{
			"from": [7.6, -0.45, 0.75],
			"to": [8.4, 0.55, 1.75],
			"rotation": {"angle": -45, "axis": "x", "origin": [0, -0.4, 0]},
			"faces": {
				"north": {"uv": [0, 0, 0.8, 1], "texture": "#2"},
				"east": {"uv": [0, 0, 1, 1], "texture": "#2"},
				"south": {"uv": [0, 0, 0.8, 1], "texture": "#2"},
				"west": {"uv": [0, 0, 1, 1], "texture": "#2"},
				"up": {"uv": [0, 0, 0.8, 1], "texture": "#2"},
				"down": {"uv": [0, 0, 0.8, 1], "texture": "#2"}
			}
		},
		{
			"from": [7.6, -1.2, 1.5],
			"to": [8.4, -0.2, 2.5],
			"rotation": {"angle": -45, "axis": "x", "origin": [0, -0.4, 0]},
			"faces": {
				"north": {"uv": [0, 0, 0.8, 1], "texture": "#2"},
				"east": {"uv": [0, 0, 1, 1], "texture": "#2"},
				"south": {"uv": [0, 0, 0.8, 1], "texture": "#2"},
				"west": {"uv": [0, 0, 1, 1], "texture": "#2"},
				"up": {"uv": [0, 0, 0.8, 1], "texture": "#2"},
				"down": {"uv": [0, 0, 0.8, 1], "texture": "#2"}
			}
		},
		{
			"from": [7.6, -1.95, 2.25],
			"to": [8.4, -0.95, 3.25],
			"rotation": {"angle": -45, "axis": "x", "origin": [0, -0.4, 0]},
			"faces": {
				"north": {"uv": [0, 0, 0.8, 1], "texture": "#2"},
				"east": {"uv": [0, 0, 1, 1], "texture": "#2"},
				"south": {"uv": [0, 0, 0.8, 1], "texture": "#2"},
				"west": {"uv": [0, 0, 1, 1], "texture": "#2"},
				"up": {"uv": [0, 0, 0.8, 1], "texture": "#2"},
				"down": {"uv": [0, 0, 0.8, 1], "texture": "#2"}
			}
		},
		{
			"from": [7.6, 3.7, -3.65],
			"to": [8.4, 4.7, -2.65],
			"rotation": {"angle": -45, "axis": "x", "origin": [0, 0, 0]},
			"faces": {
				"north": {"uv": [0, 0, 0.8, 1], "texture": "#1"},
				"east": {"uv": [0, 0, 1, 1], "texture": "#1"},
				"south": {"uv": [0, 0, 0.8, 1], "texture": "#1"},
				"west": {"uv": [0, 0, 1, 1], "texture": "#1"},
				"up": {"uv": [0, 0, 0.8, 1], "texture": "#1"},
				"down": {"uv": [0, 0, 0.8, 1], "texture": "#1"}
			}
		},
		{
			"from": [7.6, 2.95, -2.9],
			"to": [8.4, 3.95, -1.9],
			"rotation": {"angle": -45, "axis": "x", "origin": [0, 0, 0]},
			"faces": {
				"north": {"uv": [0, 0, 0.8, 1], "texture": "#1"},
				"east": {"uv": [0, 0, 1, 1], "texture": "#1"},
				"south": {"uv": [0, 0, 0.8, 1], "texture": "#1"},
				"west": {"uv": [0, 0, 1, 1], "texture": "#1"},
				"up": {"uv": [0, 0, 0.8, 1], "texture": "#1"},
				"down": {"uv": [0, 0, 0.8, 1], "texture": "#1"}
			}
		},
		{
			"from": [7.6, 2.2, -2.15],
			"to": [8.4, 3.2, -1.15],
			"rotation": {"angle": -45, "axis": "x", "origin": [0, 0, 0]},
			"faces": {
				"north": {"uv": [0, 0, 0.8, 1], "texture": "#1"},
				"east": {"uv": [0, 0, 1, 1], "texture": "#1"},
				"south": {"uv": [0, 0, 0.8, 1], "texture": "#1"},
				"west": {"uv": [0, 0, 1, 1], "texture": "#1"},
				"up": {"uv": [0, 0, 0.8, 1], "texture": "#1"},
				"down": {"uv": [0, 0, 0.8, 1], "texture": "#1"}
			}
		},
		{
			"from": [7.6, 1.45, -1.4],
			"to": [8.4, 2.45, -0.4],
			"rotation": {"angle": -45, "axis": "x", "origin": [0, 0, 0]},
			"faces": {
				"north": {"uv": [0, 0, 0.8, 1], "texture": "#1"},
				"east": {"uv": [0, 0, 1, 1], "texture": "#1"},
				"south": {"uv": [0, 0, 0.8, 1], "texture": "#1"},
				"west": {"uv": [0, 0, 1, 1], "texture": "#1"},
				"up": {"uv": [0, 0, 0.8, 1], "texture": "#1"},
				"down": {"uv": [0, 0, 0.8, 1], "texture": "#1"}
			}
		},
		{
			"from": [7.6, 0.7, -0.65],
			"to": [8.4, 1.7, 0.35],
			"rotation": {"angle": -45, "axis": "x", "origin": [0, 0, 0]},
			"faces": {
				"north": {"uv": [0, 0, 0.8, 1], "texture": "#1"},
				"east": {"uv": [0, 0, 1, 1], "texture": "#1"},
				"south": {"uv": [0, 0, 0.8, 1], "texture": "#1"},
				"west": {"uv": [0, 0, 1, 1], "texture": "#1"},
				"up": {"uv": [0, 0, 0.8, 1], "texture": "#1"},
				"down": {"uv": [0, 0, 0.8, 1], "texture": "#1"}
			}
		},
		{
			"from": [7.6, -0.05, 0.1],
			"to": [8.4, 0.95, 1.1],
			"rotation": {"angle": -45, "axis": "x", "origin": [0, 0, 0]},
			"faces": {
				"north": {"uv": [0, 0, 0.8, 1], "texture": "#1"},
				"east": {"uv": [0, 0, 1, 1], "texture": "#1"},
				"south": {"uv": [0, 0, 0.8, 1], "texture": "#1"},
				"west": {"uv": [0, 0, 1, 1], "texture": "#1"},
				"up": {"uv": [0, 0, 0.8, 1], "texture": "#1"},
				"down": {"uv": [0, 0, 0.8, 1], "texture": "#1"}
			}
		},
		{
			"from": [7.6, -0.8, 0.85],
			"to": [8.4, 0.2, 1.85],
			"rotation": {"angle": -45, "axis": "x", "origin": [0, 0, 0]},
			"faces": {
				"north": {"uv": [0, 0, 0.8, 1], "texture": "#1"},
				"east": {"uv": [0, 0, 1, 1], "texture": "#1"},
				"south": {"uv": [0, 0, 0.8, 1], "texture": "#1"},
				"west": {"uv": [0, 0, 1, 1], "texture": "#1"},
				"up": {"uv": [0, 0, 0.8, 1], "texture": "#1"},
				"down": {"uv": [0, 0, 0.8, 1], "texture": "#1"}
			}
		},
		{
			"from": [7.6, -1.55, 1.6],
			"to": [8.4, -0.55, 2.6],
			"rotation": {"angle": -45, "axis": "x", "origin": [0, 0, 0]},
			"faces": {
				"north": {"uv": [0, 0, 0.8, 1], "texture": "#1"},
				"east": {"uv": [0, 0, 1, 1], "texture": "#1"},
				"south": {"uv": [0, 0, 0.8, 1], "texture": "#1"},
				"west": {"uv": [0, 0, 1, 1], "texture": "#1"},
				"up": {"uv": [0, 0, 0.8, 1], "texture": "#1"},
				"down": {"uv": [0, 0, 0.8, 1], "texture": "#1"}
			}
		},
		{
			"from": [7.6, -2.3, 2.35],
			"to": [8.4, -1.3, 3.35],
			"rotation": {"angle": -45, "axis": "x", "origin": [0, 0, 0]},
			"faces": {
				"north": {"uv": [0, 0, 0.8, 1], "texture": "#1"},
				"east": {"uv": [0, 0, 1, 1], "texture": "#1"},
				"south": {"uv": [0, 0, 0.8, 1], "texture": "#1"},
				"west": {"uv": [0, 0, 1, 1], "texture": "#1"},
				"up": {"uv": [0, 0, 0.8, 1], "texture": "#1"},
				"down": {"uv": [0, 0, 0.8, 1], "texture": "#1"}
			}
		},
		{
			"from": [7.6, 1.05, 2.85],
			"to": [8.4, 2.05, 3.85],
			"rotation": {"angle": -45, "axis": "x", "origin": [0, 0, 0]},
			"faces": {
				"north": {"uv": [0, 0, 0.8, 1], "texture": "#1"},
				"east": {"uv": [0, 0, 1, 1], "texture": "#1"},
				"south": {"uv": [0, 0, 0.8, 1], "texture": "#1"},
				"west": {"uv": [0, 0, 1, 1], "texture": "#1"},
				"up": {"uv": [0, 0, 0.8, 1], "texture": "#1"},
				"down": {"uv": [0, 0, 0.8, 1], "texture": "#1"}
			}
		},
		{
			"from": [7.6, 1.8, 2.1],
			"to": [8.4, 2.8, 3.1],
			"rotation": {"angle": -45, "axis": "x", "origin": [0, 0, 0]},
			"faces": {
				"north": {"uv": [0, 0, 0.8, 1], "texture": "#1"},
				"east": {"uv": [0, 0, 1, 1], "texture": "#1"},
				"south": {"uv": [0, 0, 0.8, 1], "texture": "#1"},
				"west": {"uv": [0, 0, 1, 1], "texture": "#1"},
				"up": {"uv": [0, 0, 0.8, 1], "texture": "#1"},
				"down": {"uv": [0, 0, 0.8, 1], "texture": "#1"}
			}
		},
		{
			"from": [7.6, 2.55, 1.35],
			"to": [8.4, 3.55, 2.35],
			"rotation": {"angle": -45, "axis": "x", "origin": [0, 0, 0]},
			"faces": {
				"north": {"uv": [0, 0, 0.8, 1], "texture": "#1"},
				"east": {"uv": [0, 0, 1, 1], "texture": "#1"},
				"south": {"uv": [0, 0, 0.8, 1], "texture": "#1"},
				"west": {"uv": [0, 0, 1, 1], "texture": "#1"},
				"up": {"uv": [0, 0, 0.8, 1], "texture": "#1"},
				"down": {"uv": [0, 0, 0.8, 1], "texture": "#1"}
			}
		},
		{
			"from": [7.6, 3.3, 0.6],
			"to": [8.4, 4.3, 1.6],
			"rotation": {"angle": -45, "axis": "x", "origin": [0, 0, 0]},
			"faces": {
				"north": {"uv": [0, 0, 0.8, 1], "texture": "#1"},
				"east": {"uv": [0, 0, 1, 1], "texture": "#1"},
				"south": {"uv": [0, 0, 0.8, 1], "texture": "#1"},
				"west": {"uv": [0, 0, 1, 1], "texture": "#1"},
				"up": {"uv": [0, 0, 0.8, 1], "texture": "#1"},
				"down": {"uv": [0, 0, 0.8, 1], "texture": "#1"}
			}
		},
		{
			"from": [7.6, 4.05, -0.15],
			"to": [8.4, 5.05, 0.85],
			"rotation": {"angle": -45, "axis": "x", "origin": [0, 0, 0]},
			"faces": {
				"north": {"uv": [0, 0, 0.8, 1], "texture": "#1"},
				"east": {"uv": [0, 0, 1, 1], "texture": "#1"},
				"south": {"uv": [0, 0, 0.8, 1], "texture": "#1"},
				"west": {"uv": [0, 0, 1, 1], "texture": "#1"},
				"up": {"uv": [0, 0, 0.8, 1], "texture": "#1"},
				"down": {"uv": [0, 0, 0.8, 1], "texture": "#1"}
			}
		},
		{
			"from": [7.6, 4.8, -0.9],
			"to": [8.4, 5.8, 0.1],
			"rotation": {"angle": -45, "axis": "x", "origin": [0, 0, 0]},
			"faces": {
				"north": {"uv": [0, 0, 0.8, 1], "texture": "#1"},
				"east": {"uv": [0, 0, 1, 1], "texture": "#1"},
				"south": {"uv": [0, 0, 0.8, 1], "texture": "#1"},
				"west": {"uv": [0, 0, 1, 1], "texture": "#1"},
				"up": {"uv": [0, 0, 0.8, 1], "texture": "#1"},
				"down": {"uv": [0, 0, 0.8, 1], "texture": "#1"}
			}
		},
		{
			"from": [7.6, 5.55, -1.65],
			"to": [8.4, 6.55, -0.65],
			"rotation": {"angle": -45, "axis": "x", "origin": [0, 0, 0]},
			"faces": {
				"north": {"uv": [0, 0, 0.8, 1], "texture": "#1"},
				"east": {"uv": [0, 0, 1, 1], "texture": "#1"},
				"south": {"uv": [0, 0, 0.8, 1], "texture": "#1"},
				"west": {"uv": [0, 0, 1, 1], "texture": "#1"},
				"up": {"uv": [0, 0, 0.8, 1], "texture": "#1"},
				"down": {"uv": [0, 0, 0.8, 1], "texture": "#1"}
			}
		},
		{
			"from": [7.6, 5.9, -2.85],
			"to": [8.4, 6.9, -1.85],
			"rotation": {"angle": -45, "axis": "x", "origin": [0, 0, 0]},
			"faces": {
				"north": {"uv": [0, 0, 0.8, 1], "texture": "#1"},
				"east": {"uv": [0, 0, 1, 1], "texture": "#1"},
				"south": {"uv": [0, 0, 0.8, 1], "texture": "#1"},
				"west": {"uv": [0, 0, 1, 1], "texture": "#1"},
				"up": {"uv": [0, 0, 0.8, 1], "texture": "#1"},
				"down": {"uv": [0, 0, 0.8, 1], "texture": "#1"}
			}
		},
		{
			"from": [7.6, 5.4, -3.35],
			"to": [8.4, 6.4, -2.35],
			"rotation": {"angle": -45, "axis": "x", "origin": [0, 0, 0]},
			"faces": {
				"north": {"uv": [0, 0, 0.8, 1], "texture": "#1"},
				"east": {"uv": [0, 0, 1, 1], "texture": "#1"},
				"south": {"uv": [0, 0, 0.8, 1], "texture": "#1"},
				"west": {"uv": [0, 0, 1, 1], "texture": "#1"},
				"up": {"uv": [0, 0, 0.8, 1], "texture": "#1"},
				"down": {"uv": [0, 0, 0.8, 1], "texture": "#1"}
			}
		},
		{
			"from": [7.6, 4.9, -3.85],
			"to": [8.4, 5.9, -2.85],
			"rotation": {"angle": -45, "axis": "x", "origin": [0, 0, 0]},
			"faces": {
				"north": {"uv": [0, 0, 0.8, 1], "texture": "#1"},
				"east": {"uv": [0, 0, 1, 1], "texture": "#1"},
				"south": {"uv": [0, 0, 0.8, 1], "texture": "#1"},
				"west": {"uv": [0, 0, 1, 1], "texture": "#1"},
				"up": {"uv": [0, 0, 0.8, 1], "texture": "#1"},
				"down": {"uv": [0, 0, 0.8, 1], "texture": "#1"}
			}
		},
		{
			"from": [7.6, 0.3, 3.6],
			"to": [8.4, 1.3, 4.6],
			"rotation": {"angle": -45, "axis": "x", "origin": [0, 0, 0]},
			"faces": {
				"north": {"uv": [0, 0, 0.8, 1], "texture": "#1"},
				"east": {"uv": [0, 0, 1, 1], "texture": "#1"},
				"south": {"uv": [0, 0, 0.8, 1], "texture": "#1"},
				"west": {"uv": [0, 0, 1, 1], "texture": "#1"},
				"up": {"uv": [0, 0, 0.8, 1], "texture": "#1"},
				"down": {"uv": [0, 0, 0.8, 1], "texture": "#1"}
			}
		},
		{
			"from": [7.6, -0.45, 4.35],
			"to": [8.4, 0.55, 5.35],
			"rotation": {"angle": -45, "axis": "x", "origin": [0, 0, 0]},
			"faces": {
				"north": {"uv": [0, 0, 0.8, 1], "texture": "#1"},
				"east": {"uv": [0, 0, 1, 1], "texture": "#1"},
				"south": {"uv": [0, 0, 0.8, 1], "texture": "#1"},
				"west": {"uv": [0, 0, 1, 1], "texture": "#1"},
				"up": {"uv": [0, 0, 0.8, 1], "texture": "#1"},
				"down": {"uv": [0, 0, 0.8, 1], "texture": "#1"}
			}
		},
		{
			"from": [6.5, 0.6, 15.7],
			"to": [6.8, 3.4, 20.7],
			"faces": {
				"east": {"uv": [0, 1, 16, 16], "rotation": 270, "texture": "#8"},
				"west": {"uv": [0, 1, 16, 16], "rotation": 90, "texture": "#8"}
			}
		},
		{
			"from": [6.6, 0.8, 15.7],
			"to": [6.7, 3.2, 20.7],
			"faces": {
				"east": {"uv": [0, 1, 16, 16], "rotation": 270, "texture": "#9"},
				"west": {"uv": [0, 1, 16, 16], "rotation": 90, "texture": "#9"}
			}
		},
		{
			"from": [9.2, 0.6, 15.7],
			"to": [9.5, 3.4, 20.7],
			"faces": {
				"east": {"uv": [0, 1, 16, 16], "rotation": 270, "texture": "#8"},
				"west": {"uv": [0, 1, 16, 16], "rotation": 90, "texture": "#8"}
			}
		},
		{
			"from": [9.3, 0.8, 15.7],
			"to": [9.4, 3.3, 20.7],
			"faces": {
				"east": {"uv": [0, 1, 16, 16], "rotation": 270, "texture": "#9"},
				"west": {"uv": [0, 1, 16, 16], "rotation": 90, "texture": "#9"}
			}
		},
		{
			"from": [6.5, 3.1, 15.7],
			"to": [9.5, 3.4, 20.7],
			"faces": {
				"up": {"uv": [0, 1, 16, 16], "rotation": 180, "texture": "#8"},
				"down": {"uv": [0, 1, 16, 16], "texture": "#8"}
			}
		},
		{
			"from": [6.6, 3.2, 15.7],
			"to": [9.4, 3.3, 20.7],
			"faces": {
				"up": {"uv": [0, 1, 16, 16], "rotation": 180, "texture": "#9"},
				"down": {"uv": [0, 1, 16, 16], "texture": "#9"}
			}
		},
		{
			"from": [6.5, 0.6, 15.7],
			"to": [9.5, 0.9, 20.7],
			"faces": {
				"up": {"uv": [0, 1, 16, 16], "rotation": 180, "texture": "#8"},
				"down": {"uv": [0, 1, 16, 16], "texture": "#8"}
			}
		},
		{
			"from": [6.7, 0.7, 15.7],
			"to": [9.3, 0.8, 20.7],
			"faces": {
				"up": {"uv": [0, 1, 16, 16], "rotation": 180, "texture": "#9"},
				"down": {"uv": [0, 1, 16, 16], "texture": "#9"}
			}
		}
	],
	"display": {
		"thirdperson_righthand": {
			"translation": [0, 4.25, 0.75],
			"scale": [1.01, 1.01, 1.01]
		},
		"thirdperson_lefthand": {
			"translation": [0, 4, 0]
		},
		"firstperson_righthand": {
			"translation": [7, 6, 2.75]
		},
		"firstperson_lefthand": {
			"translation": [7.25, 5.25, 1.75]
		},
		"ground": {
			"translation": [0, 6.5, -2]
		},
		"gui": {
			"rotation": [18, -140, 0],
			"translation": [2.25, 6.75, 0],
			"scale": [1.5, 1.5, 1.5]
		},
		"head": {
			"translation": [0, 12, -4.75],
			"scale": [2, 2, 2]
		},
		"fixed": {
			"rotation": [0, -92, 0],
			"translation": [4, 12, -4.25],
			"scale": [2, 2, 2]
		}
	},
	"groups": [
		{
			"name": "south_base",
			"origin": [0, 0, 0],
			"color": 0,
			"children": [0, 1, 2, 3, 4, 5, 6, 7, 8, 9, 10, 11, 12, 13, 14, 15, 16, 17, 18, 19, 20, 21, 22, 23, 24, 25]
		},
		{
			"name": "blade_state_1",
			"origin": [0, 0, 0],
			"color": 0,
			"children": [26, 27, 28, 29, 30, 31, 32, 33, 34, 35, 36, 37, 38, 39, 40, 41, 42, 43, 44, 45]
		},
		{
			"name": "blade_state_2",
			"origin": [0, 0, 0],
			"color": 0,
			"children": [46, 47, 48, 49, 50, 51, 52, 53, 54, 55, 56, 57, 58, 59, 60, 61, 62, 63, 64, 65, 66]
		},
		67,
		68,
		69,
		70,
		71,
		72,
		73,
		74
	]
}
