{
	"credit": "Made with Blockbench",
	"textures": {
		"0": "block/dark_oak_planks",
		"1": "block/anvil",
		"3": "block/diamond_block",
		"4": "block/dark_oak_log_top",
		"7": "block/stripped_dark_oak_log_top",
		"8": "block/white_wool",
		"9": "block/redstone_block",
		"10": "entity/custom/turret/crossbow/string",
		"11": "block/white_shulker_box",
		"particle": "block/dark_oak_planks"
	},
	"elements": [
		{
			"from": [8.5, 8.75, -0.5],
			"to": [9.5, 9.75, 15.5],
			"rotation": {"angle": 0, "axis": "y", "origin": [0, 7.75, 0.5]},
			"faces": {
				"north": {"uv": [0, 0, 2, 2], "texture": "#1"},
				"east": {"uv": [0, 0, 16, 2], "texture": "#1"},
				"south": {"uv": [0, 0, 2, 2], "texture": "#1"},
				"west": {"uv": [0, 0, 16, 2], "texture": "#1"},
				"up": {"uv": [0, 0, 2, 16], "texture": "#1"},
				"down": {"uv": [0, 0, 2, 16], "texture": "#1"}
			}
		},
		{
			"from": [7, 9.75, 2.5],
			"to": [7.25, 10, 13.5],
			"rotation": {"angle": 0, "axis": "y", "origin": [0.5, 7.75, 0.5]},
			"faces": {
				"north": {"uv": [0, 0, 2, 2], "texture": "#9"},
				"east": {"uv": [0, 1, 16, 2], "texture": "#9"},
				"south": {"uv": [0, 0, 2, 2], "texture": "#9"},
				"west": {"uv": [0, 1, 16, 2], "texture": "#9"},
				"up": {"uv": [1, 0, 2, 16], "texture": "#9"},
				"down": {"uv": [1, 0, 2, 16], "texture": "#9"}
			}
		},
		{
			"from": [8.75, 9.75, 2.5],
			"to": [9, 10, 13.5],
			"rotation": {"angle": 0, "axis": "y", "origin": [0, 7.75, 0.5]},
			"faces": {
				"north": {"uv": [0, 0, 2, 2], "texture": "#9"},
				"east": {"uv": [0, 1, 16, 2], "texture": "#9"},
				"south": {"uv": [0, 0, 2, 2], "texture": "#9"},
				"west": {"uv": [0, 1, 16, 2], "texture": "#9"},
				"up": {"uv": [1, 0, 2, 16], "texture": "#9"},
				"down": {"uv": [1, 0, 2, 16], "texture": "#9"}
			}
		},
		{
			"from": [6.75, 8.25, -1.25],
			"to": [7.25, 9, -0.75],
			"rotation": {"angle": 22.5, "axis": "x", "origin": [0.5, 7.5, 0.75]},
			"faces": {
				"north": {"uv": [0, 0, 2, 2], "texture": "#3"},
				"east": {"uv": [0, 0, 2, 2], "texture": "#3"},
				"south": {"uv": [0, 0, 2, 2], "texture": "#3"},
				"west": {"uv": [0, 0, 2, 2], "texture": "#3"},
				"up": {"uv": [0, 0, 2, 2], "texture": "#3"},
				"down": {"uv": [0, 0, 2, 2], "texture": "#3"}
			}
		},
		{
			"from": [8.75, 8.25, -1.25],
			"to": [9.25, 9, -0.75],
			"rotation": {"angle": 22.5, "axis": "x", "origin": [0.5, 7.5, 0.75]},
			"faces": {
				"north": {"uv": [0, 0, 2, 2], "texture": "#3"},
				"east": {"uv": [0, 0, 2, 2], "texture": "#3"},
				"south": {"uv": [0, 0, 2, 2], "texture": "#3"},
				"west": {"uv": [0, 0, 2, 2], "texture": "#3"},
				"up": {"uv": [0, 0, 2, 2], "texture": "#3"},
				"down": {"uv": [0, 0, 2, 2], "texture": "#3"}
			}
		},
		{
			"from": [7.5, 9, 0],
			"to": [8.5, 9.25, 13],
			"rotation": {"angle": 0, "axis": "y", "origin": [0, 7.75, 0.5]},
			"faces": {
				"north": {"uv": [0, 0, 2, 1], "texture": "#1"},
				"east": {"uv": [0, 0, 15.5, 0.25], "texture": "#1"},
				"south": {"uv": [0, 0, 2, 1], "texture": "#1"},
				"west": {"uv": [0, 0, 13, 2], "texture": "#1"},
				"up": {"uv": [2, 1, 4, 14], "texture": "#1"},
				"down": {"uv": [0, 0.5, 2, 13.5], "texture": "#1"}
			}
		},
		{
			"from": [7.75, 9.5, 11.5],
			"to": [8.25, 9.75, 12],
			"rotation": {"angle": 0, "axis": "y", "origin": [0, 7.75, 0.5]},
			"faces": {
				"north": {"uv": [0, 1, 2, 2], "texture": "#1"},
				"east": {"uv": [0, 0, 15.5, 0.25], "texture": "#1"},
				"south": {"uv": [0, 0, 2, 1], "texture": "#1"},
				"west": {"uv": [0, 0, 13, 2], "texture": "#1"},
				"up": {"uv": [2, 1, 4, 3], "texture": "#1"},
				"down": {"uv": [0, 0.5, 2, 13.5], "texture": "#1"}
			}
		},
		{
			"from": [7.5, 9.75, 0.75],
			"to": [8.5, 10, 2.25],
			"rotation": {"angle": 0, "axis": "y", "origin": [0, 7.75, 0.5]},
			"faces": {
				"north": {"uv": [0, 0, 2, 1], "texture": "#1"},
				"east": {"uv": [0, 0, 15.5, 0.25], "texture": "#1"},
				"south": {"uv": [0, 0, 2, 1], "texture": "#1"},
				"west": {"uv": [0, 0, 13, 2], "texture": "#1"},
				"up": {"uv": [0, 0.5, 2, 3], "texture": "#1"},
				"down": {"uv": [0, 0.5, 2, 13.5], "texture": "#1"}
			}
		},
		{
			"from": [6.5, 8.75, -0.5],
			"to": [7.5, 9.75, 15.5],
			"rotation": {"angle": 0, "axis": "y", "origin": [0.5, 7.75, 0.5]},
			"faces": {
				"north": {"uv": [0, 0, 2, 2], "texture": "#1"},
				"east": {"uv": [0, 0, 16, 2], "texture": "#1"},
				"south": {"uv": [0, 0, 2, 2], "texture": "#1"},
				"west": {"uv": [0, 0, 16, 2], "texture": "#1"},
				"up": {"uv": [0, 0, 2, 16], "texture": "#1"},
				"down": {"uv": [0, 0, 2, 16], "texture": "#1"}
			}
		},
		{
			"from": [6.25, 8.5, 4.5],
			"to": [7.25, 9.5, 11.5],
			"rotation": {"angle": 0, "axis": "y", "origin": [0.5, 7.75, 0.5]},
			"faces": {
				"north": {"uv": [0, 0, 2, 2], "texture": "#3"},
				"east": {"uv": [0, 0, 16, 3], "texture": "#3"},
				"south": {"uv": [0, 0, 2, 2], "texture": "#3"},
				"west": {"uv": [0, 0, 16, 2], "texture": "#3"},
				"up": {"uv": [0, 0, 2, 16], "texture": "#3"},
				"down": {"uv": [14, 0, 16, 16], "texture": "#3"}
			}
		},
		{
			"from": [8.75, 8.5, 4.5],
			"to": [9.75, 9.5, 11.5],
			"rotation": {"angle": 0, "axis": "y", "origin": [0.5, 7.75, 0.5]},
			"faces": {
				"north": {"uv": [0, 0, 2, 2], "texture": "#3"},
				"east": {"uv": [0, 0, 16, 3], "texture": "#3"},
				"south": {"uv": [0, 0, 2, 2], "texture": "#3"},
				"west": {"uv": [0, 0, 16, 2], "texture": "#3"},
				"up": {"uv": [0, 0, 2, 16], "texture": "#3"},
				"down": {"uv": [0, 0, 2, 16], "texture": "#3"}
			}
		},
		{
			"from": [6.25, 8.5, 14.5],
			"to": [7.25, 9.5, 15.75],
			"rotation": {"angle": 0, "axis": "y", "origin": [0.5, 7.75, 0.5]},
			"faces": {
				"north": {"uv": [0, 0, 3, 3], "texture": "#3"},
				"east": {"uv": [0, 0, 3, 3], "texture": "#3"},
				"south": {"uv": [0, 0, 3, 3], "texture": "#3"},
				"west": {"uv": [0, 0, 3, 3], "rotation": 90, "texture": "#3"},
				"up": {"uv": [0, 0, 3, 3], "rotation": 270, "texture": "#3"},
				"down": {"uv": [0, 0, 3, 3], "texture": "#3"}
			}
		},
		{
			"from": [8.75, 8.5, 14.5],
			"to": [9.75, 9.5, 15.75],
			"rotation": {"angle": 0, "axis": "y", "origin": [0.5, 7.75, 0.5]},
			"faces": {
				"north": {"uv": [0, 0, 3, 3], "texture": "#3"},
				"east": {"uv": [0, 0, 3, 3], "texture": "#3"},
				"south": {"uv": [0, 0, 3, 3], "rotation": 90, "texture": "#3"},
				"west": {"uv": [0, 0, 3, 3], "texture": "#3"},
				"up": {"uv": [0, 0, 3, 3], "rotation": 180, "texture": "#3"},
				"down": {"uv": [0, 0, 3, 3], "texture": "#3"}
			}
		},
		{
			"name": "string",
			"from": [8, 9.77, 6.75],
			"to": [17.75, 9.77, 12.67],
			"rotation": {"angle": 0, "axis": "y", "origin": [16, 0, 0]},
			"faces": {
				"up": {"uv": [9.6, 0, 0, 10], "texture": "#10"},
				"down": {"uv": [9.6, 0, 0, 10], "rotation": 90, "texture": "#10"}
			}
		},
		{
			"name": "string",
			"from": [-1.75, 9.77, 6.75],
			"to": [8, 9.77, 12.67],
			"faces": {
				"up": {"uv": [0, 0, 9.6, 10], "texture": "#10"},
				"down": {"uv": [0, 0, 9.6, 10], "rotation": 90, "texture": "#10"}
			}
		},
		{
			"from": [7.5, 9.5, 12.5],
			"to": [8.5, 10, 15],
			"rotation": {"angle": 0, "axis": "y", "origin": [0.5, 9.5, 0.5]},
			"faces": {
				"north": {"uv": [5, 3, 8, 6], "texture": "#0"},
				"east": {"uv": [10, 3, 12, 9], "rotation": 90, "texture": "#0"},
				"south": {"uv": [6, 0, 9, 3], "texture": "#0"},
				"west": {"uv": [4, 3, 6, 9], "rotation": 270, "texture": "#0"},
				"up": {"uv": [6, 3, 10, 9], "texture": "#0"},
				"down": {"uv": [0, 0, 1, 3], "texture": "#0"}
			}
		},
		{
			"from": [6.45, 9.25, 12.75],
			"to": [9.5, 9.87, 13.75],
			"rotation": {"angle": 0, "axis": "y", "origin": [0.5, 9.5, 0.5]},
			"faces": {
				"north": {"uv": [0, 0, 3, 3], "texture": "#0"},
				"east": {"uv": [0, 0, 6, 2], "texture": "#0"},
				"south": {"uv": [0, 0, 3, 3], "texture": "#0"},
				"west": {"uv": [0, 0, 6, 2], "texture": "#0"},
				"up": {"uv": [0, 0, 4, 2], "texture": "#0"},
				"down": {"uv": [0, 0, 1, 3], "texture": "#0"}
			}
		},
		{
			"from": [4.5, 1.41745, 17.41377],
			"to": [4.75, 1.66745, 17.91377],
			"rotation": {"angle": 45, "axis": "x", "origin": [4.625, 11.51517, 12.41161]},
			"faces": {
				"north": {"uv": [0, 0, 3, 3], "texture": "#0"},
				"east": {"uv": [0, 0, 6, 2], "texture": "#0"},
				"south": {"uv": [0, 0, 3, 3], "texture": "#0"},
				"west": {"uv": [0, 0, 6, 2], "texture": "#0"},
				"up": {"uv": [0, 0, 2, 6], "texture": "#0"},
				"down": {"uv": [0, 0, 1, 3], "texture": "#0"}
			}
		},
		{
			"from": [7.75, 10, 13.25],
			"to": [8.25, 10.5, 14],
			"rotation": {"angle": -22.5, "axis": "x", "origin": [8, 10.875, 14.75]},
			"faces": {
				"north": {"uv": [0, 0, 2, 2], "texture": "#3"},
				"east": {"uv": [0, 0, 2, 3], "texture": "#3"},
				"south": {"uv": [0, 0, 2, 2], "texture": "#3"},
				"west": {"uv": [0, 2, 3, 4], "texture": "#3"},
				"up": {"uv": [1, 2, 3, 5], "texture": "#3"},
				"down": {"uv": [0, 0, 0.5, 0.75], "texture": "#3"}
			}
		},
		{
			"from": [7.75, 10.25, 12],
			"to": [8.25, 10.85, 12.5],
			"rotation": {"angle": -22.5, "axis": "x", "origin": [8, 10.875, 14.75]},
			"faces": {
				"north": {"uv": [0, 0, 2, 2], "texture": "#3"},
				"east": {"uv": [0, 0, 2, 3], "texture": "#3"},
				"south": {"uv": [0, 0, 2, 2], "texture": "#3"},
				"west": {"uv": [0, 2, 3, 4], "texture": "#3"},
				"up": {"uv": [1, 2, 3, 5], "texture": "#3"},
				"down": {"uv": [0, 0, 0.5, 0.75], "texture": "#3"}
			}
		},
		{
			"from": [6.25, 9.41711, 13.055],
			"to": [9.75, 9.74711, 13.415],
			"rotation": {"angle": 0, "axis": "y", "origin": [6.375, 9.72319, 13.53883]},
			"faces": {
				"north": {"uv": [0, 0, 3, 3], "rotation": 180, "texture": "#3"},
				"east": {"uv": [0, 0, 6, 2], "rotation": 180, "texture": "#3"},
				"south": {"uv": [0, 0, 3, 3], "rotation": 180, "texture": "#3"},
				"west": {"uv": [0, 0, 6, 2], "rotation": 180, "texture": "#3"},
				"up": {"uv": [0, 0, 1, 3], "texture": "#3"},
				"down": {"uv": [0, 0, 2, 6], "texture": "#3"}
			}
		},
		{
			"from": [6.24, 9, 13],
			"to": [6.76, 9.25, 13.5],
			"rotation": {"angle": 0, "axis": "y", "origin": [2.25, 9.25, 1]},
			"faces": {
				"north": {"uv": [0, 2, 2, 4], "texture": "#0"},
				"east": {"uv": [0, 2, 2, 4], "texture": "#0"},
				"south": {"uv": [0, 2, 2, 4], "texture": "#0"},
				"west": {"uv": [0, 2, 2, 4], "texture": "#0"},
				"up": {"uv": [0, 2, 2, 4], "texture": "#0"},
				"down": {"uv": [0, 2, 2, 4], "texture": "#0"}
			}
		},
		{
			"from": [6.25, 9.18436, 13.77275],
			"to": [6.75, 9.68436, 14.02275],
			"rotation": {"angle": 45, "axis": "x", "origin": [6.375, 9.72319, 13.53883]},
			"faces": {
				"north": {"uv": [0, 2, 2, 4], "rotation": 180, "texture": "#0"},
				"east": {"uv": [0, 2, 2, 4], "rotation": 90, "texture": "#0"},
				"south": {"uv": [0, 2, 2, 4], "texture": "#0"},
				"west": {"uv": [0, 2, 2, 4], "rotation": 270, "texture": "#0"},
				"up": {"uv": [0, 2, 2, 4], "texture": "#0"},
				"down": {"uv": [0, 2, 2, 4], "rotation": 180, "texture": "#0"}
			}
		},
		{
			"from": [6.24, 9.35355, 13.60355],
			"to": [6.76, 9.85355, 13.85355],
			"rotation": {"angle": 0, "axis": "x", "origin": [6.375, 9.72319, 13.53883]},
			"faces": {
				"north": {"uv": [0, 2, 2, 4], "rotation": 180, "texture": "#0"},
				"east": {"uv": [0, 2, 2, 4], "rotation": 90, "texture": "#0"},
				"south": {"uv": [0, 2, 2, 4], "texture": "#0"},
				"west": {"uv": [0, 2, 2, 4], "rotation": 270, "texture": "#0"},
				"up": {"uv": [0, 2, 2, 4], "texture": "#0"},
				"down": {"uv": [0, 2, 2, 4], "rotation": 180, "texture": "#0"}
			}
		},
		{
			"from": [6.25, 9.78791, 13.16919],
			"to": [6.75, 10.03791, 13.66919],
			"rotation": {"angle": 45, "axis": "x", "origin": [6.375, 9.72319, 13.53883]},
			"faces": {
				"north": {"uv": [0, 2, 2, 4], "rotation": 180, "texture": "#0"},
				"east": {"uv": [0, 2, 2, 4], "rotation": 180, "texture": "#0"},
				"south": {"uv": [0, 2, 2, 4], "rotation": 180, "texture": "#0"},
				"west": {"uv": [0, 2, 2, 4], "rotation": 180, "texture": "#0"},
				"up": {"uv": [0, 2, 2, 4], "texture": "#0"},
				"down": {"uv": [0, 2, 2, 4], "texture": "#0"}
			}
		},
		{
			"from": [6.24, 9.95711, 13],
			"to": [6.76, 10.20711, 13.5],
			"rotation": {"angle": 0, "axis": "x", "origin": [6.375, 9.72319, 13.53883]},
			"faces": {
				"north": {"uv": [0, 2, 2, 4], "rotation": 180, "texture": "#0"},
				"east": {"uv": [0, 2, 2, 4], "rotation": 180, "texture": "#0"},
				"south": {"uv": [0, 2, 2, 4], "rotation": 180, "texture": "#0"},
				"west": {"uv": [0, 2, 2, 4], "rotation": 180, "texture": "#0"},
				"up": {"uv": [0, 2, 2, 4], "texture": "#0"},
				"down": {"uv": [0, 2, 2, 4], "texture": "#0"}
			}
		},
		{
			"from": [9.25, 9.14017, 12.66161],
			"to": [9.75, 9.39017, 13.16161],
			"rotation": {"angle": 45, "axis": "x", "origin": [9.375, 9.26517, 12.91161]},
			"faces": {
				"north": {"uv": [0, 2, 2, 4], "texture": "#0"},
				"east": {"uv": [0, 2, 2, 4], "texture": "#0"},
				"south": {"uv": [0, 2, 2, 4], "texture": "#0"},
				"west": {"uv": [0, 2, 2, 4], "texture": "#0"},
				"up": {"uv": [0, 2, 2, 4], "texture": "#0"},
				"down": {"uv": [0, 2, 2, 4], "texture": "#0"}
			}
		},
		{
			"from": [9.24, 9, 13],
			"to": [9.76, 9.25, 13.5],
			"rotation": {"angle": 0, "axis": "y", "origin": [5.25, 9.25, 1]},
			"faces": {
				"north": {"uv": [0, 2, 2, 4], "texture": "#0"},
				"east": {"uv": [0, 2, 2, 4], "texture": "#0"},
				"south": {"uv": [0, 2, 2, 4], "texture": "#0"},
				"west": {"uv": [0, 2, 2, 4], "texture": "#0"},
				"up": {"uv": [0, 2, 2, 4], "texture": "#0"},
				"down": {"uv": [0, 2, 2, 4], "texture": "#0"}
			}
		},
		{
			"from": [9.25, 9.18436, 13.77275],
			"to": [9.75, 9.68436, 14.02275],
			"rotation": {"angle": 45, "axis": "x", "origin": [9.375, 9.72319, 13.53883]},
			"faces": {
				"north": {"uv": [0, 2, 2, 4], "rotation": 180, "texture": "#0"},
				"east": {"uv": [0, 2, 2, 4], "rotation": 90, "texture": "#0"},
				"south": {"uv": [0, 2, 2, 4], "texture": "#0"},
				"west": {"uv": [0, 2, 2, 4], "rotation": 270, "texture": "#0"},
				"up": {"uv": [0, 2, 2, 4], "texture": "#0"},
				"down": {"uv": [0, 2, 2, 4], "rotation": 180, "texture": "#0"}
			}
		},
		{
			"from": [9.24, 9.35355, 13.60355],
			"to": [9.76, 9.85355, 13.85355],
			"rotation": {"angle": 0, "axis": "y", "origin": [9.375, 9.72319, 13.53883]},
			"faces": {
				"north": {"uv": [0, 2, 2, 4], "rotation": 180, "texture": "#0"},
				"east": {"uv": [0, 2, 2, 4], "rotation": 90, "texture": "#0"},
				"south": {"uv": [0, 2, 2, 4], "texture": "#0"},
				"west": {"uv": [0, 2, 2, 4], "rotation": 270, "texture": "#0"},
				"up": {"uv": [0, 2, 2, 4], "texture": "#0"},
				"down": {"uv": [0, 2, 2, 4], "rotation": 180, "texture": "#0"}
			}
		},
		{
			"from": [9.25, 9.78791, 13.16919],
			"to": [9.75, 10.03791, 13.66919],
			"rotation": {"angle": 45, "axis": "x", "origin": [9.375, 9.72319, 13.53883]},
			"faces": {
				"north": {"uv": [0, 2, 2, 4], "rotation": 180, "texture": "#0"},
				"east": {"uv": [0, 2, 2, 4], "rotation": 180, "texture": "#0"},
				"south": {"uv": [0, 2, 2, 4], "rotation": 180, "texture": "#0"},
				"west": {"uv": [0, 2, 2, 4], "rotation": 180, "texture": "#0"},
				"up": {"uv": [0, 2, 2, 4], "texture": "#0"},
				"down": {"uv": [0, 2, 2, 4], "texture": "#0"}
			}
		},
		{
			"from": [9.25, 9.69194, 12.78661],
			"to": [9.75, 10.19194, 13.03661],
			"rotation": {"angle": 45, "axis": "x", "origin": [9.375, 9.94194, 12.91161]},
			"faces": {
				"north": {"uv": [0, 2, 2, 4], "rotation": 180, "texture": "#0"},
				"east": {"uv": [0, 2, 2, 4], "rotation": 270, "texture": "#0"},
				"south": {"uv": [0, 2, 2, 4], "texture": "#0"},
				"west": {"uv": [0, 2, 2, 4], "rotation": 90, "texture": "#0"},
				"up": {"uv": [0, 2, 2, 4], "rotation": 180, "texture": "#0"},
				"down": {"uv": [0, 2, 2, 4], "texture": "#0"}
			}
		},
		{
			"from": [9.24, 9.35355, 12.64645],
			"to": [9.76, 9.85355, 12.89645],
			"rotation": {"angle": 0, "axis": "y", "origin": [9.375, 9.60355, 12.77145]},
			"faces": {
				"north": {"uv": [0, 2, 2, 4], "rotation": 180, "texture": "#0"},
				"east": {"uv": [0, 2, 2, 4], "rotation": 270, "texture": "#0"},
				"south": {"uv": [0, 2, 2, 4], "texture": "#0"},
				"west": {"uv": [0, 2, 2, 4], "rotation": 90, "texture": "#0"},
				"up": {"uv": [0, 2, 2, 4], "rotation": 180, "texture": "#0"},
				"down": {"uv": [0, 2, 2, 4], "texture": "#0"}
			}
		},
		{
			"from": [9.24, 9.95711, 13],
			"to": [9.76, 10.20711, 13.5],
			"rotation": {"angle": 0, "axis": "y", "origin": [9.375, 9.72319, 13.53883]},
			"faces": {
				"north": {"uv": [0, 2, 2, 4], "rotation": 180, "texture": "#0"},
				"east": {"uv": [0, 2, 2, 4], "rotation": 180, "texture": "#0"},
				"south": {"uv": [0, 2, 2, 4], "rotation": 180, "texture": "#0"},
				"west": {"uv": [0, 2, 2, 4], "rotation": 180, "texture": "#0"},
				"up": {"uv": [0, 2, 2, 4], "texture": "#0"},
				"down": {"uv": [0, 2, 2, 4], "texture": "#0"}
			}
		},
		{
			"from": [6.24, 9.35355, 12.64645],
			"to": [6.76, 9.85355, 12.89645],
			"rotation": {"angle": 0, "axis": "x", "origin": [6.375, 9.60355, 12.77145]},
			"faces": {
				"north": {"uv": [0, 2, 2, 4], "rotation": 180, "texture": "#0"},
				"east": {"uv": [0, 2, 2, 4], "rotation": 270, "texture": "#0"},
				"south": {"uv": [0, 2, 2, 4], "texture": "#0"},
				"west": {"uv": [0, 2, 2, 4], "rotation": 90, "texture": "#0"},
				"up": {"uv": [0, 2, 2, 4], "rotation": 180, "texture": "#0"},
				"down": {"uv": [0, 2, 2, 4], "texture": "#0"}
			}
		},
		{
			"from": [6.25, 9.69194, 12.78661],
			"to": [6.75, 10.19194, 13.03661],
			"rotation": {"angle": 45, "axis": "x", "origin": [6.375, 9.94194, 12.91161]},
			"faces": {
				"north": {"uv": [0, 2, 2, 4], "rotation": 180, "texture": "#0"},
				"east": {"uv": [0, 2, 2, 4], "rotation": 270, "texture": "#0"},
				"south": {"uv": [0, 2, 2, 4], "texture": "#0"},
				"west": {"uv": [0, 2, 2, 4], "rotation": 90, "texture": "#0"},
				"up": {"uv": [0, 2, 2, 4], "rotation": 180, "texture": "#0"},
				"down": {"uv": [0, 2, 2, 4], "texture": "#0"}
			}
		},
		{
			"from": [6.25, 9.14017, 12.66161],
			"to": [6.75, 9.39017, 13.16161],
			"rotation": {"angle": 45, "axis": "x", "origin": [6.375, 9.26517, 12.91161]},
			"faces": {
				"north": {"uv": [0, 2, 2, 4], "texture": "#0"},
				"east": {"uv": [0, 2, 2, 4], "texture": "#0"},
				"south": {"uv": [0, 2, 2, 4], "texture": "#0"},
				"west": {"uv": [0, 2, 2, 4], "texture": "#0"},
				"up": {"uv": [0, 2, 2, 4], "texture": "#0"},
				"down": {"uv": [0, 2, 2, 4], "texture": "#0"}
			}
		},
		{
			"from": [1.39, 9.5, 7.75],
			"to": [11.75, 9.69, 8],
			"rotation": {"angle": -22.5, "axis": "y", "origin": [0, 0, 0]},
			"faces": {
				"north": {"uv": [0, 0, 16, 1], "texture": "#11"},
				"east": {"uv": [0, 0, 1, 1], "texture": "#11"},
				"south": {"uv": [0, 0, 16, 1], "texture": "#11"},
				"west": {"uv": [0, 0, 1, 1], "texture": "#11"},
				"up": {"uv": [0, 0, 1, 16], "rotation": 270, "texture": "#11"},
				"down": {"uv": [0, 0, 1, 16], "rotation": 90, "texture": "#11"}
			}
		},
		{
			"from": [4.25, 9.5, 7.75],
			"to": [14.61, 9.69, 8],
			"rotation": {"angle": 22.5, "axis": "y", "origin": [16, 0, 0]},
			"faces": {
				"north": {"uv": [0, 0, 16, 1], "texture": "#11"},
				"east": {"uv": [0.25, 0, 1.25, 1], "texture": "#11"},
				"south": {"uv": [0, 0, 16, 1], "texture": "#11"},
				"west": {"uv": [0.25, 0, 1.25, 1], "texture": "#11"},
				"up": {"uv": [0, 0, 1, 16], "rotation": 270, "texture": "#11"},
				"down": {"uv": [0, 0, 1, 16], "rotation": 90, "texture": "#11"}
			}
		},
		{
			"from": [19.32952, 8.99, 8.29395],
			"to": [20.82952, 10.01, 10.33395],
			"rotation": {"angle": -22.5, "axis": "y", "origin": [25.32952, 9, 0.30395]},
			"faces": {
				"north": {"uv": [7, 3, 3, 5], "texture": "#8"},
				"east": {"uv": [4, 7, 0, 9], "texture": "#8"},
				"south": {"uv": [16, 3, 12, 5], "texture": "#8", "tintindex": 0},
				"west": {"uv": [4, 0, 0, 2], "texture": "#8"},
				"up": {"uv": [6, 3, 0, 7], "texture": "#8"},
				"down": {"uv": [6, 0, 0, 4], "texture": "#8"}
			}
		},
		{
			"from": [18.32952, 9, 8.30395],
			"to": [21.32952, 10, 10.30395],
			"rotation": {"angle": -22.5, "axis": "y", "origin": [25.32952, 9, 0.30395]},
			"faces": {
				"north": {"uv": [7, 3, 3, 5], "texture": "#0"},
				"east": {"uv": [4, 7, 0, 9], "texture": "#0"},
				"south": {"uv": [16, 3, 12, 5], "texture": "#0"},
				"west": {"uv": [4, 0, 0, 2], "texture": "#0"},
				"up": {"uv": [6, 3, 0, 7], "texture": "#0"},
				"down": {"uv": [6, 0, 0, 4], "texture": "#0"}
			}
		},
		{
			"from": [11.62132, 8.76, -0.37868],
			"to": [13.62132, 10.26, 6.62132],
			"rotation": {"angle": 45, "axis": "y", "origin": [13.62132, 9.01, 2.62132]},
			"faces": {
				"north": {"uv": [2, 0, 4, 1], "texture": "#0"},
				"east": {"uv": [0, 3, 14, 6], "texture": "#0"},
				"south": {"uv": [2, 3, 6, 5], "texture": "#0"},
				"west": {"uv": [0, 3, 14, 6], "texture": "#0"},
				"up": {"uv": [0, 4, 14, 8], "rotation": 270, "texture": "#0"},
				"down": {"uv": [0, 2, 14, 6], "rotation": 90, "texture": "#0"}
			}
		},
		{
			"from": [11.59132, 8.75, 1.12132],
			"to": [13.65132, 10.27, 5.87132],
			"rotation": {"angle": 45, "axis": "y", "origin": [13.62132, 9.01, 2.62132]},
			"faces": {
				"north": {"uv": [2, 0, 4, 1], "texture": "#8"},
				"east": {"uv": [0, 3, 12, 6], "texture": "#8"},
				"south": {"uv": [2, 3, 6, 5], "texture": "#8", "tintindex": 0},
				"west": {"uv": [0, 3, 12, 6], "texture": "#8"},
				"up": {"uv": [0, 4, 12, 8], "rotation": 270, "texture": "#8"},
				"down": {"uv": [0, 2, 12, 6], "rotation": 90, "texture": "#8"}
			}
		},
		{
			"from": [8.49, 8.5, 0.5],
			"to": [11.5, 10.5, 2.5],
			"rotation": {"angle": 0, "axis": "y", "origin": [15.5, 9, 0.5]},
			"faces": {
				"north": {"uv": [6, 3, 3, 7], "texture": "#0"},
				"east": {"uv": [3, 3, 0, 6], "texture": "#0"},
				"south": {"uv": [3, 3, 0, 5], "texture": "#0"},
				"west": {"uv": [6, 3, 10, 7], "texture": "#0"},
				"up": {"uv": [10, 3, 16, 7], "texture": "#0"},
				"down": {"uv": [3, 0, 0, 4], "texture": "#0"}
			}
		},
		{
			"from": [4.5, 8.5, 0.5],
			"to": [7.51, 10.5, 2.5],
			"rotation": {"angle": 0, "axis": "y", "origin": [0.5, 9, 0.5]},
			"faces": {
				"north": {"uv": [0, 3, 3, 7], "texture": "#0"},
				"east": {"uv": [12, 3, 16, 7], "texture": "#0"},
				"south": {"uv": [0, 3, 3, 5], "texture": "#0"},
				"west": {"uv": [1, 3, 4, 6], "texture": "#0"},
				"up": {"uv": [6, 3, 15, 7], "texture": "#0"},
				"down": {"uv": [0, 0, 3, 4], "texture": "#0"}
			}
		},
		{
			"from": [9.74, 8.49, 0.48],
			"to": [10.5, 10.51, 2.52],
			"rotation": {"angle": 0, "axis": "y", "origin": [15.5, 9, 0.5]},
			"faces": {
				"north": {"uv": [5, 3, 3, 7], "texture": "#8"},
				"east": {"uv": [3, 3, 0, 6], "texture": "#8"},
				"south": {"uv": [3, 4, 1, 8], "texture": "#8", "tintindex": 0},
				"west": {"uv": [6, 3, 10, 7], "texture": "#8"},
				"up": {"uv": [11, 3, 13, 7], "texture": "#8"},
				"down": {"uv": [2, 0, 0, 3], "texture": "#8"}
			}
		},
		{
			"from": [5.5, 8.49, 0.48],
			"to": [6.26, 10.51, 2.52],
			"rotation": {"angle": 0, "axis": "y", "origin": [0.5, 9, 0.5]},
			"faces": {
				"north": {"uv": [7, 8, 9, 12], "texture": "#8"},
				"east": {"uv": [12, 3, 16, 7], "texture": "#8"},
				"south": {"uv": [7, 8, 9, 12], "texture": "#8", "tintindex": 0},
				"west": {"uv": [1, 3, 4, 6], "texture": "#8"},
				"up": {"uv": [7, 4, 9, 8], "texture": "#8"},
				"down": {"uv": [0, 0, 2, 5], "texture": "#8"}
			}
		},
		{
			"from": [2.37868, 8.76, -0.37868],
			"to": [4.37868, 10.26, 6.62132],
			"rotation": {"angle": -45, "axis": "y", "origin": [2.37868, 9.01, 2.62132]},
			"faces": {
				"north": {"uv": [0, 0, 2, 2], "texture": "#0"},
				"east": {"uv": [0, 3, 14, 5], "texture": "#0"},
				"south": {"uv": [6, 3, 10, 6], "texture": "#0"},
				"west": {"uv": [0, 3, 14, 6], "texture": "#0"},
				"up": {"uv": [0, 3, 14, 7], "rotation": 270, "texture": "#0"},
				"down": {"uv": [0, 0, 14, 4], "rotation": 90, "texture": "#0"}
			}
		},
		{
			"from": [2.34868, 8.75, 1.21132],
			"to": [4.42868, 10.27, 5.92132],
			"rotation": {"angle": -45, "axis": "y", "origin": [2.37868, 9.01, 2.62132]},
			"faces": {
				"north": {"uv": [0, 0, 2, 2], "texture": "#8"},
				"east": {"uv": [0, 3, 12, 6], "texture": "#8"},
				"south": {"uv": [6, 3, 10, 6], "texture": "#8", "tintindex": 0},
				"west": {"uv": [0, 3, 12, 6], "texture": "#8"},
				"up": {"uv": [0, 3, 12, 7], "rotation": 270, "texture": "#8"},
				"down": {"uv": [0, 0, 12, 4], "rotation": 90, "texture": "#8"}
			}
		},
		{
			"from": [17.64228, 9.25, 6.82731],
			"to": [18.39228, 9.75, 8.32731],
			"rotation": {"angle": -45, "axis": "y", "origin": [18.76728, 9.5, 7.32731]},
			"faces": {
				"north": {"uv": [3, 3, 0, 5], "texture": "#3"},
				"east": {"uv": [4, 7, 0, 9], "texture": "#3"},
				"south": {"uv": [3, 3, 0, 5], "texture": "#3"},
				"west": {"uv": [2, 0, 0, 1], "texture": "#3"},
				"up": {"uv": [6, 3, 0, 7], "texture": "#3"},
				"down": {"uv": [6, 0, 0, 4], "texture": "#3"}
			}
		},
		{
			"from": [-2.39228, 9.25, 6.82731],
			"to": [-1.64228, 9.75, 8.32731],
			"rotation": {"angle": 45, "axis": "y", "origin": [-2.76728, 9.5, 7.32731]},
			"faces": {
				"north": {"uv": [0, 3, 3, 5], "texture": "#3"},
				"east": {"uv": [0, 0, 2, 1], "texture": "#3"},
				"south": {"uv": [0, 3, 3, 5], "texture": "#3"},
				"west": {"uv": [0, 7, 4, 9], "texture": "#3"},
				"up": {"uv": [0, 3, 6, 7], "texture": "#3"},
				"down": {"uv": [0, 0, 6, 4], "texture": "#3"}
			}
		},
		{
			"from": [-5.32952, 9, 8.30395],
			"to": [-2.32952, 10, 10.30395],
			"rotation": {"angle": 22.5, "axis": "y", "origin": [-9.32952, 9, 0.30395]},
			"faces": {
				"north": {"uv": [0, 3, 3, 5], "texture": "#0"},
				"east": {"uv": [0, 0, 2, 1], "texture": "#0"},
				"south": {"uv": [0, 3, 3, 5], "texture": "#0"},
				"west": {"uv": [0, 7, 4, 9], "texture": "#0"},
				"up": {"uv": [0, 3, 6, 7], "texture": "#0"},
				"down": {"uv": [0, 0, 6, 4], "texture": "#0"}
			}
		},
		{
			"from": [-4.82952, 8.99, 8.29395],
			"to": [-3.32952, 10.01, 10.33395],
			"rotation": {"angle": 22.5, "axis": "y", "origin": [-9.32952, 9, 0.30395]},
			"faces": {
				"north": {"uv": [0, 3, 3, 5], "texture": "#8"},
				"east": {"uv": [0, 0, 2, 1], "texture": "#8"},
				"south": {"uv": [0, 3, 3, 5], "texture": "#8", "tintindex": 0},
				"west": {"uv": [0, 7, 4, 9], "texture": "#8"},
				"up": {"uv": [0, 3, 6, 7], "texture": "#8"},
				"down": {"uv": [0, 0, 6, 4], "texture": "#8"}
			}
		},
		{
			"from": [6.75, 2.25, 7.5],
			"to": [9.25, 4.25, 8.5],
			"rotation": {"angle": 0, "axis": "y", "origin": [-0.5, 3.5, 16]},
			"faces": {
				"north": {"uv": [0, 0, 3, 2], "texture": "#3"},
				"east": {"uv": [0, 0, 2.5, 2], "texture": "#3"},
				"south": {"uv": [0, 0, 3, 2], "texture": "#3"},
				"west": {"uv": [0, 0, 3, 2], "texture": "#3"},
				"up": {"uv": [0, 0, 2, 3.5], "texture": "#3"},
				"down": {"uv": [0, 0, 1.5, 2], "rotation": 90, "texture": "#3"}
			}
		},
		{
			"from": [7.5, 2.25, 6.75],
			"to": [8.5, 4.25, 9.25],
			"rotation": {"angle": 0, "axis": "y", "origin": [-0.5, 3.5, 16]},
			"faces": {
				"north": {"uv": [0, 0, 3, 2], "texture": "#3"},
				"east": {"uv": [0, 0, 2.5, 2], "texture": "#3"},
				"south": {"uv": [0, 0, 3, 2], "texture": "#3"},
				"west": {"uv": [0, 0, 3, 2], "texture": "#3"},
				"up": {"uv": [0, 0, 2, 3.5], "texture": "#3"},
				"down": {"uv": [0, 0, 1.5, 2], "rotation": 90, "texture": "#3"}
			}
		},
		{
			"from": [7.48744, 2.251, 7.15901],
			"to": [9.96231, 4.251, 8.21967],
			"rotation": {"angle": -45, "axis": "y", "origin": [7.98744, 3.25, 6.96967]},
			"faces": {
				"north": {"uv": [0, 0, 3, 2], "texture": "#3"},
				"east": {"uv": [0, 0, 2.5, 2], "texture": "#3"},
				"south": {"uv": [0, 0, 3, 2], "texture": "#3"},
				"west": {"uv": [0, 0, 3, 2], "texture": "#3"},
				"up": {"uv": [0, 0, 2, 3.5], "texture": "#3"},
				"down": {"uv": [0, 0, 1.5, 2], "rotation": 90, "texture": "#3"}
			}
		},
		{
			"from": [6.76256, 2.251, 7.46967],
			"to": [9.23744, 4.251, 8.53033],
			"rotation": {"angle": 45, "axis": "y", "origin": [8, 3.251, 8]},
			"faces": {
				"north": {"uv": [0, 0, 3, 2], "texture": "#3"},
				"east": {"uv": [0, 0, 2.5, 2], "texture": "#3"},
				"south": {"uv": [0, 0, 3, 2], "texture": "#3"},
				"west": {"uv": [0, 0, 3, 2], "texture": "#3"},
				"up": {"uv": [0, 0, 2, 3.5], "texture": "#3"},
				"down": {"uv": [0, 0, 1.5, 2], "rotation": 90, "texture": "#3"}
			}
		},
		{
			"from": [9.25, 2, 7.25],
			"to": [10.25, 3, 8.75],
			"rotation": {"angle": 0, "axis": "y", "origin": [16.5, 2, 0]},
			"faces": {
				"north": {"uv": [0, 0, 3, 2], "texture": "#1"},
				"east": {"uv": [0, 0, 2.5, 2], "texture": "#1"},
				"south": {"uv": [0, 0, 3, 2], "texture": "#1"},
				"west": {"uv": [0, 0, 3, 2], "texture": "#1"},
				"up": {"uv": [0, 0, 3.5, 2], "rotation": 90, "texture": "#1"},
				"down": {"uv": [0, 0, 1.5, 2], "rotation": 270, "texture": "#1"}
			}
		},
		{
			"from": [8.03033, 2.01, 5.53033],
			"to": [8.78033, 3.01, 7.65165],
			"rotation": {"angle": 45, "axis": "y", "origin": [9.03033, 2.5, 5.67678]},
			"faces": {
				"north": {"uv": [0, 0, 2.75, 2], "texture": "#1"},
				"east": {"uv": [0, 0, 4, 2], "texture": "#1"},
				"south": {"uv": [0, 0, 2.75, 2], "texture": "#1"},
				"west": {"uv": [0, 0, 4.12132, 2], "texture": "#1"},
				"up": {"uv": [0, 0, 2, 4], "texture": "#1"},
				"down": {"uv": [0, 0, 2, 4], "texture": "#1"}
			}
		},
		{
			"from": [7.25, 2, 5.75],
			"to": [8.75, 3, 6.75],
			"rotation": {"angle": 0, "axis": "y", "origin": [0, 2, -0.5]},
			"faces": {
				"north": {"uv": [0, 0, 3, 2], "texture": "#1"},
				"east": {"uv": [0, 0, 2, 2], "texture": "#1"},
				"south": {"uv": [0, 0, 3, 2], "texture": "#1"},
				"west": {"uv": [0, 0, 3, 2], "texture": "#1"},
				"up": {"uv": [0, 0, 3.5, 2], "texture": "#1"},
				"down": {"uv": [0, 0, 1.5, 2], "texture": "#1"}
			}
		},
		{
			"from": [5.53033, 2.01, 7.21967],
			"to": [7.65165, 3.01, 7.96967],
			"rotation": {"angle": 45, "axis": "y", "origin": [5.67678, 2.5, 6.96967]},
			"faces": {
				"north": {"uv": [3, 0, 7, 2], "texture": "#1"},
				"east": {"uv": [0, 0, 2.75, 2], "texture": "#1"},
				"south": {"uv": [0, 0, 4.12132, 2], "texture": "#1"},
				"west": {"uv": [0, 0, 2.75, 2], "texture": "#1"},
				"up": {"uv": [0, 0, 2, 4], "rotation": 270, "texture": "#1"},
				"down": {"uv": [0, 0, 2, 4], "rotation": 90, "texture": "#1"}
			}
		},
		{
			"from": [5.75, 2, 7.25],
			"to": [6.75, 3, 8.75],
			"rotation": {"angle": 0, "axis": "y", "origin": [-0.5, 2, 16]},
			"faces": {
				"north": {"uv": [0, 0, 3, 2], "texture": "#1"},
				"east": {"uv": [0, 0, 2.5, 2], "texture": "#1"},
				"south": {"uv": [0, 0, 3, 2], "texture": "#1"},
				"west": {"uv": [0, 0, 3, 2], "texture": "#1"},
				"up": {"uv": [0, 0, 2, 3.5], "texture": "#1"},
				"down": {"uv": [0, 0, 1.5, 2], "rotation": 90, "texture": "#1"}
			}
		},
		{
			"from": [7.21967, 2.01, 8.34835],
			"to": [7.96967, 3.01, 10.46967],
			"rotation": {"angle": 45, "axis": "y", "origin": [6.96967, 2.5, 10.32322]},
			"faces": {
				"north": {"uv": [0, 0, 2.75, 2], "texture": "#1"},
				"east": {"uv": [0, 0, 4.12132, 2], "texture": "#1"},
				"south": {"uv": [0, 0, 2.75, 2], "texture": "#1"},
				"west": {"uv": [0, 0, 4, 2], "texture": "#1"},
				"up": {"uv": [0, 0, 2, 4], "rotation": 180, "texture": "#1"},
				"down": {"uv": [0, 0, 2, 4], "rotation": 180, "texture": "#1"}
			}
		},
		{
			"from": [7.25, 2, 9.25],
			"to": [8.75, 3, 10.25],
			"rotation": {"angle": 0, "axis": "y", "origin": [16, 2, 16.5]},
			"faces": {
				"north": {"uv": [0, 0, 3, 2], "texture": "#1"},
				"east": {"uv": [0, 0, 2, 2], "texture": "#1"},
				"south": {"uv": [0, 0, 3, 2], "texture": "#1"},
				"west": {"uv": [0, 0, 3, 2], "texture": "#1"},
				"up": {"uv": [0, 0, 3.5, 2], "rotation": 180, "texture": "#1"},
				"down": {"uv": [0, 0, 1.5, 2], "rotation": 180, "texture": "#1"}
			}
		},
		{
			"from": [8.34835, 2.01, 8.03033],
			"to": [10.46967, 3.01, 8.78033],
			"rotation": {"angle": 45, "axis": "y", "origin": [10.32322, 2.5, 9.03033]},
			"faces": {
				"north": {"uv": [0, 0, 4.12132, 2], "texture": "#1"},
				"east": {"uv": [0, 0, 2.75, 2], "texture": "#1"},
				"south": {"uv": [0, 0, 4, 2], "texture": "#1"},
				"west": {"uv": [0, 0, 2.75, 2], "texture": "#1"},
				"up": {"uv": [0, 0, 2, 4], "rotation": 90, "texture": "#1"},
				"down": {"uv": [0, 0, 2, 4], "rotation": 270, "texture": "#1"}
			}
		},
		{
			"from": [7.25, 3.5, 9.25],
			"to": [8.75, 4.5, 10.25],
			"rotation": {"angle": 0, "axis": "y", "origin": [16, 3.5, 16.5]},
			"faces": {
				"north": {"uv": [0, 0, 3, 2], "texture": "#1"},
				"east": {"uv": [0, 0, 2, 2], "texture": "#1"},
				"south": {"uv": [0, 0, 3, 2], "texture": "#1"},
				"west": {"uv": [0, 0, 3, 2], "texture": "#1"},
				"up": {"uv": [0, 0, 3.5, 2], "rotation": 180, "texture": "#1"},
				"down": {"uv": [0, 0, 1.5, 2], "rotation": 180, "texture": "#1"}
			}
		},
		{
			"from": [7.21967, 3.51, 8.34835],
			"to": [7.96967, 4.51, 10.46967],
			"rotation": {"angle": 45, "axis": "y", "origin": [6.96967, 4, 10.32322]},
			"faces": {
				"north": {"uv": [0, 0, 2.75, 2], "texture": "#1"},
				"east": {"uv": [0, 0, 4.12132, 2], "texture": "#1"},
				"south": {"uv": [0, 0, 2.75, 2], "texture": "#1"},
				"west": {"uv": [0, 0, 4, 2], "texture": "#1"},
				"up": {"uv": [0, 0, 2, 4], "rotation": 180, "texture": "#1"},
				"down": {"uv": [0, 0, 2, 4], "rotation": 180, "texture": "#1"}
			}
		},
		{
			"from": [5.75, 3.5, 7.25],
			"to": [6.75, 4.5, 8.75],
			"rotation": {"angle": 0, "axis": "y", "origin": [-0.5, 3.5, 16]},
			"faces": {
				"north": {"uv": [0, 0, 3, 2], "texture": "#1"},
				"east": {"uv": [0, 0, 2.5, 2], "texture": "#1"},
				"south": {"uv": [0, 0, 3, 2], "texture": "#1"},
				"west": {"uv": [0, 0, 3, 2], "texture": "#1"},
				"up": {"uv": [0, 0, 2, 3.5], "texture": "#1"},
				"down": {"uv": [0, 0, 1.5, 2], "rotation": 90, "texture": "#1"}
			}
		},
		{
			"from": [3.5, 2, 7.5],
			"to": [5.5, 3.75, 8.5],
			"rotation": {"angle": 0, "axis": "y", "origin": [-0.5, 3.5, 16]},
			"faces": {
				"north": {"uv": [0, 0, 3, 2], "texture": "#1"},
				"east": {"uv": [0, 0, 2.5, 2], "texture": "#1"},
				"south": {"uv": [0, 0, 3, 2], "texture": "#1"},
				"west": {"uv": [0, 0, 3, 2], "texture": "#1"},
				"up": {"uv": [3, 2, 9, 6.5], "texture": "#1"},
				"down": {"uv": [0, 0, 1.5, 2], "rotation": 90, "texture": "#1"}
			}
		},
		{
			"from": [7.25, 2, 3.25],
			"to": [8.75, 2.75, 3.75],
			"rotation": {"angle": 0, "axis": "y", "origin": [8, 2.625, 8]},
			"faces": {
				"north": {"uv": [0, 0, 3, 2], "texture": "#1"},
				"east": {"uv": [0, 0, 3, 2], "texture": "#1"},
				"south": {"uv": [0, 0, 2.5, 2], "texture": "#1"},
				"west": {"uv": [0, 0, 3, 2], "texture": "#1"},
				"up": {"uv": [0, 0, 2, 3.5], "rotation": 90, "texture": "#1"},
				"down": {"uv": [0, 0, 1.5, 2], "texture": "#1"}
			}
		},
		{
			"from": [7.5, 2, 3.5],
			"to": [8.5, 3.75, 5.5],
			"rotation": {"angle": 0, "axis": "y", "origin": [8, 2.625, 8]},
			"faces": {
				"north": {"uv": [0, 0, 3, 2], "texture": "#1"},
				"east": {"uv": [0, 0, 3, 2], "texture": "#1"},
				"south": {"uv": [0, 0, 2.5, 2], "texture": "#1"},
				"west": {"uv": [0, 0, 3, 2], "texture": "#1"},
				"up": {"uv": [3, 2, 9, 6.5], "rotation": 90, "texture": "#1"},
				"down": {"uv": [0, 0, 1.5, 2], "texture": "#1"}
			}
		},
		{
			"from": [7.25, 2, 12.25],
			"to": [8.75, 2.75, 12.75],
			"rotation": {"angle": 0, "axis": "y", "origin": [8, 2.625, 8]},
			"faces": {
				"north": {"uv": [0, 0, 2.5, 2], "texture": "#1"},
				"east": {"uv": [0, 0, 3, 2], "texture": "#1"},
				"south": {"uv": [0, 0, 3, 2], "texture": "#1"},
				"west": {"uv": [0, 0, 3, 2], "texture": "#1"},
				"up": {"uv": [0, 0, 2, 3.5], "rotation": 270, "texture": "#1"},
				"down": {"uv": [0, 0, 1.5, 2], "rotation": 180, "texture": "#1"}
			}
		},
		{
			"from": [7.5, 2, 10.5],
			"to": [8.5, 3.75, 12.5],
			"rotation": {"angle": 0, "axis": "y", "origin": [8, 2.625, 8]},
			"faces": {
				"north": {"uv": [0, 0, 2.5, 2], "texture": "#1"},
				"east": {"uv": [0, 0, 3, 2], "texture": "#1"},
				"south": {"uv": [0, 0, 3, 2], "texture": "#1"},
				"west": {"uv": [0, 0, 3, 2], "texture": "#1"},
				"up": {"uv": [3, 2, 9, 6.5], "rotation": 270, "texture": "#1"},
				"down": {"uv": [0, 0, 1.5, 2], "rotation": 180, "texture": "#1"}
			}
		},
		{
			"from": [3.25, 2, 7.25],
			"to": [3.75, 2.75, 8.75],
			"rotation": {"angle": 0, "axis": "y", "origin": [-0.5, 3.5, 16]},
			"faces": {
				"north": {"uv": [0, 0, 3, 2], "texture": "#1"},
				"east": {"uv": [0, 0, 2.5, 2], "texture": "#1"},
				"south": {"uv": [0, 0, 3, 2], "texture": "#1"},
				"west": {"uv": [0, 0, 3, 2], "texture": "#1"},
				"up": {"uv": [0, 0, 2, 3.5], "texture": "#1"},
				"down": {"uv": [0, 0, 1.5, 2], "rotation": 90, "texture": "#1"}
			}
		},
		{
			"from": [10.5, 2, 7.5],
			"to": [12.5, 3.75, 8.5],
			"rotation": {"angle": 0, "axis": "y", "origin": [8, 3.5, 8]},
			"faces": {
				"north": {"uv": [0, 0, 3, 2], "texture": "#1"},
				"east": {"uv": [0, 0, 3, 2], "texture": "#1"},
				"south": {"uv": [0, 0, 3, 2], "texture": "#1"},
				"west": {"uv": [0, 0, 2.5, 2], "texture": "#1"},
				"up": {"uv": [3, 2, 9, 6.5], "rotation": 180, "texture": "#1"},
				"down": {"uv": [0, 0, 1.5, 2], "rotation": 270, "texture": "#1"}
			}
		},
		{
			"from": [12.25, 2, 7.25],
			"to": [12.75, 2.75, 8.75],
			"rotation": {"angle": 0, "axis": "y", "origin": [8, 3.5, 8]},
			"faces": {
				"north": {"uv": [0, 0, 3, 2], "texture": "#1"},
				"east": {"uv": [0, 0, 3, 2], "texture": "#1"},
				"south": {"uv": [0, 0, 3, 2], "texture": "#1"},
				"west": {"uv": [0, 0, 2.5, 2], "texture": "#1"},
				"up": {"uv": [0, 0, 2, 3.5], "rotation": 180, "texture": "#1"},
				"down": {"uv": [0, 0, 1.5, 2], "rotation": 270, "texture": "#1"}
			}
		},
		{
			"from": [5.53033, 3.51, 7.21967],
			"to": [7.65165, 4.51, 7.96967],
			"rotation": {"angle": 45, "axis": "y", "origin": [5.67678, 4, 6.96967]},
			"faces": {
				"north": {"uv": [3, 0, 7, 2], "texture": "#1"},
				"east": {"uv": [0, 0, 2.75, 2], "texture": "#1"},
				"south": {"uv": [0, 0, 4.12132, 2], "texture": "#1"},
				"west": {"uv": [0, 0, 2.75, 2], "texture": "#1"},
				"up": {"uv": [0, 0, 2, 4], "rotation": 270, "texture": "#1"},
				"down": {"uv": [0, 0, 2, 4], "rotation": 90, "texture": "#1"}
			}
		},
		{
			"from": [7.25, 3.5, 5.75],
			"to": [8.75, 4.5, 6.75],
			"rotation": {"angle": 0, "axis": "y", "origin": [0, 3.5, -0.5]},
			"faces": {
				"north": {"uv": [0, 0, 3, 2], "texture": "#1"},
				"east": {"uv": [0, 0, 2, 2], "texture": "#1"},
				"south": {"uv": [0, 0, 3, 2], "texture": "#1"},
				"west": {"uv": [0, 0, 3, 2], "texture": "#1"},
				"up": {"uv": [0, 0, 3.5, 2], "texture": "#1"},
				"down": {"uv": [0, 0, 1.5, 2], "texture": "#1"}
			}
		},
		{
			"from": [8.03033, 3.51, 5.53033],
			"to": [8.78033, 4.51, 7.65165],
			"rotation": {"angle": 45, "axis": "y", "origin": [9.03033, 4, 5.67678]},
			"faces": {
				"north": {"uv": [0, 0, 2.75, 2], "texture": "#1"},
				"east": {"uv": [0, 0, 4, 2], "texture": "#1"},
				"south": {"uv": [0, 0, 2.75, 2], "texture": "#1"},
				"west": {"uv": [0, 0, 4.12132, 2], "texture": "#1"},
				"up": {"uv": [0, 0, 2, 4], "texture": "#1"},
				"down": {"uv": [0, 0, 2, 4], "texture": "#1"}
			}
		},
		{
			"from": [8.34835, 3.51, 8.03033],
			"to": [10.46967, 4.51, 8.78033],
			"rotation": {"angle": 45, "axis": "y", "origin": [10.32322, 4, 9.03033]},
			"faces": {
				"north": {"uv": [0, 0, 4.12132, 2], "texture": "#1"},
				"east": {"uv": [0, 0, 2.75, 2], "texture": "#1"},
				"south": {"uv": [0, 0, 4, 2], "texture": "#1"},
				"west": {"uv": [0, 0, 2.75, 2], "texture": "#1"},
				"up": {"uv": [0, 0, 2, 4], "rotation": 90, "texture": "#1"},
				"down": {"uv": [0, 0, 2, 4], "rotation": 270, "texture": "#1"}
			}
		},
		{
			"from": [9.25, 3.5, 7.25],
			"to": [10.25, 4.5, 8.75],
			"rotation": {"angle": 0, "axis": "y", "origin": [16.5, 3.5, 0]},
			"faces": {
				"north": {"uv": [0, 0, 3, 2], "texture": "#1"},
				"east": {"uv": [0, 0, 2.5, 2], "texture": "#1"},
				"south": {"uv": [0, 0, 3, 2], "texture": "#1"},
				"west": {"uv": [0, 0, 3, 2], "texture": "#1"},
				"up": {"uv": [0, 0, 3.5, 2], "rotation": 90, "texture": "#1"},
				"down": {"uv": [0, 0, 1.5, 2], "rotation": 270, "texture": "#1"}
			}
		},
		{
			"from": [8.5, 7.5, 7.25],
			"to": [9.26, 8.25, 8.75],
			"rotation": {"angle": 0, "axis": "y", "origin": [15.75, 9.75, 0.5]},
			"faces": {
				"north": {"uv": [2, 0, 0, 0.5], "texture": "#1"},
				"east": {"uv": [0, 16, 4, 10], "rotation": 90, "texture": "#1"},
				"south": {"uv": [2, 0, 0, 0.5], "texture": "#1"},
				"west": {"uv": [0, 16, 4, 10], "rotation": 90, "texture": "#1"},
				"up": {"uv": [2, 0, 0, 1.5], "texture": "#1"},
				"down": {"uv": [2, 0, 0, 4], "texture": "#1"}
			}
		},
		{
			"from": [8.5, 6.53033, 9.59099],
			"to": [9.25, 7.28033, 11.09099],
			"rotation": {"angle": 45, "axis": "x", "origin": [9, 8.78033, 10.34099]},
			"faces": {
				"north": {"uv": [2, 0, 0, 0.5], "texture": "#1"},
				"east": {"uv": [0, 6, 4, 0], "rotation": 90, "texture": "#1"},
				"south": {"uv": [2, 0, 0, 0.5], "texture": "#1"},
				"west": {"uv": [0, 6, 4, 0], "rotation": 90, "texture": "#1"},
				"up": {"uv": [2, 0, 0, 4], "texture": "#1"},
				"down": {"uv": [2, 0, 0, 4], "texture": "#1"}
			}
		},
		{
			"from": [8.49, 5.68934, 9.06066],
			"to": [9.26, 7.18934, 9.81066],
			"rotation": {"angle": 0, "axis": "y", "origin": [9, 9.43934, 11.31066]},
			"faces": {
				"north": {"uv": [2, 0, 0, 4], "rotation": 180, "texture": "#1"},
				"east": {"uv": [4, 0, 0, 6], "rotation": 180, "texture": "#1"},
				"south": {"uv": [2, 1, 0, 5], "texture": "#1"},
				"west": {"uv": [4, 0, 0, 6], "texture": "#1"},
				"up": {"uv": [2, 0, 0, 0.5], "rotation": 180, "texture": "#1"},
				"down": {"uv": [2, 0, 0, 0.5], "texture": "#1"}
			}
		},
		{
			"from": [8.5, 5.59835, 9.59099],
			"to": [9.25, 6.34835, 11.09099],
			"rotation": {"angle": -45, "axis": "x", "origin": [9, 4.09835, 10.34099]},
			"faces": {
				"north": {"uv": [2, 0.5, 0, 0], "texture": "#1"},
				"east": {"uv": [0, 6, 4, 0], "rotation": 270, "texture": "#1"},
				"south": {"uv": [2, 0.5, 0, 0], "texture": "#1"},
				"west": {"uv": [0, 6, 4, 0], "rotation": 270, "texture": "#1"},
				"up": {"uv": [2, 1.5, 0, 5.5], "texture": "#1"},
				"down": {"uv": [2, 1.5, 0, 5.5], "texture": "#1"}
			}
		},
		{
			"from": [8.5, 4.62868, 7.25],
			"to": [9.26, 5.37868, 8.75],
			"rotation": {"angle": 0, "axis": "y", "origin": [15.75, 3.12868, 0.5]},
			"faces": {
				"north": {"uv": [2, 0.5, 0, 0], "texture": "#1"},
				"east": {"uv": [0, 6, 4, 0], "rotation": 270, "texture": "#1"},
				"south": {"uv": [2, 0.5, 0, 0], "texture": "#1"},
				"west": {"uv": [0, 6, 4, 0], "rotation": 90, "texture": "#1"},
				"up": {"uv": [2, 1.5, 0, 5.5], "texture": "#1"},
				"down": {"uv": [2, 1.5, 0, 5.5], "texture": "#1"}
			}
		},
		{
			"from": [8.5, 5.59835, 4.90901],
			"to": [9.25, 6.34835, 6.40901],
			"rotation": {"angle": 45, "axis": "x", "origin": [9, 4.09835, 5.65901]},
			"faces": {
				"north": {"uv": [2.5, 0.5, 0.5, 0], "texture": "#1"},
				"east": {"uv": [0, 16, 4, 10], "rotation": 270, "texture": "#1"},
				"south": {"uv": [2.5, 0.5, 0.5, 0], "texture": "#1"},
				"west": {"uv": [0, 16, 4, 10], "rotation": 270, "texture": "#1"},
				"up": {"uv": [2, 0, 0, 4], "texture": "#1"},
				"down": {"uv": [2, 0, 0, 4], "texture": "#1"}
			}
		},
		{
			"from": [8.49, 5.68934, 6.18934],
			"to": [9.26, 7.18934, 6.93934],
			"rotation": {"angle": 0, "axis": "y", "origin": [9, 9.43934, 4.68934]},
			"faces": {
				"north": {"uv": [2, 1, 0, 5], "rotation": 180, "texture": "#1"},
				"east": {"uv": [4, 9, 0, 15], "texture": "#1"},
				"south": {"uv": [2, 0, 0, 4], "rotation": 180, "texture": "#1"},
				"west": {"uv": [4, 7, 0, 13], "rotation": 180, "texture": "#1"},
				"up": {"uv": [2, 0.5, 0, 0], "rotation": 180, "texture": "#1"},
				"down": {"uv": [2, 0.5, 0, 0], "texture": "#1"}
			}
		},
		{
			"from": [8.5, 6.53033, 4.90901],
			"to": [9.25, 7.28033, 6.40901],
			"rotation": {"angle": -45, "axis": "x", "origin": [9, 8.78033, 5.65901]},
			"faces": {
				"north": {"uv": [2.5, 0, 0.5, 0.5], "texture": "#1"},
				"east": {"uv": [0, 16, 4, 10], "rotation": 90, "texture": "#1"},
				"south": {"uv": [2.5, 0, 0.5, 0.5], "texture": "#1"},
				"west": {"uv": [0, 16, 4, 10], "rotation": 90, "texture": "#1"},
				"up": {"uv": [2, 1.5, 0, 5.5], "texture": "#1"},
				"down": {"uv": [2, 1.5, 0, 5.5], "texture": "#1"}
			}
		},
		{
			"from": [6.74, 7.5, 7.25],
			"to": [7.5, 8.25, 8.75],
			"rotation": {"angle": 0, "axis": "y", "origin": [0.25, 9.75, 0.5]},
			"faces": {
				"north": {"uv": [0, 0, 2, 0.5], "texture": "#1"},
				"east": {"uv": [0, 10, 4, 16], "rotation": 90, "texture": "#1"},
				"south": {"uv": [0, 0, 2, 0.5], "texture": "#1"},
				"west": {"uv": [0, 10, 4, 16], "rotation": 90, "texture": "#1"},
				"up": {"uv": [0, 0, 2, 1.5], "texture": "#1"},
				"down": {"uv": [0, 0, 2, 4], "texture": "#1"}
			}
		},
		{
			"from": [6.75, 6.53033, 9.59099],
			"to": [7.5, 7.28033, 11.09099],
			"rotation": {"angle": 45, "axis": "x", "origin": [7, 8.78033, 10.34099]},
			"faces": {
				"north": {"uv": [0, 0, 2, 0.5], "texture": "#1"},
				"east": {"uv": [0, 0, 4, 6], "rotation": 90, "texture": "#1"},
				"south": {"uv": [0, 0, 2, 0.5], "texture": "#1"},
				"west": {"uv": [0, 0, 4, 6], "rotation": 90, "texture": "#1"},
				"up": {"uv": [0, 0, 2, 4], "texture": "#1"},
				"down": {"uv": [0, 0, 2, 4], "texture": "#1"}
			}
		},
		{
			"from": [6.74, 5.68934, 9.06066],
			"to": [7.51, 7.18934, 9.81066],
			"rotation": {"angle": 0, "axis": "x", "origin": [7, 9.43934, 11.31066]},
			"faces": {
				"north": {"uv": [0, 0, 2, 4], "rotation": 180, "texture": "#1"},
				"east": {"uv": [0, 0, 4, 6], "texture": "#1"},
				"south": {"uv": [0, 1, 2, 5], "texture": "#1"},
				"west": {"uv": [0, 0, 4, 6], "rotation": 180, "texture": "#1"},
				"up": {"uv": [0, 0, 2, 0.5], "rotation": 180, "texture": "#1"},
				"down": {"uv": [0, 0, 2, 0.5], "texture": "#1"}
			}
		},
		{
			"from": [6.75, 5.59835, 9.59099],
			"to": [7.5, 6.34835, 11.09099],
			"rotation": {"angle": -45, "axis": "x", "origin": [7, 4.09835, 10.34099]},
			"faces": {
				"north": {"uv": [0, 0.5, 2, 0], "texture": "#1"},
				"east": {"uv": [0, 0, 4, 6], "rotation": 270, "texture": "#1"},
				"south": {"uv": [0, 0.5, 2, 0], "texture": "#1"},
				"west": {"uv": [0, 0, 4, 6], "rotation": 270, "texture": "#1"},
				"up": {"uv": [0, 1.5, 2, 5.5], "texture": "#1"},
				"down": {"uv": [0, 1.5, 2, 5.5], "texture": "#1"}
			}
		},
		{
			"from": [6.74, 4.62868, 7.25],
			"to": [7.5, 5.37868, 8.75],
			"rotation": {"angle": 0, "axis": "y", "origin": [0.25, 3.12868, 0.5]},
			"faces": {
				"north": {"uv": [0, 0.5, 2, 0], "texture": "#1"},
				"east": {"uv": [0, 0, 4, 6], "rotation": 90, "texture": "#1"},
				"south": {"uv": [0, 0.5, 2, 0], "texture": "#1"},
				"west": {"uv": [0, 0, 4, 6], "rotation": 270, "texture": "#1"},
				"up": {"uv": [0, 1.5, 2, 5.5], "texture": "#1"},
				"down": {"uv": [0, 1.5, 2, 5.5], "texture": "#1"}
			}
		},
		{
			"from": [6.75, 5.59835, 4.90901],
			"to": [7.5, 6.34835, 6.40901],
			"rotation": {"angle": 45, "axis": "x", "origin": [7, 4.09835, 5.65901]},
			"faces": {
				"north": {"uv": [0.5, 0.5, 2.5, 0], "texture": "#1"},
				"east": {"uv": [0, 10, 4, 16], "rotation": 270, "texture": "#1"},
				"south": {"uv": [0.5, 0.5, 2.5, 0], "texture": "#1"},
				"west": {"uv": [0, 10, 4, 16], "rotation": 270, "texture": "#1"},
				"up": {"uv": [0, 0, 2, 4], "texture": "#1"},
				"down": {"uv": [0, 0, 2, 4], "texture": "#1"}
			}
		},
		{
			"from": [6.74, 5.68934, 6.18934],
			"to": [7.51, 7.18934, 6.93934],
			"rotation": {"angle": 0, "axis": "y", "origin": [7, 9.43934, 4.68934]},
			"faces": {
				"north": {"uv": [0, 1, 2, 5], "rotation": 180, "texture": "#1"},
				"east": {"uv": [0, 7, 4, 13], "rotation": 180, "texture": "#1"},
				"south": {"uv": [0, 0, 2, 4], "rotation": 180, "texture": "#1"},
				"west": {"uv": [0, 9, 4, 15], "texture": "#1"},
				"up": {"uv": [0, 0.5, 2, 0], "rotation": 180, "texture": "#1"},
				"down": {"uv": [0, 0.5, 2, 0], "texture": "#1"}
			}
		},
		{
			"from": [6.75, 6.53033, 4.90901],
			"to": [7.5, 7.28033, 6.40901],
			"rotation": {"angle": -45, "axis": "x", "origin": [7, 8.78033, 5.65901]},
			"faces": {
				"north": {"uv": [0.5, 0, 2.5, 0.5], "texture": "#1"},
				"east": {"uv": [0, 10, 4, 16], "rotation": 90, "texture": "#1"},
				"south": {"uv": [0.5, 0, 2.5, 0.5], "texture": "#1"},
				"west": {"uv": [0, 10, 4, 16], "rotation": 90, "texture": "#1"},
				"up": {"uv": [0, 1.5, 2, 5.5], "texture": "#1"},
				"down": {"uv": [0, 1.5, 2, 5.5], "texture": "#1"}
			}
		},
		{
			"from": [7.25, 2, 7.25],
			"to": [8.75, 9, 8.75],
			"rotation": {"angle": 0, "axis": "y", "origin": [0.25, 9.75, 0.5]},
			"faces": {
				"north": {"uv": [0, 0, 3.5, 14], "texture": "#0"},
				"east": {"uv": [0, 0, 3.5, 14], "texture": "#0"},
				"south": {"uv": [0, 0, 3.5, 14], "texture": "#0"},
				"west": {"uv": [0, 0, 3.5, 14], "texture": "#0"},
				"up": {"uv": [0, 0, 1.5, 1.5], "texture": "#0"},
				"down": {"uv": [0, 0, 4, 4], "texture": "#0"}
			}
		},
		{
			"from": [7.24, 4.75, 7.24],
			"to": [8.76, 8.5, 8.76],
			"rotation": {"angle": 0, "axis": "y", "origin": [0.25, 9.75, 0.5]},
			"faces": {
				"north": {"uv": [0, 0, 3.5, 14], "texture": "#8"},
				"east": {"uv": [0, 0, 3.5, 14], "texture": "#8"},
				"south": {"uv": [0, 0, 3.5, 14], "texture": "#8", "tintindex": 0},
				"west": {"uv": [0, 0, 3.5, 14], "texture": "#8"},
				"up": {"uv": [0, 0, 1.5, 1.5], "texture": "#8"},
				"down": {"uv": [0, 0, 4, 4], "texture": "#8"}
			}
		},
		{
			"from": [6.75, 6, 7.5],
			"to": [9.25, 7, 8.5],
			"rotation": {"angle": 0, "axis": "y", "origin": [0.25, 9.75, 0.5]},
			"faces": {
				"north": {"uv": [0, 0, 16, 4], "texture": "#3"},
				"east": {"uv": [1, 1, 5, 5], "texture": "#3"},
				"south": {"uv": [0, 0, 16, 4], "texture": "#3"},
				"west": {"uv": [1, 1, 5, 5], "texture": "#3"},
				"up": {"uv": [0, 0, 16, 4], "texture": "#3"},
				"down": {"uv": [0, 0, 16, 4], "texture": "#3"}
			}
		},
		{
			"from": [6.75, 2.01, 3.73],
			"to": [9.25, 3.52, 5.28],
			"rotation": {"angle": 45, "axis": "y", "origin": [8, 2.75, 8]},
			"faces": {
				"north": {"uv": [8, 3, 16, 7], "texture": "#8"},
				"east": {"uv": [0, 3, 2, 7], "texture": "#8"},
				"south": {"uv": [0, 3, 8, 7], "texture": "#8", "tintindex": 0},
				"west": {"uv": [0, 3, 3, 7], "texture": "#8"},
				"up": {"uv": [0, 13, 8, 16], "texture": "#8"},
				"down": {"uv": [0, 0, 8, 2], "texture": "#8"}
			}
		},
		{
			"from": [10.74, 2.01, 6.75],
			"to": [12.26, 3.52, 9.25],
			"rotation": {"angle": 45, "axis": "y", "origin": [8, 2.75, 8]},
			"faces": {
				"north": {"uv": [0, 3, 3, 7], "texture": "#8"},
				"east": {"uv": [8, 7, 16, 11], "texture": "#8"},
				"south": {"uv": [0, 3, 2, 7], "texture": "#8", "tintindex": 0},
				"west": {"uv": [0, 3, 8, 7], "texture": "#8"},
				"up": {"uv": [3, 13, 11, 16], "rotation": 90, "texture": "#8"},
				"down": {"uv": [0, 0, 8, 2], "rotation": 270, "texture": "#8"}
			}
		},
		{
			"from": [3.74, 2.01, 6.75],
			"to": [5.26, 3.52, 9.25],
			"rotation": {"angle": 45, "axis": "y", "origin": [8, 2.75, 8]},
			"faces": {
				"north": {"uv": [0, 3, 2, 7], "texture": "#8"},
				"east": {"uv": [0, 3, 8, 7], "texture": "#8"},
				"south": {"uv": [0, 3, 3, 7], "texture": "#8", "tintindex": 0},
				"west": {"uv": [8, 7, 16, 11], "texture": "#8"},
				"up": {"uv": [0, 13, 8, 16], "rotation": 270, "texture": "#8"},
				"down": {"uv": [0, 0, 8, 2], "rotation": 90, "texture": "#8"}
			}
		},
		{
			"from": [6.75, 2.01, 10.73],
			"to": [9.25, 3.52, 12.28],
			"rotation": {"angle": 45, "axis": "y", "origin": [8, 2.75, 8]},
			"faces": {
				"north": {"uv": [0, 3, 8, 7], "texture": "#8"},
				"east": {"uv": [0, 3, 3, 7], "texture": "#8"},
				"south": {"uv": [0, 11, 8, 15], "texture": "#8", "tintindex": 0},
				"west": {"uv": [0, 3, 2, 7], "texture": "#8"},
				"up": {"uv": [0, 13, 8, 16], "rotation": 180, "texture": "#8"},
				"down": {"uv": [0, 0, 8, 2], "rotation": 180, "texture": "#8"}
			}
		},
		{
			"from": [3.75, 2.01, 6.25],
			"to": [5.25, 3.51, 9.75],
			"rotation": {"angle": 45, "axis": "y", "origin": [8, 2.75, 8]},
			"faces": {
				"north": {"uv": [0, 3, 2, 7], "texture": "#0"},
				"east": {"uv": [0, 3, 8, 7], "texture": "#0"},
				"south": {"uv": [0, 3, 3, 7], "texture": "#0"},
				"west": {"uv": [8, 7, 16, 11], "texture": "#0"},
				"up": {"uv": [0, 13, 8, 16], "rotation": 270, "texture": "#0"},
				"down": {"uv": [0, 0, 8, 2], "rotation": 90, "texture": "#0"}
			}
		},
		{
			"from": [3.75, 2, 6.25],
			"to": [5.25, 3.5, 9.75],
			"rotation": {"angle": 0, "axis": "y", "origin": [8, 2.75, 8]},
			"faces": {
				"north": {"uv": [0, 3, 2, 7], "texture": "#0"},
				"east": {"uv": [0, 3, 8, 7], "texture": "#0"},
				"south": {"uv": [0, 3, 3, 7], "texture": "#0"},
				"west": {"uv": [0, 7, 8, 11], "texture": "#0"},
				"up": {"uv": [8, 13, 16, 16], "rotation": 270, "texture": "#0"},
				"down": {"uv": [0, 0, 8, 2], "rotation": 90, "texture": "#0"}
			}
		},
		{
			"from": [6.25, 2.01, 3.75],
			"to": [9.75, 3.51, 5.25],
			"rotation": {"angle": 45, "axis": "y", "origin": [8, 2.75, 8]},
			"faces": {
				"north": {"uv": [8, 3, 16, 7], "texture": "#0"},
				"east": {"uv": [0, 3, 2, 7], "texture": "#0"},
				"south": {"uv": [0, 3, 8, 7], "texture": "#0"},
				"west": {"uv": [0, 3, 3, 7], "texture": "#0"},
				"up": {"uv": [0, 13, 8, 16], "texture": "#0"},
				"down": {"uv": [0, 0, 8, 2], "texture": "#0"}
			}
		},
		{
			"from": [6.25, 2, 10.75],
			"to": [9.75, 3.5, 12.25],
			"rotation": {"angle": 0, "axis": "y", "origin": [8, 2.75, 8]},
			"faces": {
				"north": {"uv": [0, 3, 8, 7], "texture": "#0"},
				"east": {"uv": [0, 3, 3, 7], "texture": "#0"},
				"south": {"uv": [8, 11, 16, 15], "texture": "#0"},
				"west": {"uv": [0, 3, 2, 7], "texture": "#0"},
				"up": {"uv": [8, 13, 16, 16], "rotation": 180, "texture": "#0"},
				"down": {"uv": [0, 0, 8, 2], "rotation": 180, "texture": "#0"}
			}
		},
		{
			"from": [6.25, 2.01, 10.75],
			"to": [9.75, 3.51, 12.25],
			"rotation": {"angle": 45, "axis": "y", "origin": [8, 2.75, 8]},
			"faces": {
				"north": {"uv": [0, 3, 8, 7], "texture": "#0"},
				"east": {"uv": [0, 3, 3, 7], "texture": "#0"},
				"south": {"uv": [0, 11, 8, 15], "texture": "#0"},
				"west": {"uv": [0, 3, 2, 7], "texture": "#0"},
				"up": {"uv": [0, 13, 8, 16], "rotation": 180, "texture": "#0"},
				"down": {"uv": [0, 0, 8, 2], "rotation": 180, "texture": "#0"}
			}
		},
		{
			"from": [10.75, 2, 6.25],
			"to": [12.25, 3.5, 9.75],
			"rotation": {"angle": 0, "axis": "y", "origin": [8, 2.75, 8]},
			"faces": {
				"north": {"uv": [0, 3, 3, 7], "texture": "#0"},
				"east": {"uv": [0, 7, 8, 11], "texture": "#0"},
				"south": {"uv": [0, 3, 2, 7], "texture": "#0"},
				"west": {"uv": [0, 3, 8, 7], "texture": "#0"},
				"up": {"uv": [8, 13, 16, 16], "rotation": 90, "texture": "#0"},
				"down": {"uv": [0, 0, 8, 2], "rotation": 270, "texture": "#0"}
			}
		},
		{
			"from": [10.75, 2.01, 6.25],
			"to": [12.25, 3.51, 9.75],
			"rotation": {"angle": 45, "axis": "y", "origin": [8, 2.75, 8]},
			"faces": {
				"north": {"uv": [0, 3, 3, 7], "texture": "#0"},
				"east": {"uv": [8, 7, 16, 11], "texture": "#0"},
				"south": {"uv": [0, 3, 2, 7], "texture": "#0"},
				"west": {"uv": [0, 3, 8, 7], "texture": "#0"},
				"up": {"uv": [3, 13, 11, 16], "rotation": 90, "texture": "#0"},
				"down": {"uv": [0, 0, 8, 2], "rotation": 270, "texture": "#0"}
			}
		},
		{
			"from": [6.25, 2, 3.75],
			"to": [9.75, 3.5, 5.25],
			"rotation": {"angle": 0, "axis": "y", "origin": [8, 2.75, 8]},
			"faces": {
				"north": {"uv": [0, 3, 8, 7], "texture": "#0"},
				"east": {"uv": [0, 3, 2, 7], "texture": "#0"},
				"south": {"uv": [0, 3, 8, 7], "texture": "#0"},
				"west": {"uv": [0, 3, 3, 7], "texture": "#0"},
				"up": {"uv": [4, 13, 12, 16], "texture": "#0"},
				"down": {"uv": [0, 0, 8, 2], "texture": "#0"}
			}
		},
		{
			"from": [13.75, -0.25, -0.25],
			"to": [16.25, 2.25, 2.25],
			"rotation": {"angle": 0, "axis": "y", "origin": [0, 1, 0]},
			"faces": {
				"north": {"uv": [8, 0, 16, 8], "texture": "#1"},
				"east": {"uv": [0, 0, 8, 8], "texture": "#1"},
				"south": {"uv": [0, 0, 8, 8], "texture": "#1"},
				"west": {"uv": [0, 0, 8, 8], "texture": "#1"},
				"up": {"uv": [0, 8, 8, 16], "texture": "#1"},
				"down": {"uv": [0, 0, 8, 8], "texture": "#1"}
			}
		},
		{
			"from": [0, 0, 0],
			"to": [16, 2, 16],
			"rotation": {"angle": 0, "axis": "y", "origin": [0, 1, 0]},
			"faces": {
				"north": {"uv": [0, 3, 16, 7], "texture": "#0"},
				"east": {"uv": [0, 3, 16, 7], "texture": "#0"},
				"south": {"uv": [0, 3, 16, 7], "texture": "#0"},
				"west": {"uv": [0, 3, 16, 7], "texture": "#0"},
				"up": {"uv": [0, 0, 16, 16], "texture": "#7"},
				"down": {"uv": [0, 0, 16, 16], "texture": "#4"}
			}
		},
		{
			"from": [2.5, 1, 2.5],
			"to": [13.5, 2.02, 13.5],
			"rotation": {"angle": 0, "axis": "y", "origin": [0, 1, 0]},
			"faces": {
				"north": {"uv": [0, 3, 16, 7], "texture": "#8"},
				"east": {"uv": [0, 3, 16, 7], "texture": "#8"},
				"south": {"uv": [0, 3, 16, 7], "texture": "#8", "tintindex": 0},
				"west": {"uv": [0, 3, 16, 7], "texture": "#8"},
				"up": {"uv": [0, 0, 16, 16], "texture": "#8"},
				"down": {"uv": [0, 0, 16, 16], "texture": "#8"}
			}
		},
		{
			"from": [14.75, -0.25, 4.75],
			"to": [16.25, 1.5, 11.25],
			"rotation": {"angle": 0, "axis": "y", "origin": [0, 1, 0]},
			"faces": {
				"north": {"uv": [0, 0, 8, 8], "texture": "#3"},
				"east": {"uv": [0, 0, 16, 4], "texture": "#3"},
				"south": {"uv": [0, 0, 8, 8], "texture": "#3"},
				"west": {"uv": [0, 0, 16, 4], "texture": "#3"},
				"up": {"uv": [0, 0, 6, 16], "texture": "#3"},
				"down": {"uv": [0, 0, 8, 16], "texture": "#3"}
			}
		},
		{
			"from": [13.75, -0.25, 13.75],
			"to": [16.25, 2.25, 16.25],
			"rotation": {"angle": 0, "axis": "y", "origin": [0, 1, 0]},
			"faces": {
				"north": {"uv": [0, 0, 8, 8], "texture": "#1"},
				"east": {"uv": [8, 8, 16, 16], "texture": "#1"},
				"south": {"uv": [0, 8, 8, 16], "texture": "#1"},
				"west": {"uv": [0, 0, 8, 8], "texture": "#1"},
				"up": {"uv": [0, 0, 8, 8], "texture": "#1"},
				"down": {"uv": [0, 0, 8, 8], "texture": "#1"}
			}
		},
		{
			"from": [4.75, -0.25, -0.25],
			"to": [11.25, 1.5, 1.25],
			"rotation": {"angle": 0, "axis": "y", "origin": [8, 1, 8]},
			"faces": {
				"north": {"uv": [0, 0, 16, 4], "texture": "#3"},
				"east": {"uv": [0, 0, 8, 8], "texture": "#3"},
				"south": {"uv": [0, 0, 16, 4], "texture": "#3"},
				"west": {"uv": [0, 0, 8, 8], "texture": "#3"},
				"up": {"uv": [0, 0, 6, 16], "rotation": 90, "texture": "#3"},
				"down": {"uv": [0, 8, 16, 16], "rotation": 180, "texture": "#3"}
			}
		},
		{
			"from": [-0.25, -0.25, -0.25],
			"to": [2.25, 2.25, 2.25],
			"rotation": {"angle": 0, "axis": "y", "origin": [0, 1, 0]},
			"faces": {
				"north": {"uv": [0, 8, 8, 16], "texture": "#1"},
				"east": {"uv": [0, 0, 8, 8], "texture": "#1"},
				"south": {"uv": [0, 0, 8, 8], "texture": "#1"},
				"west": {"uv": [8, 8, 16, 16], "texture": "#1"},
				"up": {"uv": [8, 8, 16, 16], "texture": "#1"},
				"down": {"uv": [0, 0, 8, 8], "texture": "#1"}
			}
		},
		{
			"from": [-0.25, -0.25, 13.75],
			"to": [2.25, 2.25, 16.25],
			"rotation": {"angle": 0, "axis": "y", "origin": [0, 1, 0]},
			"faces": {
				"north": {"uv": [0, 0, 8, 8], "texture": "#1"},
				"east": {"uv": [0, 0, 8, 8], "texture": "#1"},
				"south": {"uv": [8, 8, 16, 16], "texture": "#1"},
				"west": {"uv": [0, 8, 8, 16], "texture": "#1"},
				"up": {"uv": [8, 0, 16, 8], "texture": "#1"},
				"down": {"uv": [0, 0, 8, 8], "texture": "#1"}
			}
		},
		{
			"from": [4.75, -0.25, 14.75],
			"to": [11.25, 1.5, 16.25],
			"rotation": {"angle": 0, "axis": "y", "origin": [8, 1, 8]},
			"faces": {
				"north": {"uv": [0, 0, 16, 4], "texture": "#3"},
				"east": {"uv": [0, 0, 8, 8], "texture": "#3"},
				"south": {"uv": [0, 0, 16, 4], "texture": "#3"},
				"west": {"uv": [0, 0, 8, 8], "texture": "#3"},
				"up": {"uv": [0, 0, 6, 16], "rotation": 90, "texture": "#3"},
				"down": {"uv": [0, 0, 8, 16], "rotation": 270, "texture": "#3"}
			}
		},
		{
			"from": [-0.25, -0.25, 4.75],
			"to": [1.25, 1.5, 11.25],
			"rotation": {"angle": 0, "axis": "y", "origin": [0, 1, 0]},
			"faces": {
				"north": {"uv": [0, 0, 8, 8], "texture": "#3"},
				"east": {"uv": [0, 0, 16, 4], "texture": "#3"},
				"south": {"uv": [0, 0, 8, 8], "texture": "#3"},
				"west": {"uv": [0, 0, 16, 4], "texture": "#3"},
				"up": {"uv": [0, 0, 6, 16], "texture": "#3"},
				"down": {"uv": [0, 0, 8, 16], "texture": "#3"}
			}
		}
	],
	"groups": [
		{
			"name": "bow",
			"origin": [-9.32952, 7.75, 0.80395],
			"color": 0,
			"children": [
				{
					"name": "bar",
					"origin": [0.5, 5.75, 1],
					"color": 0,
					"children": [
						0,
						1,
						2,
						3,
						4,
						5,
						6,
						7,
						8,
						9,
						10,
						11,
						12,
						13,
						14,
						{
							"name": "trigger",
							"origin": [8, 9.125, 15.25],
							"color": 0,
							"children": [
								15,
								16,
								17,
								18,
								19,
								{
									"name": "group",
									"origin": [6.375, 9.51517, 12.91161],
									"color": 0,
									"children": [20, 21, 22, 23, 24, 25, 26, 27, 28, 29, 30, 31, 32, 33, 34, 35, 36]
								}
							]
						},
						37,
						38
					]
				},
				39,
				40,
				41,
				42,
				43,
				44,
				45,
				46,
				47,
				48,
				49,
				50,
				51,
				52
			]
		},
		{
			"name": "springs",
			"origin": [16, 1.5, 17],
			"color": 0,
			"children": [
				{
					"name": "base",
					"origin": [-0.5, 1.5, 16.5],
					"color": 0,
					"children": [53, 54, 55, 56]
				},
				{
					"name": "bottom",
					"origin": [10.32322, 0.5, 9.53033],
					"color": 0,
					"children": [57, 58, 59, 60, 61, 62, 63, 64]
				},
				{
					"name": "stand",
					"origin": [16.5, 1.5, 0.5],
					"color": 0,
					"children": [65, 66, 67, 68, 69, 70, 71, 72, 73, 74, 75, 76, 77, 78, 79, 80]
				}
			]
		},
		{
			"name": "stand",
			"origin": [0.25, 9.75, 0.5],
			"color": 0,
			"children": [
				{
					"name": "wheel",
					"origin": [7, 8.78033, 5.65901],
					"color": 0,
					"children": [81, 82, 83, 84, 85, 86, 87, 88]
				},
				{
					"name": "wheel",
					"origin": [7, 8.78033, 5.65901],
					"color": 0,
					"children": [89, 90, 91, 92, 93, 94, 95, 96]
				},
				97,
				98,
				99
			]
		},
		{
			"name": "base2",
			"origin": [8, 2.75, 8],
			"color": 0,
			"children": [
				{
					"name": "band",
					"origin": [8, 2.75, 8],
					"color": 0,
					"children": [100, 101, 102, 103]
				},
				104,
				105,
				106,
				107,
				108,
				109,
				110,
				111
			]
		},
		{
			"name": "base",
			"origin": [0, 1, 0],
			"color": 0,
			"children": [112, 113, 114, 115, 116, 117, 118, 119, 120, 121]
		}
	]
}