{
	"credit": "Made with love for thanksgiving turkey by Bear",
	"textures": {
		"0": "item/cooked_mutton",
		"1": "block/bone_block_side",
		"2": "block/fire_0",
		"3": "block/fire_1",
		"4": "block/magma",
		"particle": "item/cooked_mutton"
	},
	"elements": [
		{
			"from": [6.01152, 1.07808, 4.06144],
			"to": [9.98592, 1.47552, 11.85632],
			"rotation": {"angle": 0, "axis": "y", "origin": [13.96032, 7.43712, 12.80512]},
			"faces": {
				"north": {"uv": [5, 9, 10, 9.5], "texture": "#0"},
				"east": {"uv": [5, 6, 6, 6.5], "texture": "#missing"},
				"south": {"uv": [5, 10, 10, 10.5], "texture": "#0"},
				"west": {"uv": [5, 6, 6, 6.5], "texture": "#missing"},
				"up": {"uv": [5, 6, 10, 7], "texture": "#missing"},
				"down": {"uv": [4, 11, 9, 12], "texture": "#0"}
			}
		},
		{
			"from": [6.01152, 4.2576, 4.06144],
			"to": [9.98592, 4.65504, 11.85632],
			"rotation": {"angle": 0, "axis": "y", "origin": [13.96032, 10.61664, 12.80512]},
			"faces": {
				"north": {"uv": [7, 9, 12, 9.5], "texture": "#0"},
				"east": {"uv": [5, 6, 6, 6.5], "texture": "#missing"},
				"south": {"uv": [5, 10, 10, 10.5], "texture": "#0"},
				"west": {"uv": [5, 6, 6, 6.5], "texture": "#missing"},
				"up": {"uv": [5, 12, 10, 13], "texture": "#0"},
				"down": {"uv": [5, 6, 10, 7], "texture": "#missing"}
			}
		},
		{
			"from": [6.03457, 2.96684, 4.08644],
			"to": [6.59664, 3.48612, 11.8345],
			"rotation": {"angle": 45, "axis": "z", "origin": [4.89307, 3.36429, 6.84183]},
			"faces": {
				"north": {"uv": [7, 10, 7.70711, 10.65329], "texture": "#0"},
				"east": {"uv": [6, 10, 7.004, 10.65329], "texture": "#0"},
				"south": {"uv": [6, 11, 6.70711, 11.65329], "texture": "#0"},
				"west": {"uv": [7, 12, 8.004, 12.65329], "texture": "#0"},
				"up": {"uv": [7.2, 9, 7.90711, 10.004], "texture": "#0"},
				"down": {"uv": [7, 9, 7.70711, 10.004], "texture": "#0"}
			}
		},
		{
			"from": [6.03906, 2.23621, 4.06144],
			"to": [6.60112, 2.7663, 11.84421],
			"rotation": {"angle": -45, "axis": "z", "origin": [4.90834, 2.36886, 6.8331]},
			"faces": {
				"north": {"uv": [10, 10, 10.70711, 10.66689], "texture": "#0"},
				"east": {"uv": [6, 10, 6.98476, 10.66689], "texture": "#0"},
				"south": {"uv": [10, 9, 10.70711, 9.66689], "texture": "#0"},
				"west": {"uv": [7, 9, 7.98476, 9.66689], "texture": "#0"},
				"up": {"uv": [6, 9, 6.70711, 9.98476], "texture": "#0"},
				"down": {"uv": [6, 10, 6.70711, 10.98476], "texture": "#0"}
			}
		},
		{
			"from": [9.40081, 2.96684, 4.08644],
			"to": [9.96287, 3.48612, 11.8345],
			"rotation": {"angle": -45, "axis": "z", "origin": [11.10437, 3.36429, 6.84183]},
			"faces": {
				"north": {"uv": [10, 6, 10.70711, 6.65329], "texture": "#0"},
				"east": {"uv": [9, 9, 10.004, 9.65329], "texture": "#0"},
				"south": {"uv": [10, 6, 10.70711, 7.65329], "texture": "#0"},
				"west": {"uv": [8, 9, 9.004, 9.65329], "texture": "#0"},
				"up": {"uv": [10, 6, 10.70711, 7.004], "texture": "#0"},
				"down": {"uv": [10, 6, 10.70711, 7.004], "texture": "#0"}
			}
		},
		{
			"from": [9.40526, 2.2578, 4.06144],
			"to": [9.96733, 2.7663, 11.84421],
			"rotation": {"angle": 45, "axis": "z", "origin": [11.11964, 2.36886, 6.8331]},
			"faces": {
				"north": {"uv": [5, 10, 5.70711, 10.63973], "texture": "#0"},
				"east": {"uv": [5, 10, 5.98476, 10.63973], "texture": "#0"},
				"south": {"uv": [5, 9, 5.70711, 9.63973], "texture": "#0"},
				"west": {"uv": [6, 9, 6.98476, 9.63973], "texture": "#0"},
				"up": {"uv": [11, 9, 11.70711, 9.98476], "texture": "#0"},
				"down": {"uv": [11, 10, 11.70711, 10.98476], "texture": "#0"}
			}
		},
		{
			"from": [5.61408, 1.47552, 4.06144],
			"to": [10.38336, 4.2576, 11.85632],
			"rotation": {"angle": 0, "axis": "y", "origin": [13.96032, 8.232, 12.80512]},
			"faces": {
				"north": {"uv": [5, 8, 11, 9.5], "texture": "#0"},
				"east": {"uv": [5, 9, 6, 12.5], "texture": "#0"},
				"south": {"uv": [5, 9, 11, 12.5], "texture": "#0"},
				"west": {"uv": [5, 9, 6, 12.5], "texture": "#0"},
				"up": {"uv": [5, 10, 11, 11], "texture": "#0"},
				"down": {"uv": [5, 6, 11, 7], "texture": "#missing"}
			}
		},
		{
			"from": [5.61408, 1.17552, 11.95632],
			"to": [10.38336, 4.5576, 11.95632],
			"rotation": {"angle": 0, "axis": "y", "origin": [13.96032, 8.232, 12.80512]},
			"faces": {
				"north": {"uv": [5, 8, 11, 9.5], "texture": "#0"},
				"east": {"uv": [5, 9, 6, 12.5], "texture": "#0"},
				"south": {"uv": [0, 0, 16, 16], "texture": "#4"},
				"west": {"uv": [5, 9, 6, 12.5], "texture": "#0"},
				"up": {"uv": [5, 10, 11, 11], "texture": "#0"},
				"down": {"uv": [5, 6, 11, 7], "texture": "#missing"}
			}
		},
		{
			"from": [5.51408, 4.6576, 10.86144],
			"to": [10.48336, 4.6576, 15.86144],
			"rotation": {"angle": 0, "axis": "y", "origin": [13.96032, 8.232, 12.80512]},
			"faces": {
				"up": {"uv": [0, 1, 16, 16], "rotation": 180, "texture": "#2"},
				"down": {"uv": [0, 1, 16, 16], "texture": "#2"}
			}
		},
		{
			"from": [5.61408, 4.5576, 10.86144],
			"to": [10.38336, 4.5576, 15.86144],
			"rotation": {"angle": 0, "axis": "y", "origin": [13.96032, 8.232, 12.80512]},
			"faces": {
				"up": {"uv": [0, 1, 16, 16], "rotation": 180, "texture": "#3"},
				"down": {"uv": [0, 1, 16, 16], "texture": "#3"}
			}
		},
		{
			"from": [5.61408, 1.1576, 10.86144],
			"to": [10.38336, 1.1576, 15.86144],
			"rotation": {"angle": 0, "axis": "y", "origin": [13.96032, 8.232, 12.80512]},
			"faces": {
				"up": {"uv": [0, 1, 16, 16], "rotation": 180, "texture": "#3"},
				"down": {"uv": [0, 1, 16, 16], "texture": "#3"}
			}
		},
		{
			"from": [5.51408, 1.0576, 10.86144],
			"to": [10.48336, 1.0576, 15.86144],
			"rotation": {"angle": 0, "axis": "y", "origin": [13.96032, 8.232, 12.80512]},
			"faces": {
				"up": {"uv": [0, 1, 16, 16], "rotation": 180, "texture": "#2"},
				"down": {"uv": [0, 1, 16, 16], "texture": "#2"}
			}
		},
		{
			"from": [5.51408, 1.0576, 10.86144],
			"to": [5.51408, 4.6576, 15.86144],
			"rotation": {"angle": 0, "axis": "y", "origin": [13.96032, 8.232, 12.80512]},
			"faces": {
				"east": {"uv": [0, 1, 16, 16], "rotation": 270, "texture": "#2"},
				"west": {"uv": [0, 1, 16, 16], "rotation": 90, "texture": "#2"}
			}
		},
		{
			"from": [10.51408, 1.0576, 10.86144],
			"to": [10.51408, 4.6576, 15.86144],
			"rotation": {"angle": 0, "axis": "y", "origin": [13.96032, 8.232, 12.80512]},
			"faces": {
				"east": {"uv": [0, 1, 16, 16], "rotation": 270, "texture": "#2"},
				"west": {"uv": [0, 1, 16, 16], "rotation": 90, "texture": "#2"}
			}
		},
		{
			"from": [10.41408, 1.1576, 10.86144],
			"to": [10.41408, 4.5576, 15.86144],
			"rotation": {"angle": 0, "axis": "y", "origin": [13.96032, 8.232, 12.80512]},
			"faces": {
				"east": {"uv": [0, 1, 16, 16], "rotation": 270, "texture": "#3"},
				"west": {"uv": [0, 1, 16, 16], "rotation": 90, "texture": "#3"}
			}
		},
		{
			"from": [5.61408, 1.1576, 10.86144],
			"to": [5.61408, 4.5576, 15.86144],
			"rotation": {"angle": 0, "axis": "y", "origin": [13.96032, 8.232, 12.80512]},
			"faces": {
				"east": {"uv": [0, 1, 16, 16], "rotation": 270, "texture": "#3"},
				"west": {"uv": [0, 1, 16, 16], "rotation": 90, "texture": "#3"}
			}
		},
		{
			"from": [6.25014, 0.82871, 3.33407],
			"to": [9.74761, 1.17846, 4.03356],
			"rotation": {"angle": 0, "axis": "y", "origin": [13.24508, 6.42467, 11.02851]},
			"faces": {
				"north": {"uv": [6, 10, 11, 10.5], "texture": "#0"},
				"east": {"uv": [5, 11, 6, 11.5], "texture": "#0"},
				"south": {"uv": [6, 11, 11, 11.5], "texture": "#0"},
				"west": {"uv": [7, 10, 8, 10.5], "texture": "#0"},
				"up": {"uv": [5, 11, 10, 12], "texture": "#0"},
				"down": {"uv": [6, 11, 11, 12], "texture": "#0"}
			}
		},
		{
			"from": [6.25014, 3.62669, 3.33407],
			"to": [9.74761, 3.97644, 4.03356],
			"rotation": {"angle": 0, "axis": "y", "origin": [13.24508, 9.22264, 11.02851]},
			"faces": {
				"north": {"uv": [6, 10, 11, 10.5], "texture": "#0"},
				"east": {"uv": [0, 0, 1, 0.5], "texture": "#missing"},
				"south": {"uv": [0, 0, 5, 0.5], "texture": "#missing"},
				"west": {"uv": [0, 0, 1, 0.5], "texture": "#missing"},
				"up": {"uv": [6, 9, 11, 10], "texture": "#0"},
				"down": {"uv": [0, 0, 5, 1], "texture": "#missing"}
			}
		},
		{
			"from": [6.27042, 2.49082, 3.35907],
			"to": [6.76504, 2.94779, 4.01136],
			"rotation": {"angle": 45, "axis": "z", "origin": [5.2659, 2.84057, 5.78081]},
			"faces": {
				"north": {"uv": [7, 9, 7.70711, 9.65329], "texture": "#0"},
				"east": {"uv": [0, 0, 1.004, 0.65329], "texture": "#missing"},
				"south": {"uv": [0, 0, 0.70711, 0.65329], "texture": "#missing"},
				"west": {"uv": [0, 0, 1.004, 0.65329], "texture": "#missing"},
				"up": {"uv": [5, 10, 5.70711, 11.004], "texture": "#0"},
				"down": {"uv": [4, 11, 4.70711, 12.004], "texture": "#0"}
			}
		},
		{
			"from": [6.27437, 1.84786, 3.43407],
			"to": [6.76899, 2.31435, 4.0229],
			"rotation": {"angle": -45, "axis": "z", "origin": [5.27934, 1.96459, 5.77313]},
			"faces": {
				"north": {"uv": [10, 11, 10.70711, 11.66689], "texture": "#0"},
				"east": {"uv": [1, 1, 1.98476, 1.66689], "texture": "#missing"},
				"south": {"uv": [7, 10, 7.70711, 10.66689], "texture": "#0"},
				"west": {"uv": [1, 1, 1.98476, 1.66689], "texture": "#missing"},
				"up": {"uv": [0, 0, 0.70711, 0.98476], "texture": "#missing"},
				"down": {"uv": [4, 11, 4.70711, 11.98476], "texture": "#0"}
			}
		},
		{
			"from": [9.23271, 2.49082, 3.35907],
			"to": [9.72733, 2.94779, 4.01136],
			"rotation": {"angle": -45, "axis": "z", "origin": [10.73185, 2.84057, 5.78081]},
			"faces": {
				"north": {"uv": [10, 10, 10.70711, 10.65329], "texture": "#0"},
				"east": {"uv": [1, 0, 2.004, 0.65329], "texture": "#missing"},
				"south": {"uv": [5, 0, 5.70711, 0.65329], "texture": "#missing"},
				"west": {"uv": [1, 0, 2.004, 0.65329], "texture": "#missing"},
				"up": {"uv": [10, 10, 10.70711, 11.004], "texture": "#0"},
				"down": {"uv": [9, 11, 9.70711, 12.004], "texture": "#0"}
			}
		},
		{
			"from": [9.23663, 1.86686, 3.43407],
			"to": [9.73125, 2.31435, 4.0229],
			"rotation": {"angle": 45, "axis": "z", "origin": [10.74528, 1.96459, 5.77313]},
			"faces": {
				"north": {"uv": [5, 11, 5.70711, 11.63973], "texture": "#0"},
				"east": {"uv": [0, 1, 0.98476, 1.63973], "texture": "#missing"},
				"south": {"uv": [8, 11, 8.70711, 11.63973], "texture": "#0"},
				"west": {"uv": [0, 1, 0.98476, 1.63973], "texture": "#missing"},
				"up": {"uv": [5, 0, 5.70711, 0.98476], "texture": "#missing"},
				"down": {"uv": [9, 11, 9.70711, 11.98476], "texture": "#0"}
			}
		},
		{
			"from": [5.90039, 1.17846, 3.33407],
			"to": [10.09736, 3.62669, 4.03356],
			"rotation": {"angle": 0, "axis": "y", "origin": [13.24508, 7.12416, 11.02851]},
			"faces": {
				"north": {"uv": [5, 10, 11, 13.5], "texture": "#0"},
				"east": {"uv": [5, 9, 6, 12.5], "texture": "#0"},
				"south": {"uv": [4, 10, 10, 13.5], "texture": "#0"},
				"west": {"uv": [7, 10, 8, 13.5], "texture": "#0"},
				"up": {"uv": [4, 11, 10, 12], "texture": "#0"},
				"down": {"uv": [4, 10, 10, 11], "texture": "#0"}
			}
		},
		{
			"from": [5.75, 1.05, 4.85],
			"to": [10.25, 1.5, 11.15],
			"rotation": {"angle": 0, "axis": "y", "origin": [14.75, 8.25, 14.75]},
			"faces": {
				"north": {"uv": [4, 11, 9, 11.5], "texture": "#0"},
				"east": {"uv": [4, 11, 11, 11.5], "texture": "#0"},
				"south": {"uv": [4, 10, 9, 10.5], "texture": "#0"},
				"west": {"uv": [4, 12, 11, 12.5], "texture": "#0"},
				"up": {"uv": [0, 0, 5, 7], "texture": "#missing"},
				"down": {"uv": [5, 8, 10, 15], "texture": "#0"}
			}
		},
		{
			"from": [5.75, 4.65, 4.85],
			"to": [10.25, 5.1, 11.15],
			"rotation": {"angle": 0, "axis": "y", "origin": [14.75, 11.85, 14.75]},
			"faces": {
				"north": {"uv": [4, 11, 9, 11.5], "texture": "#0"},
				"east": {"uv": [0, 0, 7, 0.5], "texture": "#missing"},
				"south": {"uv": [5, 10, 10, 10.5], "texture": "#0"},
				"west": {"uv": [0, 0, 7, 0.5], "texture": "#missing"},
				"up": {"uv": [5, 8, 10, 15], "texture": "#0"},
				"down": {"uv": [0, 0, 5, 7], "texture": "#missing"}
			}
		},
		{
			"from": [5.7761, 3.18854, 4.875],
			"to": [6.41249, 3.7765, 11.1286],
			"rotation": {"angle": 45, "axis": "z", "origin": [4.48364, 3.63855, 7.99809]},
			"faces": {
				"north": {"uv": [6, 9, 6.70711, 9.65329], "texture": "#0"},
				"east": {"uv": [5, 9, 12.004, 9.65329], "texture": "#0"},
				"south": {"uv": [6, 11, 6.70711, 11.65329], "texture": "#0"},
				"west": {"uv": [5, 9, 12.004, 9.65329], "texture": "#0"},
				"up": {"uv": [8, 8, 8.70711, 15.004], "texture": "#0"},
				"down": {"uv": [7, 8, 7.70711, 15.004], "texture": "#0"}
			}
		},
		{
			"from": [5.78118, 2.36129, 4.95],
			"to": [6.31757, 2.96149, 11.13629],
			"rotation": {"angle": -45, "axis": "z", "origin": [4.50092, 2.51148, 7.9882]},
			"faces": {
				"north": {"uv": [8, 9, 8.70711, 9.66689], "texture": "#0"},
				"east": {"uv": [1, 1, 7.98476, 1.66689], "texture": "#missing"},
				"south": {"uv": [8, 8, 8.70711, 8.66689], "texture": "#0"},
				"west": {"uv": [1, 1, 7.98476, 1.66689], "texture": "#missing"},
				"up": {"uv": [0, 0, 0.70711, 6.98476], "texture": "#missing"},
				"down": {"uv": [9, 6, 9.70711, 12.98476], "texture": "#0"}
			}
		},
		{
			"from": [9.58751, 3.18854, 4.875],
			"to": [10.2239, 3.7765, 11.1286],
			"rotation": {"angle": -45, "axis": "z", "origin": [11.51636, 3.63855, 7.99809]},
			"faces": {
				"north": {"uv": [7, 8, 7.70711, 8.65329], "texture": "#0"},
				"east": {"uv": [4, 11, 11.004, 11.65329], "texture": "#0"},
				"south": {"uv": [7, 9, 7.70711, 9.65329], "texture": "#0"},
				"west": {"uv": [4, 12, 11.004, 12.65329], "texture": "#0"},
				"up": {"uv": [10, 6, 10.70711, 13.004], "texture": "#0"},
				"down": {"uv": [10, 4, 10.70711, 11.004], "texture": "#0"}
			}
		},
		{
			"from": [9.59255, 2.38573, 4.95],
			"to": [10.22895, 2.96149, 11.13629],
			"rotation": {"angle": 45, "axis": "z", "origin": [11.53365, 2.51148, 7.9882]},
			"faces": {
				"north": {"uv": [7, 11, 7.70711, 11.63973], "texture": "#0"},
				"east": {"uv": [4, 10, 10.98476, 10.63973], "texture": "#0"},
				"south": {"uv": [6, 11, 6.70711, 11.63973], "texture": "#0"},
				"west": {"uv": [4, 10, 10.98476, 10.63973], "texture": "#0"},
				"up": {"uv": [10, 6, 10.70711, 12.98476], "texture": "#0"},
				"down": {"uv": [11, 6, 11.70711, 12.98476], "texture": "#0"}
			}
		},
		{
			"from": [5.3, 1.5, 4.85],
			"to": [10.7, 4.65, 11.15],
			"rotation": {"angle": 0, "axis": "y", "origin": [14.75, 9.15, 14.75]},
			"faces": {
				"north": {"uv": [5, 10, 11, 13.5], "texture": "#0"},
				"east": {"uv": [4, 10, 11, 13.5], "texture": "#0"},
				"south": {"uv": [4, 11, 10, 14.5], "texture": "#0"},
				"west": {"uv": [3, 10, 10, 13.5], "texture": "#0"},
				"up": {"uv": [6, 10, 10, 14], "texture": "#0"},
				"down": {"uv": [5, 8, 11, 15], "texture": "#0"}
			}
		},
		{
			"from": [5.75, 0.95, 5.75],
			"to": [10.25, 1.95, 10.25],
			"rotation": {"angle": 0, "axis": "y", "origin": [14.75, 8.25, 14.75]},
			"faces": {
				"north": {"uv": [4, 15, 9, 16], "texture": "#0"},
				"east": {"uv": [4, 9, 9, 10], "texture": "#0"},
				"south": {"uv": [4, 10, 9, 11], "texture": "#0"},
				"west": {"uv": [4, 10, 9, 11], "texture": "#0"},
				"up": {"uv": [0, 0, 5, 5], "texture": "#missing"},
				"down": {"uv": [4, 11, 9, 16], "texture": "#0"}
			}
		},
		{
			"from": [5.75, 4.65, 5.75],
			"to": [10.25, 5.55, 10.25],
			"rotation": {"angle": 0, "axis": "y", "origin": [14.75, 11.85, 14.75]},
			"faces": {
				"north": {"uv": [7, 9, 12, 10], "texture": "#0"},
				"east": {"uv": [4, 11, 9, 12], "texture": "#0"},
				"south": {"uv": [4, 14, 9, 15], "texture": "#0"},
				"west": {"uv": [4, 11, 9, 12], "texture": "#0"},
				"up": {"uv": [5, 9, 10, 14], "texture": "#0"},
				"down": {"uv": [4, 8, 9, 13], "texture": "#missing"}
			}
		},
		{
			"from": [5.4579, 3.18854, 5.775],
			"to": [6.72814, 4.0947, 10.2286],
			"rotation": {"angle": 45, "axis": "z", "origin": [4.48364, 3.63855, 7.99809]},
			"faces": {
				"north": {"uv": [8, 11, 9.41138, 12.00684], "texture": "#0"},
				"east": {"uv": [0, 0, 5.004, 1.00684], "texture": "#missing"},
				"south": {"uv": [8, 10, 9.41138, 11.00684], "texture": "#0"},
				"west": {"uv": [0, 0, 5.004, 1.00684], "texture": "#missing"},
				"up": {"uv": [11, 3, 12.41138, 8.004], "texture": "#0"},
				"down": {"uv": [0, 0, 1.41138, 5.004], "texture": "#missing"}
			}
		},
		{
			"from": [5.47518, 2.50533, 5.73269],
			"to": [6.74543, 3.41149, 10.23629],
			"rotation": {"angle": -45, "axis": "z", "origin": [4.50092, 2.96148, 7.9882]},
			"faces": {
				"north": {"uv": [8, 10, 9.41138, 11.00684], "texture": "#0"},
				"east": {"uv": [1, 1, 6.004, 2.00684], "texture": "#missing"},
				"south": {"uv": [8, 9, 9.41138, 10.00684], "texture": "#0"},
				"west": {"uv": [4, 10, 9.004, 11.00684], "texture": "#0"},
				"up": {"uv": [8, 8, 9.41138, 13.004], "texture": "#0"},
				"down": {"uv": [9, 8, 10.41138, 13.004], "texture": "#0"}
			}
		},
		{
			"from": [9.27186, 3.18854, 5.775],
			"to": [10.5421, 4.0947, 10.2286],
			"rotation": {"angle": -45, "axis": "z", "origin": [11.51636, 3.63855, 7.99809]},
			"faces": {
				"north": {"uv": [8, 10, 9.41138, 11.00684], "texture": "#0"},
				"east": {"uv": [4, 11, 9.004, 12.00684], "texture": "#0"},
				"south": {"uv": [6, 10, 7.41138, 11.00684], "texture": "#0"},
				"west": {"uv": [2, 13, 7.004, 14.00684], "texture": "#0"},
				"up": {"uv": [11, 3, 12.41138, 8.004], "texture": "#0"},
				"down": {"uv": [9, 6, 10.41138, 11.004], "texture": "#0"}
			}
		},
		{
			"from": [5.4579, 3.18854, 5.375],
			"to": [6.72814, 4.2947, 8.1286],
			"rotation": {"angle": 45, "axis": "z", "origin": [4.48364, 3.63855, 7.59809]},
			"faces": {
				"north": {"uv": [8, 11, 9.41138, 12.00684], "texture": "#0"},
				"east": {"uv": [5, 9, 10.004, 10.00684], "texture": "#0"},
				"south": {"uv": [8, 10, 9.41138, 11.00684], "texture": "#0"},
				"west": {"uv": [4, 10, 9.004, 11.00684], "texture": "#0"},
				"up": {"uv": [11, 3, 12.41138, 8.004], "texture": "#0"},
				"down": {"uv": [0, 0, 1.41138, 5.004], "texture": "#missing"}
			}
		},
		{
			"from": [9.27186, 3.18854, 5.375],
			"to": [10.5421, 4.2947, 8.1286],
			"rotation": {"angle": -45, "axis": "z", "origin": [11.51636, 3.63855, 7.59809]},
			"faces": {
				"north": {"uv": [8, 10, 9.41138, 11.00684], "texture": "#0"},
				"east": {"uv": [4, 11, 9.004, 12.00684], "texture": "#0"},
				"south": {"uv": [6, 10, 7.41138, 11.00684], "texture": "#0"},
				"west": {"uv": [2, 13, 7.004, 14.00684], "texture": "#0"},
				"up": {"uv": [11, 3, 12.41138, 8.004], "texture": "#0"},
				"down": {"uv": [9, 6, 10.41138, 11.004], "texture": "#0"}
			}
		},
		{
			"from": [9.28914, 2.50533, 5.73269],
			"to": [10.55939, 3.41149, 10.23629],
			"rotation": {"angle": 45, "axis": "z", "origin": [11.53365, 2.96148, 7.9882]},
			"faces": {
				"north": {"uv": [4, 10, 5.41138, 11.00684], "texture": "#0"},
				"east": {"uv": [4, 12, 9.004, 13.00684], "texture": "#0"},
				"south": {"uv": [7, 10, 8.41138, 11.00684], "texture": "#0"},
				"west": {"uv": [0, 1, 5.004, 2.00684], "texture": "#missing"},
				"up": {"uv": [5, 0, 6.41138, 5.004], "texture": "#missing"},
				"down": {"uv": [8, 8, 9.41138, 13.004], "texture": "#0"}
			}
		},
		{
			"from": [4.85, 1.95, 5.75],
			"to": [11.15, 4.65, 10.25],
			"rotation": {"angle": 0, "axis": "y", "origin": [14.75, 9.15, 14.75]},
			"faces": {
				"north": {"uv": [3, 11, 10, 14], "texture": "#0"},
				"east": {"uv": [6, 9, 11, 12], "texture": "#0"},
				"south": {"uv": [4, 11, 11, 14], "texture": "#0"},
				"west": {"uv": [5, 10, 10, 13], "texture": "#0"},
				"up": {"uv": [3, 10, 10, 15], "texture": "#0"},
				"down": {"uv": [4, 9, 11, 14], "texture": "#0"}
			}
		},
		{
			"from": [4.40597, 6.10407, 11.51732],
			"to": [5.06597, 6.70907, 12.12232],
			"rotation": {"angle": 0, "axis": "x", "origin": [4.49817, 4.86426, 10.68569]},
			"faces": {
				"north": {"uv": [0, 0, 0.6, 0.55], "rotation": 180, "texture": "#1"},
				"east": {"uv": [0, 0, 0.55, 0.55], "rotation": 90, "texture": "#1"},
				"south": {"uv": [0, 0, 0.6, 0.55], "texture": "#1"},
				"west": {"uv": [1, 1.55, 1.55, 1], "rotation": 270, "texture": "#1"},
				"up": {"uv": [0, 0, 0.6, 0.55], "texture": "#1"},
				"down": {"uv": [0, 0, 0.6, 0.55], "rotation": 180, "texture": "#1"}
			}
		},
		{
			"from": [4.40512, 4.5492, 10.77497],
			"to": [5.06512, 5.1542, 12.42497],
			"rotation": {"angle": -45, "axis": "x", "origin": [4.49817, 4.86426, 10.68569]},
			"faces": {
				"north": {"uv": [0, 0, 0.6, 0.55], "texture": "#1"},
				"east": {"uv": [0, 0, 1.5, 0.55], "texture": "#1"},
				"south": {"uv": [0, 0, 0.6, 0.55], "texture": "#1"},
				"west": {"uv": [1, 1.55, 1.55, 1], "texture": "#1"},
				"up": {"uv": [0, 0, 0.6, 1.5], "texture": "#1"},
				"down": {"uv": [0, 0, 0.6, 1.5], "texture": "#1"}
			}
		},
		{
			"from": [4.40597, 5.71517, 11.90623],
			"to": [5.06597, 6.32017, 12.51123],
			"rotation": {"angle": 0, "axis": "x", "origin": [4.49817, 4.86426, 10.68569]},
			"faces": {
				"north": {"uv": [0, 0, 0.6, 0.55], "rotation": 180, "texture": "#1"},
				"east": {"uv": [0, 0, 0.55, 0.55], "rotation": 90, "texture": "#1"},
				"south": {"uv": [0, 0, 0.6, 0.55], "texture": "#1"},
				"west": {"uv": [1, 1.55, 1.55, 1], "rotation": 270, "texture": "#1"},
				"up": {"uv": [0, 0, 0.6, 0.55], "texture": "#1"},
				"down": {"uv": [0, 0, 0.6, 0.55], "rotation": 180, "texture": "#1"}
			}
		},
		{
			"from": [4.21396, 3.76946, 9.57424],
			"to": [5.2876, 5.32414, 11.12948],
			"rotation": {"angle": 0, "axis": "x", "origin": [4.49817, 4.86426, 10.68569]},
			"faces": {
				"north": {"uv": [7, 12, 7.99877, 13.41334], "texture": "#0"},
				"east": {"uv": [7, 12, 8.41385, 13.41334], "texture": "#0"},
				"south": {"uv": [7, 12, 7.99877, 13.41334], "texture": "#0"},
				"west": {"uv": [7, 12, 8.41385, 13.41334], "texture": "#0"},
				"up": {"uv": [7, 12, 7.99877, 13.41385], "texture": "#0"},
				"down": {"uv": [7, 12, 7.99877, 13.41385], "texture": "#0"}
			}
		},
		{
			"from": [4.18512, 3.7792, 8.02497],
			"to": [5.28512, 5.9792, 10.22497],
			"rotation": {"angle": -45, "axis": "x", "origin": [4.49817, 4.86426, 10.68569]},
			"faces": {
				"north": {"uv": [7, 12, 8, 14], "texture": "#0"},
				"east": {"uv": [7, 12, 9, 14], "texture": "#0"},
				"south": {"uv": [7, 12, 8, 14], "texture": "#0"},
				"west": {"uv": [7, 12, 9, 14], "texture": "#0"},
				"up": {"uv": [7, 12, 8, 14], "texture": "#0"},
				"down": {"uv": [7, 12, 8, 14], "texture": "#0"}
			}
		},
		{
			"from": [4.21012, 2.21655, 8.01589],
			"to": [5.28376, 3.77122, 9.57113],
			"rotation": {"angle": 0, "axis": "x", "origin": [4.49817, 4.86426, 10.68569]},
			"faces": {
				"north": {"uv": [7, 12, 7.99877, 13.41334], "texture": "#0"},
				"east": {"uv": [7, 12, 8.41385, 13.41334], "texture": "#0"},
				"south": {"uv": [7, 12, 7.99877, 13.41334], "texture": "#0"},
				"west": {"uv": [7, 12, 8.41385, 13.41334], "texture": "#0"},
				"up": {"uv": [7, 12, 7.99877, 13.41385], "texture": "#0"},
				"down": {"uv": [7, 12, 7.99877, 13.41385], "texture": "#0"}
			}
		},
		{
			"from": [10.93403, 6.10407, 11.51732],
			"to": [11.59403, 6.70907, 12.12232],
			"rotation": {"angle": 0, "axis": "x", "origin": [11.50183, 4.86426, 10.68569]},
			"faces": {
				"north": {"uv": [0.6, 0, 0, 0.55], "rotation": 180, "texture": "#1"},
				"east": {"uv": [0, 0.55, 0.55, 0], "rotation": 270, "texture": "#1"},
				"south": {"uv": [0.6, 0, 0, 0.55], "texture": "#1"},
				"west": {"uv": [1, 1.55, 1.55, 1], "rotation": 90, "texture": "#1"},
				"up": {"uv": [0.6, 0, 0, 0.55], "texture": "#1"},
				"down": {"uv": [0.6, 0, 0, 0.55], "rotation": 180, "texture": "#1"}
			}
		},
		{
			"from": [10.93488, 4.5492, 10.77497],
			"to": [11.59488, 5.1542, 12.42497],
			"rotation": {"angle": -45, "axis": "x", "origin": [11.50183, 4.86426, 10.68569]},
			"faces": {
				"north": {"uv": [0.6, 0, 0, 0.55], "texture": "#1"},
				"east": {"uv": [1.5, 0, 0, 0.55], "texture": "#1"},
				"south": {"uv": [0.6, 0, 0, 0.55], "texture": "#1"},
				"west": {"uv": [1, 1.55, 1.55, 1], "texture": "#1"},
				"up": {"uv": [0.6, 0, 0, 1.5], "texture": "#1"},
				"down": {"uv": [0.6, 0, 0, 1.5], "texture": "#1"}
			}
		},
		{
			"from": [10.93403, 5.71517, 11.90623],
			"to": [11.59403, 6.32017, 12.51123],
			"rotation": {"angle": 0, "axis": "x", "origin": [11.50183, 4.86426, 10.68569]},
			"faces": {
				"north": {"uv": [0.6, 0, 0, 0.55], "rotation": 180, "texture": "#1"},
				"east": {"uv": [0, 0.55, 0.55, 0], "rotation": 270, "texture": "#1"},
				"south": {"uv": [0.6, 0, 0, 0.55], "texture": "#1"},
				"west": {"uv": [1, 1.55, 1.55, 1], "rotation": 90, "texture": "#1"},
				"up": {"uv": [0.6, 0, 0, 0.55], "texture": "#1"},
				"down": {"uv": [0.6, 0, 0, 0.55], "rotation": 180, "texture": "#1"}
			}
		},
		{
			"from": [10.7124, 3.76946, 9.57424],
			"to": [11.78604, 5.32414, 11.12948],
			"rotation": {"angle": 0, "axis": "x", "origin": [11.50183, 4.86426, 10.68569]},
			"faces": {
				"north": {"uv": [7.99877, 12, 7, 13.41334], "texture": "#0"},
				"east": {"uv": [8.41385, 12, 7, 13.41334], "texture": "#0"},
				"south": {"uv": [7.99877, 12, 7, 13.41334], "texture": "#0"},
				"west": {"uv": [8.41385, 12, 7, 13.41334], "texture": "#0"},
				"up": {"uv": [7.99877, 12, 7, 13.41385], "texture": "#0"},
				"down": {"uv": [7.99877, 12, 7, 13.41385], "texture": "#0"}
			}
		},
		{
			"from": [10.71488, 3.7792, 8.02497],
			"to": [11.81488, 5.9792, 10.22497],
			"rotation": {"angle": -45, "axis": "x", "origin": [11.50183, 4.86426, 10.68569]},
			"faces": {
				"north": {"uv": [8, 12, 7, 14], "texture": "#0"},
				"east": {"uv": [9, 12, 7, 14], "texture": "#0"},
				"south": {"uv": [8, 12, 7, 14], "texture": "#0"},
				"west": {"uv": [9, 12, 7, 14], "texture": "#0"},
				"up": {"uv": [8, 12, 7, 14], "texture": "#0"},
				"down": {"uv": [8, 12, 7, 14], "texture": "#0"}
			}
		},
		{
			"from": [10.71624, 2.21655, 8.01589],
			"to": [11.78988, 3.77122, 9.57113],
			"rotation": {"angle": 0, "axis": "x", "origin": [11.50183, 4.86426, 10.68569]},
			"faces": {
				"north": {"uv": [7.99877, 12, 7, 13.41334], "texture": "#0"},
				"east": {"uv": [8.41385, 12, 7, 13.41334], "texture": "#0"},
				"south": {"uv": [7.99877, 12, 7, 13.41334], "texture": "#0"},
				"west": {"uv": [8.41385, 12, 7, 13.41334], "texture": "#0"},
				"up": {"uv": [7.99877, 12, 7, 13.41385], "texture": "#0"},
				"down": {"uv": [7.99877, 12, 7, 13.41385], "texture": "#0"}
			}
		}
	],
	"display": {
		"thirdperson_righthand": {
			"translation": [0, 4, 2],
			"scale": [1.2, 1.2, 1.2]
		},
		"thirdperson_lefthand": {
			"translation": [0, 4, 2],
			"scale": [1.2, 1.2, 1.2]
		},
		"firstperson_righthand": {
			"rotation": [20, 0, 0],
			"translation": [0, 4.5, 0],
			"scale": [0.75, 0.75, 0.75]
		},
		"firstperson_lefthand": {
			"rotation": [20, 0, 0],
			"translation": [0, 4.5, 0],
			"scale": [0.75, 0.75, 0.75]
		},
		"ground": {
			"translation": [0, 9.75, 0],
			"scale": [0.89258, 0.89258, 0.89258]
		},
		"gui": {
			"rotation": [30, -70, 0],
			"translation": [0, 6, 0],
			"scale": [1.5, 1.5, 1.5]
		},
		"head": {
			"rotation": [-90, 0, 0],
			"translation": [0, 7, -16.5],
			"scale": [2.7, 3.5625, 2.7]
		},
		"fixed": {
			"rotation": [-90, 0, 0],
			"translation": [0, 0, -15],
			"scale": [2, 2, 2]
		}
	},
	"groups": [
		{
			"name": "group",
			"origin": [8, 8, 8],
			"color": 0,
			"children": []
		},
		{
			"name": "group",
			"origin": [8, 8, 8],
			"color": 0,
			"children": [
				{
					"name": "Turkey",
					"origin": [15.5, 9, 15.5],
					"color": 0,
					"children": [0, 1, 2, 3, 4, 5, 6, 7, 8, 9, 10, 11, 12, 13, 14, 15]
				},
				{
					"name": "Turkey",
					"origin": [15.5, 9, 15.5],
					"color": 0,
					"children": [16, 17, 18, 19, 20, 21, 22]
				},
				{
					"name": "Turkey",
					"origin": [15.5, 9, 15.5],
					"color": 0,
					"children": [23, 24, 25, 26, 27, 28, 29]
				},
				{
					"name": "Turkey",
					"origin": [15.5, 9, 15.5],
					"color": 0,
					"children": [30, 31, 32, 33, 34, 35, 36, 37, 38]
				}
			]
		},
		{
			"name": "leg",
			"origin": [0.49879, 0.70799, 0.00035],
			"color": 0,
			"children": [39, 40, 41, 42, 43, 44]
		},
		{
			"name": "leg",
			"origin": [0.49879, 0.70799, 0.00035],
			"color": 0,
			"children": [45, 46, 47, 48, 49, 50]
		}
	]
}
