{
	"credit": "Made with love for thanksgiving turkey by Bear",
	"textures": {
		"0": "block/bone_block_side",
		"1": "item/cooked_mutton"
	},
	"elements": [
		{
			"from": [7.40925, 2.84457, 1.74873],
			"to": [8.68589, 4.1173, 6.86483],
			"rotation": {"angle": 0, "axis": "y", "origin": [8.68925, 12.4373, 6.86873]},
			"faces": {
				"north": {"uv": [0, 0, 0.99738, 0.99432], "texture": "#0"},
				"east": {"uv": [0, 0, 3.99696, 0.99432], "texture": "#0"},
				"south": {"uv": [0, 0, 0.99738, 0.99432], "texture": "#0"},
				"west": {"uv": [0, 0, 3.99696, 0.99432], "texture": "#0"},
				"up": {"uv": [0, 0, 0.99738, 3.99696], "texture": "#0"},
				"down": {"uv": [0, 0, 0.99738, 3.99696], "texture": "#0"}
			}
		},
		{
			"from": [6.58064, 2.73974, 1.11208],
			"to": [7.85728, 4.21247, 2.70818],
			"rotation": {"angle": 45, "axis": "y", "origin": [7.22569, 3.48059, 1.73893]},
			"faces": {
				"north": {"uv": [0, 0, 0.99738, 0.99432], "texture": "#0"},
				"east": {"uv": [0, 0, 1.24696, 0.99432], "texture": "#0"},
				"south": {"uv": [0, 0, 0.99738, 0.99432], "texture": "#0"},
				"west": {"uv": [0, 0, 1.24696, 0.99432], "texture": "#0"},
				"up": {"uv": [0, 0, 0.99738, 1.24696], "texture": "#0"},
				"down": {"uv": [0, 0, 0.99738, 1.24696], "texture": "#0"}
			}
		},
		{
			"from": [7.93514, 2.94009, 1.11387],
			"to": [9.53178, 4.01282, 2.38998],
			"rotation": {"angle": 45, "axis": "y", "origin": [8.90019, 3.48094, 1.74072]},
			"faces": {
				"north": {"uv": [0, 0, 1.24738, 0.99432], "texture": "#0"},
				"east": {"uv": [0, 0, 0.99696, 0.99432], "texture": "#0"},
				"south": {"uv": [0, 0, 1.24738, 0.99432], "texture": "#0"},
				"west": {"uv": [0, 0, 0.99696, 0.99432], "texture": "#0"},
				"up": {"uv": [0, 0, 1.24738, 0.99696], "texture": "#0"},
				"down": {"uv": [0, 0, 1.24738, 0.99696], "texture": "#0"}
			}
		},
		{
			"from": [6.93113, 0.79949, 13.36063],
			"to": [9.06887, 5.96045, 14.64423],
			"rotation": {"angle": 0, "axis": "y", "origin": [8, 3.37997, 14.79703]},
			"faces": {
				"north": {"uv": [11, 4, 13, 10], "texture": "#1"},
				"east": {"uv": [7, 8, 9, 9], "rotation": 180, "texture": "#1"},
				"south": {"uv": [9, 9, 11, 13], "rotation": 180, "texture": "#1"},
				"west": {"uv": [7, 8, 9, 9], "rotation": 180, "texture": "#1"},
				"up": {"uv": [7, 8, 9, 9], "rotation": 180, "texture": "#1"},
				"down": {"uv": [7, 8, 9, 9], "rotation": 180, "texture": "#1"}
			}
		},
		{
			"from": [5.41952, 2.3111, 13.46037],
			"to": [10.58048, 4.44884, 14.54397],
			"rotation": {"angle": 45, "axis": "z", "origin": [8, 3.37997, 14.79703]},
			"faces": {
				"north": {"uv": [7, 8, 9, 14], "rotation": 270, "texture": "#1"},
				"east": {"uv": [7, 8, 9, 9], "rotation": 90, "texture": "#1"},
				"south": {"uv": [10, 4, 12, 8], "rotation": 90, "texture": "#1"},
				"west": {"uv": [7, 8, 9, 9], "rotation": 90, "texture": "#1"},
				"up": {"uv": [7, 8, 9, 9], "rotation": 180, "texture": "#1"},
				"down": {"uv": [7, 8, 9, 9], "rotation": 180, "texture": "#1"}
			}
		},
		{
			"from": [5.41952, 2.3111, 13.36057],
			"to": [10.58048, 4.44884, 14.44417],
			"rotation": {"angle": 0, "axis": "y", "origin": [8, 3.37997, 14.79703]},
			"faces": {
				"north": {"uv": [7, 8, 9, 14], "rotation": 90, "texture": "#1"},
				"east": {"uv": [7, 8, 9, 9], "rotation": 90, "texture": "#1"},
				"south": {"uv": [4, 9, 8, 11], "rotation": 180, "texture": "#1"},
				"west": {"uv": [7, 8, 9, 9], "rotation": 90, "texture": "#1"},
				"up": {"uv": [7, 8, 9, 9], "rotation": 180, "texture": "#1"},
				"down": {"uv": [7, 8, 9, 9], "rotation": 180, "texture": "#1"}
			}
		},
		{
			"from": [6.48648, -0.09981, 10.48607],
			"to": [9.51352, 7.20811, 14.24167],
			"rotation": {"angle": 45, "axis": "z", "origin": [8, 3.55415, 11.82263]},
			"faces": {
				"north": {"uv": [7, 8, 10, 12], "rotation": 180, "texture": "#1"},
				"east": {"uv": [7, 8, 10, 12], "rotation": 180, "texture": "#1"},
				"south": {"uv": [7, 8, 10, 12], "rotation": 180, "texture": "#1"},
				"west": {"uv": [7, 8, 10, 12], "rotation": 180, "texture": "#1"},
				"up": {"uv": [7, 8, 10, 12], "rotation": 180, "texture": "#1"},
				"down": {"uv": [7, 8, 10, 12], "rotation": 180, "texture": "#1"}
			}
		},
		{
			"from": [6.48648, -0.09981, 10.38623],
			"to": [9.51352, 7.20811, 14.14183],
			"rotation": {"angle": 0, "axis": "y", "origin": [8, 3.55415, 11.82263]},
			"faces": {
				"north": {"uv": [7, 8, 10, 12], "rotation": 180, "texture": "#1"},
				"east": {"uv": [7, 8, 10, 12], "rotation": 180, "texture": "#1"},
				"south": {"uv": [7, 8, 10, 12], "rotation": 180, "texture": "#1"},
				"west": {"uv": [7, 8, 10, 12], "rotation": 180, "texture": "#1"},
				"up": {"uv": [7, 8, 10, 12], "rotation": 180, "texture": "#1"},
				"down": {"uv": [7, 8, 10, 12], "rotation": 180, "texture": "#1"}
			}
		},
		{
			"from": [4.34604, 2.04063, 10.48607],
			"to": [11.65396, 5.06767, 14.34167],
			"rotation": {"angle": 45, "axis": "z", "origin": [8, 3.55415, 11.82263]},
			"faces": {
				"north": {"uv": [7, 8, 10, 12], "rotation": 180, "texture": "#1"},
				"east": {"uv": [7, 8, 10, 12], "rotation": 180, "texture": "#1"},
				"south": {"uv": [7, 8, 10, 12], "rotation": 180, "texture": "#1"},
				"west": {"uv": [7, 8, 10, 12], "rotation": 180, "texture": "#1"},
				"up": {"uv": [7, 8, 10, 12], "rotation": 180, "texture": "#1"},
				"down": {"uv": [7, 8, 10, 12], "rotation": 180, "texture": "#1"}
			}
		},
		{
			"from": [4.34604, 2.04063, 10.38617],
			"to": [11.65396, 5.06767, 14.14177],
			"rotation": {"angle": 0, "axis": "y", "origin": [8, 3.55415, 11.82263]},
			"faces": {
				"north": {"uv": [7, 8, 10, 12], "rotation": 180, "texture": "#1"},
				"east": {"uv": [7, 8, 10, 12], "rotation": 180, "texture": "#1"},
				"south": {"uv": [7, 8, 10, 12], "rotation": 180, "texture": "#1"},
				"west": {"uv": [7, 8, 10, 12], "rotation": 180, "texture": "#1"},
				"up": {"uv": [7, 8, 10, 12], "rotation": 180, "texture": "#1"},
				"down": {"uv": [7, 8, 10, 12], "rotation": 180, "texture": "#1"}
			}
		},
		{
			"from": [6.71736, 0.44467, 8.14327],
			"to": [9.28264, 6.63783, 10.49947],
			"rotation": {"angle": 45, "axis": "z", "origin": [8, 3.54125, 10.20983]},
			"faces": {
				"north": {"uv": [7, 8, 10, 11], "rotation": 180, "texture": "#1"},
				"east": {"uv": [7, 8, 10, 11], "rotation": 180, "texture": "#1"},
				"south": {"uv": [7, 8, 10, 11], "rotation": 180, "texture": "#1"},
				"west": {"uv": [7, 8, 10, 11], "rotation": 180, "texture": "#1"},
				"up": {"uv": [7, 8, 10, 11], "rotation": 180, "texture": "#1"},
				"down": {"uv": [7, 8, 10, 11], "rotation": 180, "texture": "#1"}
			}
		},
		{
			"from": [6.71736, 0.44467, 8.24343],
			"to": [9.28264, 6.63783, 10.49963],
			"rotation": {"angle": 0, "axis": "y", "origin": [8, 3.54125, 10.20983]},
			"faces": {
				"north": {"uv": [7, 8, 10, 11], "rotation": 180, "texture": "#1"},
				"east": {"uv": [7, 8, 10, 11], "rotation": 180, "texture": "#1"},
				"south": {"uv": [7, 8, 10, 11], "rotation": 180, "texture": "#1"},
				"west": {"uv": [7, 8, 10, 11], "rotation": 180, "texture": "#1"},
				"up": {"uv": [7, 8, 10, 11], "rotation": 180, "texture": "#1"},
				"down": {"uv": [7, 8, 10, 11], "rotation": 180, "texture": "#1"}
			}
		},
		{
			"from": [4.90342, 2.25861, 8.14327],
			"to": [11.09658, 4.82389, 10.49947],
			"rotation": {"angle": 45, "axis": "z", "origin": [8, 3.54125, 10.20983]},
			"faces": {
				"north": {"uv": [7, 8, 10, 11], "rotation": 180, "texture": "#1"},
				"east": {"uv": [7, 8, 10, 11], "rotation": 90, "texture": "#1"},
				"south": {"uv": [7, 8, 10, 11], "rotation": 180, "texture": "#1"},
				"west": {"uv": [7, 8, 10, 11], "rotation": 270, "texture": "#1"},
				"up": {"uv": [7, 8, 10, 11], "rotation": 180, "texture": "#1"},
				"down": {"uv": [7, 8, 10, 11], "rotation": 180, "texture": "#1"}
			}
		},
		{
			"from": [4.90342, 2.25861, 8.24337],
			"to": [11.09658, 4.82389, 10.49957],
			"rotation": {"angle": 0, "axis": "y", "origin": [8, 3.54125, 10.20983]},
			"faces": {
				"north": {"uv": [7, 8, 10, 11], "rotation": 180, "texture": "#1"},
				"east": {"uv": [7, 8, 10, 11], "rotation": 90, "texture": "#1"},
				"south": {"uv": [7, 8, 10, 11], "rotation": 180, "texture": "#1"},
				"west": {"uv": [7, 8, 10, 11], "rotation": 270, "texture": "#1"},
				"up": {"uv": [7, 8, 10, 11], "rotation": 180, "texture": "#1"},
				"down": {"uv": [7, 8, 10, 11], "rotation": 180, "texture": "#1"}
			}
		},
		{
			"from": [6.93113, 0.79949, 13.46037],
			"to": [9.06887, 5.96045, 14.34397],
			"rotation": {"angle": 45, "axis": "z", "origin": [8, 3.37997, 14.79703]},
			"faces": {
				"north": {"uv": [7, 8, 9, 14], "texture": "#1"},
				"east": {"uv": [7, 8, 9, 9], "rotation": 180, "texture": "#1"},
				"south": {"uv": [5, 9, 7, 10], "rotation": 180, "texture": "#1"},
				"west": {"uv": [7, 8, 9, 9], "rotation": 180, "texture": "#1"},
				"up": {"uv": [7, 8, 9, 9], "rotation": 180, "texture": "#1"},
				"down": {"uv": [7, 8, 9, 9], "rotation": 180, "texture": "#1"}
			}
		},
		{
			"from": [5.41952, 2.3111, 7.16057],
			"to": [10.58048, 4.44884, 8.24417],
			"rotation": {"angle": 0, "axis": "y", "origin": [8, 3.37997, 8.59703]},
			"faces": {
				"north": {"uv": [7, 8, 9, 14], "rotation": 90, "texture": "#1"},
				"east": {"uv": [7, 8, 9, 9], "rotation": 90, "texture": "#1"},
				"south": {"uv": [7, 8, 9, 9], "rotation": 180, "texture": "#1"},
				"west": {"uv": [7, 8, 9, 9], "rotation": 90, "texture": "#1"},
				"up": {"uv": [7, 8, 9, 9], "rotation": 180, "texture": "#1"},
				"down": {"uv": [7, 8, 9, 9], "rotation": 180, "texture": "#1"}
			}
		},
		{
			"from": [5.41952, 2.3111, 7.26037],
			"to": [10.58048, 4.44884, 8.24397],
			"rotation": {"angle": 45, "axis": "z", "origin": [8, 3.37997, 8.59703]},
			"faces": {
				"north": {"uv": [7, 8, 9, 14], "rotation": 270, "texture": "#1"},
				"east": {"uv": [7, 8, 9, 9], "rotation": 90, "texture": "#1"},
				"south": {"uv": [7, 8, 9, 9], "rotation": 180, "texture": "#1"},
				"west": {"uv": [7, 8, 9, 9], "rotation": 90, "texture": "#1"},
				"up": {"uv": [7, 8, 9, 9], "rotation": 180, "texture": "#1"},
				"down": {"uv": [7, 8, 9, 9], "rotation": 180, "texture": "#1"}
			}
		},
		{
			"from": [6.93113, 0.79949, 7.16063],
			"to": [9.06887, 5.96045, 8.24423],
			"rotation": {"angle": 0, "axis": "y", "origin": [8, 3.37997, 8.59703]},
			"faces": {
				"north": {"uv": [7, 8, 9, 14], "texture": "#1"},
				"east": {"uv": [7, 8, 9, 9], "rotation": 180, "texture": "#1"},
				"south": {"uv": [7, 8, 9, 9], "rotation": 180, "texture": "#1"},
				"west": {"uv": [7, 8, 9, 9], "rotation": 180, "texture": "#1"},
				"up": {"uv": [7, 8, 9, 9], "rotation": 180, "texture": "#1"},
				"down": {"uv": [7, 8, 9, 9], "rotation": 180, "texture": "#1"}
			}
		},
		{
			"from": [6.93113, 0.79949, 7.26037],
			"to": [9.06887, 5.96045, 8.24397],
			"rotation": {"angle": 45, "axis": "z", "origin": [8, 3.37997, 8.59703]},
			"faces": {
				"north": {"uv": [7, 8, 9, 14], "texture": "#1"},
				"east": {"uv": [7, 8, 9, 9], "rotation": 180, "texture": "#1"},
				"south": {"uv": [7, 8, 9, 9], "rotation": 180, "texture": "#1"},
				"west": {"uv": [7, 8, 9, 9], "rotation": 180, "texture": "#1"},
				"up": {"uv": [7, 8, 9, 9], "rotation": 180, "texture": "#1"},
				"down": {"uv": [7, 8, 9, 9], "rotation": 180, "texture": "#1"}
			}
		},
		{
			"from": [6.19366, 2.79304, 6.27777],
			"to": [9.80634, 4.28946, 7.16057],
			"rotation": {"angle": 0, "axis": "y", "origin": [8, 3.54125, 6.98423]},
			"faces": {
				"north": {"uv": [7, 8, 9, 14], "rotation": 90, "texture": "#1"},
				"east": {"uv": [7, 8, 9, 9], "rotation": 90, "texture": "#1"},
				"south": {"uv": [7, 8, 9, 9], "rotation": 180, "texture": "#1"},
				"west": {"uv": [7, 8, 9, 9], "rotation": 90, "texture": "#1"},
				"up": {"uv": [7, 8, 9, 9], "rotation": 180, "texture": "#1"},
				"down": {"uv": [7, 8, 9, 9], "rotation": 180, "texture": "#1"}
			}
		},
		{
			"from": [6.19366, 2.79304, 6.17967],
			"to": [9.80634, 4.28946, 7.16247],
			"rotation": {"angle": 45, "axis": "z", "origin": [8, 3.54125, 6.98423]},
			"faces": {
				"north": {"uv": [7, 8, 9, 14], "rotation": 90, "texture": "#1"},
				"east": {"uv": [7, 8, 9, 9], "rotation": 90, "texture": "#1"},
				"south": {"uv": [7, 8, 9, 9], "rotation": 180, "texture": "#1"},
				"west": {"uv": [7, 8, 9, 9], "rotation": 90, "texture": "#1"},
				"up": {"uv": [7, 8, 9, 9], "rotation": 180, "texture": "#1"},
				"down": {"uv": [7, 8, 9, 9], "rotation": 180, "texture": "#1"}
			}
		},
		{
			"from": [7.25179, 1.73491, 6.27783],
			"to": [8.74821, 5.34759, 7.16063],
			"rotation": {"angle": 0, "axis": "y", "origin": [8, 3.54125, 6.98423]},
			"faces": {
				"north": {"uv": [7, 8, 9, 14], "texture": "#1"},
				"east": {"uv": [7, 8, 9, 9], "rotation": 180, "texture": "#1"},
				"south": {"uv": [7, 8, 9, 9], "rotation": 180, "texture": "#1"},
				"west": {"uv": [7, 8, 9, 9], "rotation": 180, "texture": "#1"},
				"up": {"uv": [7, 8, 9, 9], "rotation": 180, "texture": "#1"},
				"down": {"uv": [7, 8, 9, 9], "rotation": 180, "texture": "#1"}
			}
		},
		{
			"from": [7.25179, 1.73491, 6.07967],
			"to": [8.74821, 5.34759, 7.16247],
			"rotation": {"angle": 45, "axis": "z", "origin": [8, 3.54125, 6.98423]},
			"faces": {
				"north": {"uv": [7, 8, 9, 14], "rotation": 180, "texture": "#1"},
				"east": {"uv": [7, 8, 9, 9], "rotation": 180, "texture": "#1"},
				"south": {"uv": [7, 8, 9, 9], "rotation": 180, "texture": "#1"},
				"west": {"uv": [7, 8, 9, 9], "rotation": 180, "texture": "#1"},
				"up": {"uv": [7, 8, 9, 9], "rotation": 180, "texture": "#1"},
				"down": {"uv": [7, 8, 9, 9], "rotation": 180, "texture": "#1"}
			}
		}
	],
	"display": {
		"thirdperson_righthand": {
			"rotation": [-45, 13.5, 8.5],
			"translation": [0.5, 5.5, 0.25]
		},
		"thirdperson_lefthand": {
			"rotation": [-45.5, 13.5, 8.5],
			"translation": [0.5, 6, 0.75]
		},
		"firstperson_righthand": {
			"rotation": [70, -180, -25],
			"translation": [-2.62, 4.2, 4.13],
			"scale": [0.6, 0.6, 0.6]
		},
		"firstperson_lefthand": {
			"rotation": [70, -180, -25],
			"translation": [-2.62, 4.2, 4.13],
			"scale": [0.6, 0.6, 0.6]
		},
		"ground": {
			"translation": [0, 10, 0]
		},
		"gui": {
			"rotation": [-80, 50, 0],
			"translation": [-0.5, 0.5, 0],
			"scale": [1.1, 1.1, 1.1]
		},
		"head": {
			"rotation": [119, 0, 0],
			"translation": [0, 7, 15.25],
			"scale": [2.4, 2.4, 2]
		},
		"fixed": {
			"rotation": [-102.25, 0, 0],
			"translation": [0, -2.25, -12.25],
			"scale": [2, 2, 2]
		}
	},
	"groups": [
		{
			"name": "bone",
			"origin": [12.24253, 8.00575, 5.82648],
			"color": 0,
			"children": [0, 1, 2]
		},
		{
			"name": "ham",
			"origin": [8, 8, 8],
			"color": 0,
			"children": [
				{
					"name": "end base",
					"origin": [8, 3.37997, 14.79703],
					"color": 0,
					"children": [3, 4, 5]
				},
				{
					"name": "base",
					"origin": [8, 8, 8],
					"color": 0,
					"children": [6, 7, 8, 9]
				},
				{
					"name": "cube",
					"origin": [8, 8, 8],
					"color": 0,
					"children": [10, 11, 12, 13, 14, 15, 16, 17, 18, 19, 20, 21, 22]
				}
			]
		}
	]
}
