{
	"credit": "Designed and developed by Bear Riley",
	"parent": "block/custom/furniture/chairs/cozy_chair/display_properties",
	"elements": [
		{
			"from": [-1, 7, 13],
			"to": [17, 16, 16],
			"faces": {
				"north": {"uv": [0, 0, 16, 9], "texture": "#1", "tintindex": 0},
				"east": {"uv": [0, 0, 3, 9], "texture": "#1", "tintindex": 0},
				"south": {"uv": [0, 0, 16, 9], "texture": "#1", "tintindex": 0},
				"west": {"uv": [0, 0, 3, 9], "texture": "#1", "tintindex": 0},
				"up": {"uv": [0, 0, 16, 3], "texture": "#1", "tintindex": 0},
				"down": {"uv": [0, 0, 16, 3], "texture": "#1", "tintindex": 0}
			}
		},
		{
			"from": [-1, 7, 0],
			"to": [2, 11, 13],
			"faces": {
				"north": {"uv": [0, 0, 3, 4], "texture": "#1", "tintindex": 0},
				"east": {"uv": [0, 0, 13, 4], "texture": "#1", "tintindex": 0},
				"south": {"uv": [0, 0, 3, 4], "texture": "#1", "tintindex": 0},
				"west": {"uv": [0, 0, 13, 4], "texture": "#1", "tintindex": 0},
				"up": {"uv": [0, 0, 3, 13], "texture": "#1", "tintindex": 0},
				"down": {"uv": [0, 0, 3, 13], "texture": "#1", "tintindex": 0}
			}
		},
		{
			"from": [14, 7, 0],
			"to": [17, 11, 13],
			"faces": {
				"north": {"uv": [0, 0, 3, 4], "texture": "#1", "tintindex": 0},
				"east": {"uv": [0, 0, 13, 4], "texture": "#1", "tintindex": 0},
				"south": {"uv": [0, 0, 3, 4], "texture": "#1", "tintindex": 0},
				"west": {"uv": [0, 0, 13, 4], "texture": "#1", "tintindex": 0},
				"up": {"uv": [0, 0, 3, 13], "texture": "#1", "tintindex": 0},
				"down": {"uv": [0, 0, 3, 13], "texture": "#1", "tintindex": 0}
			}
		},
		{
			"from": [0, 4, 0],
			"to": [16, 7, 16],
			"faces": {
				"north": {"uv": [0, 0, 16, 3], "texture": "#1", "tintindex": 0},
				"east": {"uv": [0, 0, 16, 3], "texture": "#1", "tintindex": 0},
				"south": {"uv": [0, 0, 16, 3], "texture": "#1", "tintindex": 0},
				"west": {"uv": [0, 0, 16, 3], "texture": "#1", "tintindex": 0},
				"up": {"uv": [0, 0, 16, 16], "texture": "#1", "tintindex": 0},
				"down": {"uv": [0, 0, 16, 16], "texture": "#1", "tintindex": 0}
			}
		},
		{
			"from": [0, 2, 0],
			"to": [16, 4, 16],
			"faces": {
				"north": {"uv": [0, 0, 16, 2], "texture": "#0"},
				"east": {"uv": [0, 0, 16, 2], "texture": "#0"},
				"south": {"uv": [0, 0, 16, 2], "texture": "#0"},
				"west": {"uv": [0, 0, 16, 2], "texture": "#0"},
				"up": {"uv": [0, 0, 16, 16], "texture": "#0"},
				"down": {"uv": [0, 0, 16, 16], "texture": "#0"}
			}
		},
		{
			"from": [0, 0, 0],
			"to": [2, 2, 2],
			"faces": {
				"north": {"uv": [0, 0, 2, 2], "texture": "#0"},
				"east": {"uv": [0, 0, 2, 2], "texture": "#0"},
				"south": {"uv": [0, 0, 2, 2], "texture": "#0"},
				"west": {"uv": [0, 0, 2, 2], "texture": "#0"},
				"up": {"uv": [0, 0, 2, 2], "texture": "#0"},
				"down": {"uv": [0, 0, 2, 2], "texture": "#0"}
			}
		},
		{
			"from": [14, 0, 0],
			"to": [16, 2, 2],
			"faces": {
				"north": {"uv": [0, 0, 2, 2], "texture": "#0"},
				"east": {"uv": [0, 0, 2, 2], "texture": "#0"},
				"south": {"uv": [0, 0, 2, 2], "texture": "#0"},
				"west": {"uv": [0, 0, 2, 2], "texture": "#0"},
				"up": {"uv": [0, 0, 2, 2], "texture": "#0"},
				"down": {"uv": [0, 0, 2, 2], "texture": "#0"}
			}
		},
		{
			"from": [0, 0, 14],
			"to": [2, 2, 16],
			"faces": {
				"north": {"uv": [0, 0, 2, 2], "texture": "#0"},
				"east": {"uv": [0, 0, 2, 2], "texture": "#0"},
				"south": {"uv": [0, 0, 2, 2], "texture": "#0"},
				"west": {"uv": [0, 0, 2, 2], "texture": "#0"},
				"up": {"uv": [0, 0, 2, 2], "texture": "#0"},
				"down": {"uv": [0, 0, 2, 2], "texture": "#0"}
			}
		},
		{
			"from": [14, 0, 14],
			"to": [16, 2, 16],
			"faces": {
				"north": {"uv": [0, 0, 2, 2], "texture": "#0"},
				"east": {"uv": [0, 0, 2, 2], "texture": "#0"},
				"south": {"uv": [0, 0, 2, 2], "texture": "#0"},
				"west": {"uv": [0, 0, 2, 2], "texture": "#0"},
				"up": {"uv": [0, 0, 2, 2], "texture": "#0"},
				"down": {"uv": [0, 0, 2, 2], "texture": "#0"}
			}
		}
	],
	"groups": [
		{
			"name": "fabric",
			"origin": [0, 0, 0],
			"color": 0,
			"children": [0, 1, 2, 3]
		},
		{
			"name": "wooden_base",
			"origin": [0, 0, 0],
			"color": 0,
			"children": [4, 5, 6, 7, 8]
		}
	]
}
