{
	"display": {
		"thirdperson_righthand": {
			"rotation": [22.5, 0, 0],
			"translation": [0, 0, -1.5],
			"scale": [0.25, 0.25, 0.25]
		},
		"thirdperson_lefthand": {
			"rotation": [22.5, 0, 0],
			"translation": [0, 0, -1.5],
			"scale": [0.25, 0.25, 0.25]
		},
		"firstperson_righthand": {
			"translation": [0, 0, -1.5],
			"scale": [0.25, 0.25, 0.25]
		},
		"firstperson_lefthand": {
			"translation": [0, 0, -1.5],
			"scale": [0.25, 0.25, 0.25]
		},
		"ground": {
			"translation": [0, 4.25, 0],
			"scale": [0.25, 0.25, 0.25]
		},
		"gui": {
			"rotation": [22.5, 135, 0],
			"scale": [0.6, 0.6, 0.6]
		},
		"head": {
			"scale": [1.6, 1.6, 1.6]
		},
		"fixed": {
			"translation": [0, 0, 17],
			"scale": [2.01, 2.01, 2.01]
		}
	}
}
