{
	"textures": {
		"0": "block/barrel_side",
		"1": "block/white_wool"
	},
	"elements": [
		{
			"from": [-16, 7, 13],
			"to": [1, 16, 16],
			"faces": {
				"north": {"uv": [0, 0, 16, 9], "texture": "#1", "tintindex": 0},
				"east": {"uv": [0, 0, 3, 9], "texture": "#1", "tintindex": 0},
				"south": {"uv": [0, 0, 16, 9], "texture": "#1", "tintindex": 0},
				"west": {"uv": [0, 0, 3, 9], "texture": "#1", "tintindex": 0},
				"up": {"uv": [0, 0, 16, 3], "texture": "#1", "tintindex": 0},
				"down": {"uv": [0, 0, 16, 3], "texture": "#1", "tintindex": 0}
			}
		},
		{
			"from": [-16, 7, 0],
			"to": [-13, 11, 13],
			"faces": {
				"north": {"uv": [0, 0, 3, 4], "texture": "#1", "tintindex": 0},
				"east": {"uv": [0, 0, 13, 4], "texture": "#1", "tintindex": 0},
				"south": {"uv": [0, 0, 3, 4], "texture": "#1", "tintindex": 0},
				"west": {"uv": [0, 0, 13, 4], "texture": "#1", "tintindex": 0},
				"up": {"uv": [0, 0, 3, 13], "texture": "#1", "tintindex": 0},
				"down": {"uv": [0, 0, 3, 13], "texture": "#1", "tintindex": 0}
			}
		},
		{
			"from": [29, 7, 0],
			"to": [32, 11, 13],
			"faces": {
				"north": {"uv": [0, 0, 3, 4], "texture": "#1", "tintindex": 0},
				"east": {"uv": [0, 0, 13, 4], "texture": "#1", "tintindex": 0},
				"south": {"uv": [0, 0, 3, 4], "texture": "#1", "tintindex": 0},
				"west": {"uv": [0, 0, 13, 4], "texture": "#1", "tintindex": 0},
				"up": {"uv": [0, 0, 3, 13], "texture": "#1", "tintindex": 0},
				"down": {"uv": [0, 0, 3, 13], "texture": "#1", "tintindex": 0}
			}
		},
		{
			"from": [29, 0, 14],
			"to": [31, 2, 16],
			"faces": {
				"north": {"uv": [0, 0, 2, 2], "texture": "#0"},
				"east": {"uv": [0, 0, 2, 2], "texture": "#0"},
				"south": {"uv": [0, 0, 2, 2], "texture": "#0"},
				"west": {"uv": [0, 0, 2, 2], "texture": "#0"},
				"up": {"uv": [0, 0, 2, 2], "texture": "#0"},
				"down": {"uv": [0, 0, 2, 2], "texture": "#0"}
			}
		},
		{
			"from": [15, 4, 0],
			"to": [31, 7, 16],
			"faces": {
				"north": {"uv": [0, 0, 16, 3], "texture": "#1", "tintindex": 0},
				"east": {"uv": [0, 0, 16, 3], "texture": "#1", "tintindex": 0},
				"south": {"uv": [0, 0, 16, 3], "texture": "#1", "tintindex": 0},
				"west": {"uv": [0, 0, 16, 3], "texture": "#1", "tintindex": 0},
				"up": {"uv": [0, 0, 16, 16], "texture": "#1", "tintindex": 0},
				"down": {"uv": [0, 0, 16, 16], "texture": "#1", "tintindex": 0}
			}
		},
		{
			"from": [15, 7, 13],
			"to": [32, 16, 16],
			"faces": {
				"north": {"uv": [0, 0, 16, 9], "texture": "#1", "tintindex": 0},
				"east": {"uv": [0, 0, 3, 9], "texture": "#1", "tintindex": 0},
				"south": {"uv": [0, 0, 16, 9], "texture": "#1", "tintindex": 0},
				"west": {"uv": [0, 0, 3, 9], "texture": "#1", "tintindex": 0},
				"up": {"uv": [0, 0, 16, 3], "texture": "#1", "tintindex": 0},
				"down": {"uv": [0, 0, 16, 3], "texture": "#1", "tintindex": 0}
			}
		},
		{
			"from": [-15, 4, 0],
			"to": [1, 7, 16],
			"faces": {
				"north": {"uv": [0, 0, 16, 3], "texture": "#1", "tintindex": 0},
				"east": {"uv": [0, 0, 16, 3], "texture": "#1", "tintindex": 0},
				"south": {"uv": [0, 0, 16, 3], "texture": "#1", "tintindex": 0},
				"west": {"uv": [0, 0, 16, 3], "texture": "#1", "tintindex": 0},
				"up": {"uv": [0, 0, 16, 16], "texture": "#1", "tintindex": 0},
				"down": {"uv": [0, 0, 16, 16], "texture": "#1", "tintindex": 0}
			}
		},
		{
			"from": [1, 7, 13],
			"to": [15, 16, 16],
			"faces": {
				"north": {"uv": [0, 0, 16, 9], "texture": "#1", "tintindex": 0},
				"east": {"uv": [0, 0, 3, 9], "texture": "#1", "tintindex": 0},
				"south": {"uv": [0, 0, 16, 9], "texture": "#1", "tintindex": 0},
				"west": {"uv": [0, 0, 3, 9], "texture": "#1", "tintindex": 0},
				"up": {"uv": [0, 0, 16, 3], "texture": "#1", "tintindex": 0},
				"down": {"uv": [0, 0, 16, 3], "texture": "#1", "tintindex": 0}
			}
		},
		{
			"from": [1, 2, 0],
			"to": [15, 4, 16],
			"faces": {
				"north": {"uv": [0, 0, 16, 2], "texture": "#0"},
				"east": {"uv": [0, 0, 16, 2], "texture": "#0"},
				"south": {"uv": [0, 0, 16, 2], "texture": "#0"},
				"west": {"uv": [0, 0, 16, 2], "texture": "#0"},
				"up": {"uv": [0, 0, 16, 16], "texture": "#0"},
				"down": {"uv": [0, 0, 16, 16], "texture": "#0"}
			}
		},
		{
			"from": [1, 4, 0],
			"to": [15, 7, 16],
			"faces": {
				"north": {"uv": [0, 0, 16, 3], "texture": "#1", "tintindex": 0},
				"east": {"uv": [0, 0, 16, 3], "texture": "#1", "tintindex": 0},
				"south": {"uv": [0, 0, 16, 3], "texture": "#1", "tintindex": 0},
				"west": {"uv": [0, 0, 16, 3], "texture": "#1", "tintindex": 0},
				"up": {"uv": [0, 0, 16, 16], "texture": "#1", "tintindex": 0},
				"down": {"uv": [0, 0, 16, 16], "texture": "#1", "tintindex": 0}
			}
		},
		{
			"from": [-15, 2, 0],
			"to": [1, 4, 16],
			"faces": {
				"north": {"uv": [0, 0, 16, 2], "texture": "#0"},
				"east": {"uv": [0, 0, 16, 2], "texture": "#0"},
				"south": {"uv": [0, 0, 16, 2], "texture": "#0"},
				"west": {"uv": [0, 0, 16, 2], "texture": "#0"},
				"up": {"uv": [0, 0, 16, 16], "texture": "#0"},
				"down": {"uv": [0, 0, 16, 16], "texture": "#0"}
			}
		},
		{
			"from": [-15, 0, 0],
			"to": [-13, 2, 2],
			"faces": {
				"north": {"uv": [0, 0, 2, 2], "texture": "#0"},
				"east": {"uv": [0, 0, 2, 2], "texture": "#0"},
				"south": {"uv": [0, 0, 2, 2], "texture": "#0"},
				"west": {"uv": [0, 0, 2, 2], "texture": "#0"},
				"up": {"uv": [0, 0, 2, 2], "texture": "#0"},
				"down": {"uv": [0, 0, 2, 2], "texture": "#0"}
			}
		},
		{
			"from": [14, 0, 0],
			"to": [16, 2, 2],
			"faces": {
				"north": {"uv": [0, 0, 2, 2], "texture": "#0"},
				"east": {"uv": [0, 0, 2, 2], "texture": "#0"},
				"south": {"uv": [0, 0, 2, 2], "texture": "#0"},
				"west": {"uv": [0, 0, 2, 2], "texture": "#0"},
				"up": {"uv": [0, 0, 2, 2], "texture": "#0"},
				"down": {"uv": [0, 0, 2, 2], "texture": "#0"}
			}
		},
		{
			"from": [0, 0, 0],
			"to": [2, 2, 2],
			"faces": {
				"north": {"uv": [0, 0, 2, 2], "texture": "#0"},
				"east": {"uv": [0, 0, 2, 2], "texture": "#0"},
				"south": {"uv": [0, 0, 2, 2], "texture": "#0"},
				"west": {"uv": [0, 0, 2, 2], "texture": "#0"},
				"up": {"uv": [0, 0, 2, 2], "texture": "#0"},
				"down": {"uv": [0, 0, 2, 2], "texture": "#0"}
			}
		},
		{
			"from": [-15, 0, 14],
			"to": [-13, 2, 16],
			"faces": {
				"north": {"uv": [0, 0, 2, 2], "texture": "#0"},
				"east": {"uv": [0, 0, 2, 2], "texture": "#0"},
				"south": {"uv": [0, 0, 2, 2], "texture": "#0"},
				"west": {"uv": [0, 0, 2, 2], "texture": "#0"},
				"up": {"uv": [0, 0, 2, 2], "texture": "#0"},
				"down": {"uv": [0, 0, 2, 2], "texture": "#0"}
			}
		},
		{
			"from": [29, 0, 0],
			"to": [31, 2, 2],
			"faces": {
				"north": {"uv": [0, 0, 2, 2], "texture": "#0"},
				"east": {"uv": [0, 0, 2, 2], "texture": "#0"},
				"south": {"uv": [0, 0, 2, 2], "texture": "#0"},
				"west": {"uv": [0, 0, 2, 2], "texture": "#0"},
				"up": {"uv": [0, 0, 2, 2], "texture": "#0"},
				"down": {"uv": [0, 0, 2, 2], "texture": "#0"}
			}
		},
		{
			"from": [15, 2, 0],
			"to": [31, 4, 16],
			"faces": {
				"north": {"uv": [0, 0, 16, 2], "texture": "#0"},
				"east": {"uv": [0, 0, 16, 2], "texture": "#0"},
				"south": {"uv": [0, 0, 16, 2], "texture": "#0"},
				"west": {"uv": [0, 0, 16, 2], "texture": "#0"},
				"up": {"uv": [0, 0, 16, 16], "texture": "#0"},
				"down": {"uv": [0, 0, 16, 16], "texture": "#0"}
			}
		},
		{
			"from": [14, 0, 14],
			"to": [16, 2, 16],
			"faces": {
				"north": {"uv": [0, 0, 2, 2], "texture": "#0"},
				"east": {"uv": [0, 0, 2, 2], "texture": "#0"},
				"south": {"uv": [0, 0, 2, 2], "texture": "#0"},
				"west": {"uv": [0, 0, 2, 2], "texture": "#0"},
				"up": {"uv": [0, 0, 2, 2], "texture": "#0"},
				"down": {"uv": [0, 0, 2, 2], "texture": "#0"}
			}
		},
		{
			"from": [0, 0, 14],
			"to": [2, 2, 16],
			"faces": {
				"north": {"uv": [0, 0, 2, 2], "texture": "#0"},
				"east": {"uv": [0, 0, 2, 2], "texture": "#0"},
				"south": {"uv": [0, 0, 2, 2], "texture": "#0"},
				"west": {"uv": [0, 0, 2, 2], "texture": "#0"},
				"up": {"uv": [0, 0, 2, 2], "texture": "#0"},
				"down": {"uv": [0, 0, 2, 2], "texture": "#0"}
			}
		}
	],
	"display": {
		"thirdperson_righthand": {
			"rotation": [22.5, 0, 0],
			"translation": [0, 0, -1.5],
			"scale": [0.25, 0.25, 0.25]
		},
		"thirdperson_lefthand": {
			"rotation": [22.5, 0, 0],
			"translation": [0, 0, -1.5],
			"scale": [0.25, 0.25, 0.25]
		},
		"firstperson_righthand": {
			"translation": [0, 0, -1.5],
			"scale": [0.25, 0.25, 0.25]
		},
		"firstperson_lefthand": {
			"translation": [0, 0, -1.5],
			"scale": [0.25, 0.25, 0.25]
		},
		"ground": {
			"translation": [0, 4.25, 0],
			"scale": [0.25, 0.25, 0.25]
		},
		"gui": {
			"rotation": [22.5, 135, 0],
			"scale": [0.6, 0.6, 0.6]
		},
		"head": {
			"scale": [1.6, 1.6, 1.6]
		},
		"fixed": {
			"translation": [0, 0, 17],
			"scale": [2.01, 2.01, 2.01]
		}
	},
	"groups": [
		{
			"name": "fabric",
			"origin": [0, 0, 0],
			"color": 0,
			"children": [0, 1, 2, 3, 4, 5, 6, 7, 8, 9]
		},
		{
			"name": "wooden_base",
			"origin": [0, 0, 0],
			"color": 0,
			"children": [10, 11, 12, 13, 14, 15, 16, 17, 18]
		}
	]
}
