{
	"textures": {
		"6": "block/iron_block",
		"particle": "block/iron_block"
	},
	"elements": [
		{
			"from": [6, 0.2, 7],
			"to": [10, 4, 10],
			"faces": {
				"north": {"uv": [0, 0, 16, 16], "texture": "#6"},
				"east": {"uv": [0, 0, 4, 3.8], "texture": "#6"},
				"south": {"uv": [0, 0, 16, 16], "texture": "#6"},
				"west": {"uv": [0, 0, 4, 3.8], "texture": "#6"},
				"up": {"uv": [0, 0, 4, 3.8], "texture": "#6"},
				"down": {"uv": [0, 0, 16, 16], "texture": "#6"}
			}
		},
		{
			"from": [8.1, 4, 6.9],
			"to": [10, 5, 14],
			"faces": {
				"north": {"uv": [7, 13, 9, 15], "texture": "#6"},
				"east": {"uv": [7, 13, 9, 15], "texture": "#6"},
				"south": {"uv": [7, 13, 9, 15], "texture": "#6"},
				"west": {"uv": [7, 13, 9, 15], "texture": "#6"},
				"up": {"uv": [0, 0, 16, 16], "texture": "#6"},
				"down": {"uv": [7, 13, 9, 15], "texture": "#6"}
			}
		},
		{
			"from": [6, 4, 6.9],
			"to": [7.9, 5, 14],
			"faces": {
				"north": {"uv": [6, 13, 8, 15], "texture": "#6"},
				"east": {"uv": [6, 13, 8, 15], "texture": "#6"},
				"south": {"uv": [6, 13, 8, 15], "texture": "#6"},
				"west": {"uv": [6, 13, 8, 15], "texture": "#6"},
				"up": {"uv": [0, 0, 16, 16], "texture": "#6"},
				"down": {"uv": [6, 13, 8, 15], "texture": "#6"}
			}
		},
		{
			"from": [6, 3.9, 7.2],
			"to": [10, 4.1, 13.7],
			"faces": {
				"north": {"uv": [1, 0, 2, 1], "texture": "#6"},
				"east": {"uv": [1, 0, 2, 1], "texture": "#6"},
				"south": {"uv": [1, 0, 2, 1], "texture": "#6"},
				"west": {"uv": [1, 0, 2, 1], "texture": "#6"},
				"up": {"uv": [1, 0, 2, 1], "texture": "#6"},
				"down": {"uv": [0, 0, 16, 16], "texture": "#6"}
			}
		},
		{
			"from": [5, 0, 6.9],
			"to": [6, 4, 14],
			"faces": {
				"north": {"uv": [10, 12, 16, 16], "texture": "#6"},
				"east": {"uv": [0, 12, 16, 16], "texture": "#6"},
				"south": {"uv": [10, 12, 16, 16], "texture": "#6"},
				"west": {"uv": [0, 0, 16, 16], "rotation": 90, "texture": "#6"},
				"up": {"uv": [10, 12, 16, 16], "texture": "#6"},
				"down": {"uv": [0, 0, 16, 16], "texture": "#6"}
			}
		},
		{
			"from": [10, 0, 6.9],
			"to": [11, 4, 14],
			"faces": {
				"north": {"uv": [10, 12, 16, 16], "texture": "#6"},
				"east": {"uv": [0, 0, 16, 16], "rotation": 90, "texture": "#6"},
				"south": {"uv": [10, 12, 16, 16], "texture": "#6"},
				"west": {"uv": [0, 12, 16, 16], "texture": "#6"},
				"up": {"uv": [10, 12, 16, 15], "texture": "#6"},
				"down": {"uv": [0, 0, 16, 16], "texture": "#6"}
			}
		},
		{
			"from": [0.7, 6.3, 6.8],
			"to": [1.7, 7.8, 14.1],
			"rotation": {"angle": -45, "axis": "z", "origin": [0, 0, 0]},
			"faces": {
				"north": {"uv": [1, 3.2, 2, 4.7], "texture": "#6"},
				"east": {"uv": [4, 6.2, 11.3, 7.7], "texture": "#6"},
				"south": {"uv": [5, 6, 6, 7.5], "texture": "#6"},
				"west": {"uv": [0, 0, 15.7, 16], "rotation": 90, "texture": "#6"},
				"up": {"uv": [1, 4.2, 2, 11.5], "texture": "#6"},
				"down": {"uv": [3, 5.2, 4, 12.5], "texture": "#6"}
			}
		},
		{
			"from": [3.5, 9.6, 6.8],
			"to": [5, 10.6, 14.1],
			"rotation": {"angle": -45, "axis": "z", "origin": [0, 0, 0]},
			"faces": {
				"north": {"uv": [9, 12, 14.7, 13.5], "rotation": 90, "texture": "#6"},
				"east": {"uv": [9, 12, 14.7, 13.5], "rotation": 90, "texture": "#6"},
				"south": {"uv": [9, 12, 14.7, 13.5], "rotation": 90, "texture": "#6"},
				"west": {"uv": [9, 12, 14.7, 13.5], "rotation": 90, "texture": "#6"},
				"up": {"uv": [0, 0, 16, 16], "rotation": 180, "texture": "#6"},
				"down": {"uv": [9, 12, 14.7, 13.5], "rotation": 90, "texture": "#6"}
			}
		}
	],
	"display": {
		"thirdperson_righthand": {
			"translation": [0, 4.25, 0.75],
			"scale": [1.01, 1.01, 1.01]
		},
		"thirdperson_lefthand": {
			"translation": [0, 4, 0]
		},
		"firstperson_righthand": {
			"translation": [7, 6, 2.75]
		},
		"firstperson_lefthand": {
			"translation": [7.25, 5.25, 1.75]
		},
		"ground": {
			"translation": [0, 6.5, -2]
		},
		"gui": {
			"rotation": [18, -140, 0],
			"translation": [2.25, 6.75, 0],
			"scale": [1.5, 1.5, 1.5]
		},
		"head": {
			"translation": [0, 14.5, 0]
		},
		"fixed": {
			"rotation": [0, -92, 0],
			"translation": [4, 12, -4.25],
			"scale": [2, 2, 2]
		}
	},
	"groups": [
		{
			"name": "south_base",
			"origin": [0, 0, 0],
			"color": 0,
			"children": [0, 1, 2, 3, 4, 5, 6, 7]
		}
	]
}
