{
	"textures": {
		"0": "block/iron_block",
		"1": "block/glass",
		"2": "block/black_concrete"
	},
	"elements": [
		{
			"from": [-0.1, 0, -0.1],
			"to": [16.1, 15.9, 16.1],
			"faces": {
				"north": {"uv": [0, 0, 16, 15.9], "texture": "#1"},
				"east": {"uv": [0, 0, 16, 15.9], "texture": "#1"},
				"south": {"uv": [0, 0, 16, 15.9], "texture": "#1"},
				"west": {"uv": [0, 0, 16, 15.9], "texture": "#1"},
				"up": {"uv": [0, 0, 16, 16], "texture": "#1"},
				"down": {"uv": [0, 0, 16, 16], "texture": "#1"}
			}
		},
		{
			"from": [-2, 1, 5],
			"to": [0, 3, 32],
			"rotation": {"angle": -45, "axis": "x", "origin": [0, 0, 0]},
			"faces": {
				"north": {"uv": [0, 0, 2, 2], "texture": "#2"},
				"east": {"uv": [0, 0, 16, 2], "texture": "#2"},
				"south": {"uv": [0, 0, 2, 2], "texture": "#2"},
				"west": {"uv": [0, 0, 16, 2], "texture": "#2"},
				"up": {"uv": [0, 0, 2, 16], "texture": "#2"},
				"down": {"uv": [0, 0, 2, 16], "texture": "#2"}
			}
		},
		{
			"from": [-2, 1, 3],
			"to": [11.4, 3, 5],
			"rotation": {"angle": -45, "axis": "x", "origin": [0, 0, 0]},
			"faces": {
				"north": {"uv": [0, 0, 13.4, 2], "texture": "#2"},
				"east": {"uv": [0, 0, 2, 2], "texture": "#2"},
				"south": {"uv": [0, 0, 13.4, 2], "texture": "#2"},
				"west": {"uv": [0, 0, 2, 2], "texture": "#2"},
				"up": {"uv": [0, 0, 13.4, 2], "texture": "#2"},
				"down": {"uv": [0, 0, 13.4, 2], "texture": "#2"}
			}
		},
		{
			"from": [-2.2, 0.8, 2.8],
			"to": [0, 3.2, 5.2],
			"rotation": {"angle": -45, "axis": "x", "origin": [0, 0, 0]},
			"faces": {
				"north": {"uv": [0, 0, 2.2, 2.4], "texture": "#3"},
				"east": {"uv": [0, 0, 2.4, 2.4], "texture": "#3"},
				"south": {"uv": [0, 0, 2.2, 2.4], "texture": "#3"},
				"west": {"uv": [0, 0, 2.4, 2.4], "texture": "#3"},
				"up": {"uv": [0, 0, 2.2, 2.4], "texture": "#3"},
				"down": {"uv": [0, 0, 2.2, 2.4], "texture": "#3"}
			}
		},
		{
			"from": [5, 0.8, 2.8],
			"to": [10.9, 3.2, 5.2],
			"rotation": {"angle": -45, "axis": "x", "origin": [0, 0, 0]},
			"faces": {
				"north": {"uv": [0, 0, 5.9, 2.4], "texture": "#3"},
				"east": {"uv": [0, 0, 2.4, 2.4], "texture": "#3"},
				"south": {"uv": [0, 0, 5.9, 2.4], "texture": "#3"},
				"west": {"uv": [0, 0, 2.4, 2.4], "texture": "#3"},
				"up": {"uv": [0, 0, 5.9, 2.4], "texture": "#3"},
				"down": {"uv": [0, 0, 5.9, 2.4], "texture": "#3"}
			}
		},
		{
			"from": [-2.2, 0.8, 19.8],
			"to": [0.2, 3.2, 22.2],
			"rotation": {"angle": -45, "axis": "x", "origin": [0, 0, 0]},
			"faces": {
				"north": {"uv": [0, 0, 2.4, 2.4], "texture": "#3"},
				"east": {"uv": [0, 0, 2.4, 2.4], "texture": "#3"},
				"south": {"uv": [0, 0, 2.4, 2.4], "texture": "#3"},
				"west": {"uv": [0, 0, 2.4, 2.4], "texture": "#3"},
				"up": {"uv": [0, 0, 2.4, 2.4], "texture": "#3"},
				"down": {"uv": [0, 0, 2.4, 2.4], "texture": "#3"}
			}
		},
		{
			"from": [-2.2, 0.8, 28.8],
			"to": [0.2, 3.2, 31.2],
			"rotation": {"angle": -45, "axis": "x", "origin": [0, 0, 0]},
			"faces": {
				"north": {"uv": [0, 0, 2.4, 2.4], "texture": "#3"},
				"east": {"uv": [0, 0, 2.4, 2.4], "texture": "#3"},
				"south": {"uv": [0, 0, 2.4, 2.4], "texture": "#3"},
				"west": {"uv": [0, 0, 2.4, 2.4], "texture": "#3"},
				"up": {"uv": [0, 0, 2.4, 2.4], "texture": "#3"},
				"down": {"uv": [0, 0, 2.4, 2.4], "texture": "#3"}
			}
		},
		{
			"from": [1, 16, 0],
			"to": [15, 17, 16],
			"faces": {
				"north": {"uv": [0, 0, 14, 1], "texture": "#0"},
				"east": {"uv": [0, 0, 16, 1], "texture": "#0"},
				"south": {"uv": [0, 0, 14, 1], "texture": "#0"},
				"west": {"uv": [0, 0, 16, 1], "texture": "#0"},
				"up": {"uv": [1, 1, 15, 15], "texture": "#0"},
				"down": {"uv": [0, 0, 14, 16], "texture": "#0"}
			}
		},
		{
			"from": [0, 16.9, 0],
			"to": [16, 17.9, 16],
			"faces": {
				"north": {"uv": [0, 0, 14, 1], "texture": "#2"},
				"east": {"uv": [0, 0, 16, 1], "texture": "#2"},
				"south": {"uv": [0, 0, 14, 1], "texture": "#2"},
				"west": {"uv": [0, 0, 16, 1], "texture": "#2"},
				"up": {"uv": [0, 0, 16, 16], "texture": "#2"},
				"down": {"uv": [0, 0, 14, 16], "texture": "#2"}
			}
		},
		{
			"from": [-1.3, 9.9, 6],
			"to": [0, 17.4, 7],
			"faces": {
				"north": {"uv": [0, 0, 14, 1], "texture": "#2"},
				"east": {"uv": [0, 0, 16, 1], "texture": "#2"},
				"south": {"uv": [0, 0, 14, 1], "texture": "#2"},
				"west": {"uv": [0, 0, 16, 1], "texture": "#2"},
				"up": {"uv": [0, 0, 16, 16], "texture": "#2"},
				"down": {"uv": [0, 0, 14, 16], "texture": "#2"}
			}
		},
		{
			"from": [1, 17.9, 1],
			"to": [15, 18.9, 15],
			"faces": {
				"north": {"uv": [0, 0, 14, 1], "texture": "#0"},
				"east": {"uv": [0, 0, 16, 1], "texture": "#0"},
				"south": {"uv": [0, 0, 14, 1], "texture": "#0"},
				"west": {"uv": [0, 0, 16, 1], "texture": "#0"},
				"up": {"uv": [0, 0, 16, 16], "texture": "#0"},
				"down": {"uv": [0, 0, 14, 16], "texture": "#0"}
			}
		},
		{
			"from": [-1, 5, 16],
			"to": [17, 17, 17],
			"faces": {
				"north": {"uv": [0, 0, 16, 12], "texture": "#0"},
				"east": {"uv": [0, 0, 1, 12], "texture": "#0"},
				"south": {"uv": [0, 4, 16, 16], "texture": "#0"},
				"west": {"uv": [0, 0, 1, 12], "texture": "#0"},
				"up": {"uv": [0, 0, 16, 1], "texture": "#0"},
				"down": {"uv": [0, 0, 16, 1], "texture": "#0"}
			}
		},
		{
			"from": [-1, 11, 7],
			"to": [1, 17, 16],
			"faces": {
				"north": {"uv": [0, 0, 2, 6], "texture": "#0"},
				"east": {"uv": [0, 0, 9, 6], "texture": "#0"},
				"south": {"uv": [0, 0, 2, 6], "texture": "#0"},
				"west": {"uv": [1, 10, 10, 16], "texture": "#0"},
				"up": {"uv": [0, 0, 2, 9], "texture": "#0"},
				"down": {"uv": [0, 0, 2, 9], "texture": "#0"}
			}
		},
		{
			"from": [15, 13, 0],
			"to": [17, 17, 7],
			"faces": {
				"north": {"uv": [0, 0, 2, 4], "texture": "#0"},
				"east": {"uv": [8.9, 12, 16, 16], "texture": "#0"},
				"south": {"uv": [0, 0, 2, 4], "texture": "#0"},
				"west": {"uv": [0, 0, 7.1, 4], "texture": "#0"},
				"up": {"uv": [0, 0, 2, 7.1], "texture": "#0"},
				"down": {"uv": [0, 0, 2, 7.1], "texture": "#0"}
			}
		},
		{
			"from": [-1, 13, 0],
			"to": [1, 17, 7],
			"faces": {
				"north": {"uv": [0, 0, 2, 4], "texture": "#0"},
				"east": {"uv": [0, 0, 7.1, 4], "texture": "#0"},
				"south": {"uv": [0, 0, 2, 4], "texture": "#0"},
				"west": {"uv": [1, 12, 8.1, 16], "texture": "#0"},
				"up": {"uv": [0, 0, 2, 7.1], "texture": "#0"},
				"down": {"uv": [0, 0, 2, 7.1], "texture": "#0"}
			}
		},
		{
			"from": [15, 9, 9],
			"to": [17, 11, 16],
			"faces": {
				"north": {"uv": [0, 0, 2, 2], "texture": "#0"},
				"east": {"uv": [9, 14, 16, 16], "texture": "#0"},
				"south": {"uv": [0, 0, 2, 2], "texture": "#0"},
				"west": {"uv": [0, 0, 7, 2], "texture": "#0"},
				"up": {"uv": [0, 0, 2, 7], "texture": "#0"},
				"down": {"uv": [0, 0, 2, 7], "texture": "#0"}
			}
		},
		{
			"from": [-1, 9, 9],
			"to": [1, 11, 16],
			"faces": {
				"north": {"uv": [0, 0, 2, 2], "texture": "#0"},
				"east": {"uv": [0, 0, 7, 2], "texture": "#0"},
				"south": {"uv": [0, 0, 2, 2], "texture": "#0"},
				"west": {"uv": [0, 14, 7, 16], "texture": "#0"},
				"up": {"uv": [0, 0, 2, 7], "texture": "#0"},
				"down": {"uv": [0, 0, 2, 7], "texture": "#0"}
			}
		},
		{
			"from": [15, 7, 12],
			"to": [17, 9, 16],
			"faces": {
				"north": {"uv": [0, 0, 2, 2], "texture": "#0"},
				"east": {"uv": [12, 14, 16, 16], "texture": "#0"},
				"south": {"uv": [0, 0, 2, 2], "texture": "#0"},
				"west": {"uv": [0, 0, 4, 2], "texture": "#0"},
				"up": {"uv": [0, 0, 2, 4], "texture": "#0"},
				"down": {"uv": [0, 0, 2, 4], "texture": "#0"}
			}
		},
		{
			"from": [-1, 7, 12],
			"to": [1, 9, 16],
			"faces": {
				"north": {"uv": [0, 0, 2, 2], "texture": "#0"},
				"east": {"uv": [0, 0, 4, 2], "texture": "#0"},
				"south": {"uv": [0, 0, 2, 2], "texture": "#0"},
				"west": {"uv": [0, 14, 4, 16], "texture": "#0"},
				"up": {"uv": [0, 0, 2, 4], "texture": "#0"},
				"down": {"uv": [0, 0, 2, 4], "texture": "#0"}
			}
		},
		{
			"from": [-1, 5, 14],
			"to": [1, 7, 16],
			"faces": {
				"north": {"uv": [0, 0, 2, 2], "texture": "#0"},
				"east": {"uv": [0, 0, 2, 2], "texture": "#0"},
				"south": {"uv": [0, 0, 2, 2], "texture": "#0"},
				"west": {"uv": [0, 14, 2, 16], "texture": "#0"},
				"up": {"uv": [0, 0, 2, 2], "texture": "#0"},
				"down": {"uv": [0, 0, 2, 2], "texture": "#0"}
			}
		},
		{
			"from": [15, 11, 7],
			"to": [17, 17, 16],
			"faces": {
				"north": {"uv": [0, 0, 2, 6], "texture": "#0"},
				"east": {"uv": [6, 10, 15, 16], "texture": "#0"},
				"south": {"uv": [0, 0, 2, 6], "texture": "#0"},
				"west": {"uv": [0, 0, 9, 6], "texture": "#0"},
				"up": {"uv": [0, 0, 2, 9], "texture": "#0"},
				"down": {"uv": [0, 0, 2, 9], "texture": "#0"}
			}
		},
		{
			"from": [6, 13.5, -1.5],
			"to": [10, 17.5, -1],
			"faces": {
				"north": {"uv": [0, 0, 4, 4], "texture": "#3"},
				"east": {"uv": [0, 0, 0.5, 4], "texture": "#3"},
				"south": {"uv": [0, 0, 4, 4], "texture": "#3"},
				"west": {"uv": [0, 0, 0.5, 4], "texture": "#3"},
				"up": {"uv": [0, 0, 4, 0.5], "texture": "#3"},
				"down": {"uv": [0, 0, 4, 0.5], "texture": "#3"}
			}
		},
		{
			"from": [6, 13.5, -2.6],
			"to": [10, 17.5, -2.1],
			"faces": {
				"north": {"uv": [0, 0, 4, 4], "texture": "#3"},
				"east": {"uv": [0, 0, 0.5, 4], "texture": "#3"},
				"south": {"uv": [0, 0, 4, 4], "texture": "#3"},
				"west": {"uv": [0, 0, 0.5, 4], "texture": "#3"},
				"up": {"uv": [0, 0, 4, 0.5], "texture": "#3"},
				"down": {"uv": [0, 0, 4, 0.5], "texture": "#3"}
			}
		},
		{
			"from": [5.9, 13.4, -1.6],
			"to": [10.1, 17.6, -1.5],
			"faces": {
				"north": {"uv": [0, 0, 4.2, 4.2], "texture": "#2"},
				"east": {"uv": [0, 0, 0.1, 4.2], "texture": "#2"},
				"south": {"uv": [0, 0, 4.2, 4.2], "texture": "#2"},
				"west": {"uv": [0, 0, 0.1, 4.2], "texture": "#2"},
				"up": {"uv": [0, 0, 4.2, 0.1], "texture": "#2"},
				"down": {"uv": [0, 0, 4.2, 0.1], "texture": "#2"}
			}
		},
		{
			"from": [5.9, 13.4, -2.2],
			"to": [10.1, 17.6, -2.1],
			"faces": {
				"north": {"uv": [0, 0, 4.2, 4.2], "texture": "#2"},
				"east": {"uv": [0, 0, 0.1, 4.2], "texture": "#2"},
				"south": {"uv": [0, 0, 4.2, 4.2], "texture": "#2"},
				"west": {"uv": [0, 0, 0.1, 4.2], "texture": "#2"},
				"up": {"uv": [0, 0, 4.2, 0.1], "texture": "#2"},
				"down": {"uv": [0, 0, 4.2, 0.1], "texture": "#2"}
			}
		},
		{
			"from": [6, 13.5, -2.8],
			"to": [6.5, 17.5, -2.6],
			"faces": {
				"north": {"uv": [0, 0, 0.5, 4], "texture": "#2"},
				"east": {"uv": [0, 0, 0.2, 4], "texture": "#2"},
				"south": {"uv": [0, 0, 0.5, 4], "texture": "#2"},
				"west": {"uv": [0, 0, 0.2, 4], "texture": "#2"},
				"up": {"uv": [0, 0, 0.5, 0.2], "texture": "#2"},
				"down": {"uv": [0, 0, 0.5, 0.2], "texture": "#2"}
			}
		},
		{
			"from": [9.5, 13.5, -2.8],
			"to": [10, 17.5, -2.6],
			"faces": {
				"north": {"uv": [0, 0, 0.5, 4], "texture": "#2"},
				"east": {"uv": [0, 0, 0.2, 4], "texture": "#2"},
				"south": {"uv": [0, 0, 0.5, 4], "texture": "#2"},
				"west": {"uv": [0, 0, 0.2, 4], "texture": "#2"},
				"up": {"uv": [0, 0, 0.5, 0.2], "texture": "#2"},
				"down": {"uv": [0, 0, 0.5, 0.2], "texture": "#2"}
			}
		},
		{
			"from": [6.5, 17, -2.8],
			"to": [9.5, 17.5, -2.6],
			"faces": {
				"north": {"uv": [0, 0, 3, 0.5], "texture": "#2"},
				"east": {"uv": [0, 0, 0.2, 0.5], "texture": "#2"},
				"south": {"uv": [0, 0, 3, 0.5], "texture": "#2"},
				"west": {"uv": [0, 0, 0.2, 0.5], "texture": "#2"},
				"up": {"uv": [0, 0, 3, 0.2], "texture": "#2"},
				"down": {"uv": [0, 0, 3, 0.2], "texture": "#2"}
			}
		},
		{
			"from": [6.5, 13.5, -2.8],
			"to": [9.5, 14, -2.6],
			"faces": {
				"north": {"uv": [0, 0, 3, 0.5], "texture": "#2"},
				"east": {"uv": [0, 0, 0.2, 0.5], "texture": "#2"},
				"south": {"uv": [0, 0, 3, 0.5], "texture": "#2"},
				"west": {"uv": [0, 0, 0.2, 0.5], "texture": "#2"},
				"up": {"uv": [0, 0, 3, 0.2], "texture": "#2"},
				"down": {"uv": [0, 0, 3, 0.2], "texture": "#2"}
			}
		},
		{
			"from": [6, 13.5, -2.7],
			"to": [10, 17.5, -2.7],
			"faces": {
				"north": {"uv": [3, 3, 12, 11], "texture": "#5"},
				"east": {"uv": [0, 0, 0.5, 4], "texture": "#5"},
				"south": {"uv": [0, 0, 4, 4], "texture": "#5"},
				"west": {"uv": [0, 0, 0.5, 4], "texture": "#5"},
				"up": {"uv": [0, 0, 4, 0.5], "texture": "#5"},
				"down": {"uv": [0, 0, 4, 0.5], "texture": "#5"}
			}
		},
		{
			"from": [5.8, 13.3, -2.1],
			"to": [10.2, 17.7, -1.6],
			"faces": {
				"north": {"uv": [0, 0, 4.4, 4.4], "texture": "#3"},
				"east": {"uv": [0, 0, 0.5, 4.4], "texture": "#3"},
				"south": {"uv": [0, 0, 4.4, 4.4], "texture": "#3"},
				"west": {"uv": [0, 0, 0.5, 4.4], "texture": "#3"},
				"up": {"uv": [0, 0, 4.4, 0.5], "texture": "#3"},
				"down": {"uv": [0, 0, 4.4, 0.5], "texture": "#3"}
			}
		},
		{
			"from": [-1, 14, -1],
			"to": [17, 17, 0],
			"faces": {
				"north": {"uv": [0, 0, 16, 3], "texture": "#0"},
				"east": {"uv": [0, 0, 1, 3], "texture": "#0"},
				"south": {"uv": [0, 0, 16, 3], "texture": "#0"},
				"west": {"uv": [0, 0, 1, 3], "texture": "#0"},
				"up": {"uv": [0, 0, 16, 1], "texture": "#0"},
				"down": {"uv": [0, 0, 16, 1], "texture": "#0"}
			}
		}
	],
	"display": {
		"thirdperson_righthand": {
			"rotation": [22.5, 0, 0],
			"translation": [0, 0, -1.75],
			"scale": [0.25, 0.25, 0.25]
		},
		"thirdperson_lefthand": {
			"rotation": [22.5, 0, 0],
			"translation": [0, 0, -1.75],
			"scale": [0.25, 0.25, 0.25]
		},
		"firstperson_righthand": {
			"translation": [0, 0, -1.75],
			"scale": [0.25, 0.25, 0.25]
		},
		"firstperson_lefthand": {
			"translation": [0, 0, -1.75],
			"scale": [0.25, 0.25, 0.25]
		},
		"ground": {
			"translation": [0, 4, 0],
			"scale": [0.25, 0.25, 0.251]
		},
		"gui": {
			"rotation": [22.5, 135, 0],
			"translation": [-1.25, -1.25, 0],
			"scale": [0.5, 0.5, 0.5]
		},
		"fixed": {
			"translation": [0, 0, -7]
		}
	}
}
