{
	"textures": {
		"1": "block/custom/dispenser_side",
		"2": "block/custom/surge_conductor_top",
		"3": "block/furnace_top",
		"4": "block/white_stained_glass",
		"6": "block/custom/surge_conductor_font",
		"7": "block/obsidian",
		"particle": "block/white_stained_glass"
	},
	"elements": [
		{
			"name": "bottom",
			"from": [0, 0, 0],
			"to": [16, 1, 16],
			"faces": {
				"north": {"uv": [0, 15, 16, 16], "texture": "#3"},
				"east": {"uv": [0, 15, 16, 16], "texture": "#1"},
				"south": {"uv": [0, 15, 16, 16], "texture": "#1"},
				"west": {"uv": [0, 15, 16, 16], "texture": "#1"},
				"up": {"uv": [0, 0, 16, 16], "texture": "#missing"},
				"down": {"uv": [0, 0, 16, 16], "texture": "#1"}
			}
		},
		{
			"from": [1, 1, 0],
			"to": [15, 15, 1],
			"faces": {
				"north": {"uv": [1, 1, 15, 15], "texture": "#6"},
				"east": {"uv": [0, 0, 1, 14], "texture": "#missing"},
				"south": {"uv": [1, 1, 15, 15], "texture": "#6"},
				"west": {"uv": [0, 0, 1, 14], "texture": "#missing"},
				"up": {"uv": [0, 0, 14, 1], "texture": "#missing"},
				"down": {"uv": [0, 0, 14, 1], "texture": "#missing"}
			}
		},
		{
			"from": [0, 15, 0],
			"to": [16, 16, 16],
			"faces": {
				"north": {"uv": [0, 0, 14, 1], "texture": "#3"},
				"east": {"uv": [0, 0, 14, 1], "texture": "#3"},
				"south": {"uv": [0, 0, 14, 1], "texture": "#3"},
				"west": {"uv": [0, 0, 14, 1], "texture": "#3"},
				"up": {"uv": [0, 0, 16, 16], "texture": "#2"},
				"down": {"uv": [1, 1, 15, 15], "texture": "#2"}
			}
		},
		{
			"from": [0, 1, 1],
			"to": [1, 5, 15],
			"faces": {
				"north": {"uv": [0, 0, 1, 3], "texture": "#missing"},
				"east": {"uv": [1, 12, 15, 15], "texture": "#1"},
				"south": {"uv": [0, 0, 1, 3], "texture": "#missing"},
				"west": {"uv": [1, 11, 15, 15], "texture": "#1"},
				"up": {"uv": [0, 0, 1, 14], "texture": "#3"},
				"down": {"uv": [0, 0, 1, 14], "texture": "#missing"}
			}
		},
		{
			"from": [0, 5, 4],
			"to": [1, 6, 12],
			"faces": {
				"north": {"uv": [0, 0, 1, 1], "texture": "#3"},
				"east": {"uv": [4, 10, 12, 11], "texture": "#missing"},
				"south": {"uv": [0, 0, 1, 1], "texture": "#3"},
				"west": {"uv": [4, 10, 12, 11], "texture": "#1"},
				"up": {"uv": [0, 0, 1, 8], "texture": "#3"},
				"down": {"uv": [0, 0, 1, 8], "texture": "#missing"}
			}
		},
		{
			"from": [0, 6, 5],
			"to": [1, 7, 11],
			"faces": {
				"north": {"uv": [0, 0, 1, 1], "texture": "#3"},
				"east": {"uv": [5, 9, 11, 10], "texture": "#1"},
				"south": {"uv": [0, 0, 1, 1], "texture": "#3"},
				"west": {"uv": [5, 9, 11, 10], "texture": "#1"},
				"up": {"uv": [0, 0, 1, 6], "texture": "#3"},
				"down": {"uv": [0, 0, 1, 8], "texture": "#missing"}
			}
		},
		{
			"from": [0, 7, 6],
			"to": [1, 8, 10],
			"faces": {
				"north": {"uv": [0, 0, 1, 1], "texture": "#3"},
				"east": {"uv": [6, 8, 10, 9], "texture": "#1"},
				"south": {"uv": [0, 0, 1, 1], "texture": "#3"},
				"west": {"uv": [6, 8, 10, 9], "texture": "#1"},
				"up": {"uv": [0, 0, 1, 4], "texture": "#3"},
				"down": {"uv": [0, 0, 1, 8], "texture": "#missing"}
			}
		},
		{
			"from": [0, 8, 7],
			"to": [1, 9, 9],
			"faces": {
				"north": {"uv": [0, 0, 1, 1], "texture": "#3"},
				"east": {"uv": [7, 7, 9, 8], "texture": "#1"},
				"south": {"uv": [0, 0, 1, 1], "texture": "#3"},
				"west": {"uv": [7, 7, 9, 8], "texture": "#1"},
				"up": {"uv": [0, 0, 1, 2], "texture": "#3"},
				"down": {"uv": [0, 0, 1, 8], "texture": "#missing"}
			}
		},
		{
			"from": [0.5, 5, 1],
			"to": [0.5, 15, 15],
			"faces": {
				"north": {"uv": [0, 0, 0, 10], "texture": "#missing"},
				"east": {"uv": [1, 1, 11, 15], "rotation": 90, "texture": "#4"},
				"south": {"uv": [0, 0, 0, 10], "texture": "#missing"},
				"west": {"uv": [1, 1, 15, 11], "texture": "#4"},
				"up": {"uv": [0, 0, 0, 14], "texture": "#missing"},
				"down": {"uv": [0, 0, 0, 14], "texture": "#missing"}
			}
		},
		{
			"from": [1, 6, 6],
			"to": [2, 7, 10],
			"faces": {
				"north": {"uv": [0, 0, 1, 1], "texture": "#3"},
				"east": {"uv": [0, 0, 4, 1], "texture": "#3"},
				"south": {"uv": [0, 0, 1, 1], "texture": "#3"},
				"west": {"uv": [0, 0, 4, 1], "texture": "#missing"},
				"up": {"uv": [0, 0, 1, 4], "texture": "#3"},
				"down": {"uv": [0, 0, 1, 4], "texture": "#missing"}
			}
		},
		{
			"from": [1, 1, 15],
			"to": [15, 5, 16],
			"faces": {
				"north": {"uv": [1, 11, 15, 15], "texture": "#1"},
				"east": {"uv": [0, 0, 1, 3], "texture": "#missing"},
				"south": {"uv": [1, 12, 15, 15], "texture": "#1"},
				"west": {"uv": [0, 0, 1, 3], "texture": "#missing"},
				"up": {"uv": [0, 0, 1, 14], "rotation": 90, "texture": "#3"},
				"down": {"uv": [0, 0, 1, 14], "rotation": 270, "texture": "#missing"}
			}
		},
		{
			"from": [5, 6, 15],
			"to": [11, 7, 16],
			"faces": {
				"north": {"uv": [5, 9, 11, 10], "texture": "#1"},
				"east": {"uv": [0, 0, 1, 1], "texture": "#3"},
				"south": {"uv": [5, 9, 11, 10], "texture": "#1"},
				"west": {"uv": [0, 0, 1, 1], "texture": "#3"},
				"up": {"uv": [0, 0, 1, 6], "rotation": 90, "texture": "#3"},
				"down": {"uv": [0, 0, 1, 8], "rotation": 270, "texture": "#missing"}
			}
		},
		{
			"from": [7, 8, 15],
			"to": [9, 9, 16],
			"faces": {
				"north": {"uv": [7, 7, 9, 8], "texture": "#1"},
				"east": {"uv": [0, 0, 1, 1], "texture": "#3"},
				"south": {"uv": [7, 7, 9, 8], "texture": "#1"},
				"west": {"uv": [0, 0, 1, 1], "texture": "#3"},
				"up": {"uv": [0, 0, 1, 2], "rotation": 90, "texture": "#3"},
				"down": {"uv": [0, 0, 1, 8], "rotation": 270, "texture": "#missing"}
			}
		},
		{
			"from": [1, 5, 15.01],
			"to": [15, 15, 15.01],
			"faces": {
				"north": {"uv": [1, 1, 15, 11], "texture": "#4"},
				"east": {"uv": [0, 0, 0, 10], "texture": "#missing"},
				"south": {"uv": [1, 1, 11, 15], "rotation": 90, "texture": "#4"},
				"west": {"uv": [0, 0, 0, 10], "texture": "#missing"},
				"up": {"uv": [0, 0, 0, 14], "rotation": 90, "texture": "#missing"},
				"down": {"uv": [0, 0, 0, 14], "rotation": 270, "texture": "#missing"}
			}
		},
		{
			"from": [4, 5, 15],
			"to": [12, 6, 16],
			"faces": {
				"north": {"uv": [4, 10, 12, 11], "texture": "#1"},
				"east": {"uv": [0, 7, 1, 8], "texture": "#3"},
				"south": {"uv": [4, 10, 12, 11], "texture": "#1"},
				"west": {"uv": [0, 0, 1, 1], "texture": "#3"},
				"up": {"uv": [0, 0, 1, 8], "rotation": 90, "texture": "#3"},
				"down": {"uv": [0, 0, 1, 8], "rotation": 270, "texture": "#1"}
			}
		},
		{
			"from": [6, 7, 15],
			"to": [10, 8, 16],
			"faces": {
				"north": {"uv": [6, 8, 10, 9], "texture": "#1"},
				"east": {"uv": [0, 0, 1, 1], "texture": "#3"},
				"south": {"uv": [6, 8, 10, 9], "texture": "#1"},
				"west": {"uv": [0, 0, 1, 1], "texture": "#3"},
				"up": {"uv": [0, 0, 1, 4], "rotation": 90, "texture": "#3"},
				"down": {"uv": [0, 0, 1, 8], "rotation": 270, "texture": "#missing"}
			}
		},
		{
			"from": [15, 1, 1],
			"to": [16, 5, 15],
			"faces": {
				"north": {"uv": [0, 0, 1, 3], "texture": "#missing"},
				"east": {"uv": [1, 12, 15, 15], "texture": "#1"},
				"south": {"uv": [0, 0, 1, 3], "texture": "#missing"},
				"west": {"uv": [1, 11, 15, 15], "texture": "#1"},
				"up": {"uv": [0, 0, 1, 14], "texture": "#3"},
				"down": {"uv": [0, 0, 1, 14], "texture": "#missing"}
			}
		},
		{
			"from": [15, 6, 5],
			"to": [16, 7, 11],
			"faces": {
				"north": {"uv": [0, 0, 1, 1], "texture": "#3"},
				"east": {"uv": [5, 9, 11, 10], "texture": "#1"},
				"south": {"uv": [0, 0, 1, 1], "texture": "#3"},
				"west": {"uv": [5, 9, 11, 10], "texture": "#1"},
				"up": {"uv": [0, 0, 1, 6], "texture": "#3"},
				"down": {"uv": [0, 0, 1, 8], "texture": "#missing"}
			}
		},
		{
			"from": [15, 8, 7],
			"to": [16, 9, 9],
			"faces": {
				"north": {"uv": [0, 0, 1, 1], "texture": "#3"},
				"east": {"uv": [7, 7, 9, 8], "texture": "#1"},
				"south": {"uv": [0, 0, 1, 1], "texture": "#3"},
				"west": {"uv": [7, 7, 9, 8], "texture": "#1"},
				"up": {"uv": [0, 0, 1, 2], "texture": "#3"},
				"down": {"uv": [0, 0, 1, 8], "texture": "#missing"}
			}
		},
		{
			"from": [15.5, 5, 1],
			"to": [15.5, 15, 15],
			"faces": {
				"north": {"uv": [0, 0, 0, 10], "texture": "#missing"},
				"east": {"uv": [1, 1, 11, 15], "rotation": 90, "texture": "#4"},
				"south": {"uv": [0, 0, 0, 10], "texture": "#missing"},
				"west": {"uv": [1, 1, 15, 11], "texture": "#4"},
				"up": {"uv": [0, 0, 0, 14], "texture": "#missing"},
				"down": {"uv": [0, 0, 0, 14], "texture": "#missing"}
			}
		},
		{
			"from": [15, 5, 4],
			"to": [16, 6, 12],
			"faces": {
				"north": {"uv": [0, 0, 1, 1], "texture": "#3"},
				"east": {"uv": [4, 10, 12, 11], "texture": "#1"},
				"south": {"uv": [0, 0, 1, 1], "texture": "#3"},
				"west": {"uv": [4, 10, 12, 11], "texture": "#missing"},
				"up": {"uv": [0, 0, 1, 8], "texture": "#3"},
				"down": {"uv": [0, 0, 1, 8], "texture": "#missing"}
			}
		},
		{
			"from": [15, 7, 6],
			"to": [16, 8, 10],
			"faces": {
				"north": {"uv": [0, 0, 1, 1], "texture": "#3"},
				"east": {"uv": [6, 8, 10, 9], "texture": "#1"},
				"south": {"uv": [0, 0, 1, 1], "texture": "#3"},
				"west": {"uv": [6, 8, 10, 9], "texture": "#1"},
				"up": {"uv": [0, 0, 1, 4], "texture": "#3"},
				"down": {"uv": [0, 0, 1, 8], "texture": "#missing"}
			}
		},
		{
			"from": [4, 5, 12],
			"to": [12, 6, 15],
			"faces": {
				"north": {"uv": [0, 0, 14, 1], "texture": "#missing"},
				"east": {"uv": [0, 0, 8, 1], "texture": "#7"},
				"south": {"uv": [0, 0, 14, 1], "texture": "#missing"},
				"west": {"uv": [0, 0, 8, 1], "texture": "#7"},
				"up": {"uv": [4, 12, 12, 15], "texture": "#7"},
				"down": {"uv": [0, 0, 14, 8], "texture": "#missing"}
			}
		},
		{
			"from": [4, 5, 1],
			"to": [12, 6, 4],
			"faces": {
				"north": {"uv": [0, 0, 14, 1], "texture": "#missing"},
				"east": {"uv": [0, 0, 8, 1], "texture": "#7"},
				"south": {"uv": [0, 0, 14, 1], "texture": "#missing"},
				"west": {"uv": [0, 0, 8, 1], "texture": "#7"},
				"up": {"uv": [4, 0, 12, 3], "texture": "#7"},
				"down": {"uv": [0, 0, 14, 8], "texture": "#missing"}
			}
		},
		{
			"from": [5, 7, 4],
			"to": [11, 8, 12],
			"faces": {
				"north": {"uv": [0, 0, 14, 1], "texture": "#7"},
				"east": {"uv": [0, 0, 8, 1], "texture": "#7"},
				"south": {"uv": [0, 0, 14, 1], "texture": "#7"},
				"west": {"uv": [0, 0, 8, 1], "texture": "#7"},
				"up": {"uv": [1, 4, 15, 12], "texture": "#7"},
				"down": {"uv": [0, 0, 14, 8], "texture": "#missing"}
			}
		},
		{
			"from": [3, 6, 4],
			"to": [13, 7, 12],
			"faces": {
				"north": {"uv": [0, 0, 14, 1], "texture": "#7"},
				"east": {"uv": [0, 0, 8, 1], "texture": "#7"},
				"south": {"uv": [0, 0, 14, 1], "texture": "#7"},
				"west": {"uv": [0, 0, 8, 1], "texture": "#7"},
				"up": {"uv": [1, 4, 15, 12], "texture": "#7"},
				"down": {"uv": [0, 0, 14, 8], "texture": "#missing"}
			}
		},
		{
			"from": [6, 6, 3],
			"to": [10, 7, 4],
			"faces": {
				"north": {"uv": [6, 5, 11, 6], "texture": "#7"},
				"east": {"uv": [0, 0, 8, 1], "texture": "#7"},
				"south": {"uv": [6, 8, 11, 9], "texture": "#7"},
				"west": {"uv": [6, 7, 11, 8], "texture": "#7"},
				"up": {"uv": [6, 6, 11, 7], "texture": "#7"},
				"down": {"uv": [0, 0, 14, 8], "texture": "#missing"}
			}
		},
		{
			"from": [6, 6, 12],
			"to": [10, 7, 13],
			"faces": {
				"north": {"uv": [6, 5, 11, 6], "texture": "#7"},
				"east": {"uv": [0, 0, 8, 1], "texture": "#7"},
				"south": {"uv": [6, 8, 11, 9], "texture": "#7"},
				"west": {"uv": [6, 7, 11, 8], "texture": "#7"},
				"up": {"uv": [6, 6, 11, 7], "texture": "#7"},
				"down": {"uv": [0, 0, 14, 8], "texture": "#missing"}
			}
		},
		{
			"from": [1, 5, 4],
			"to": [15, 6, 12],
			"faces": {
				"north": {"uv": [0, 0, 14, 1], "texture": "#7"},
				"east": {"uv": [0, 0, 8, 1], "texture": "#missing"},
				"south": {"uv": [0, 0, 14, 1], "texture": "#7"},
				"west": {"uv": [0, 0, 8, 1], "texture": "#missing"},
				"up": {"uv": [1, 4, 15, 12], "texture": "#7"},
				"down": {"uv": [0, 0, 14, 8], "texture": "#missing"}
			}
		},
		{
			"from": [1, 1, 1],
			"to": [15, 5, 15],
			"faces": {
				"north": {"uv": [1, 11, 15, 15], "texture": "#1"},
				"east": {"uv": [1, 11, 15, 15], "texture": "#1"},
				"south": {"uv": [1, 11, 15, 15], "texture": "#1"},
				"west": {"uv": [1, 11, 15, 15], "texture": "#1"},
				"up": {"uv": [0, 0, 14, 14], "texture": "#3"},
				"down": {"uv": [0, 0, 14, 14], "texture": "#missing"}
			}
		},
		{
			"from": [4, 7, 7.25],
			"to": [6, 15, 8.75],
			"faces": {
				"north": {"uv": [9.75, 0, 11.75, 9], "texture": "#7"},
				"east": {"uv": [0, 0, 1.5, 8], "texture": "#7"},
				"south": {"uv": [5.75, 0, 7.75, 9], "texture": "#7"},
				"west": {"uv": [7.75, 0, 9.75, 9], "texture": "#7"},
				"up": {"uv": [0, 0, 2, 1.5], "texture": "#missing"},
				"down": {"uv": [0, 0, 2, 1.5], "texture": "#missing"}
			}
		},
		{
			"from": [10.75, 7, 7.25],
			"to": [12.75, 15, 8.75],
			"faces": {
				"north": {"uv": [9.75, 0, 11.75, 9], "texture": "#7"},
				"east": {"uv": [7.75, 0, 9.75, 9], "texture": "#7"},
				"south": {"uv": [5.75, 0, 7.75, 9], "texture": "#7"},
				"west": {"uv": [7.75, 0, 9.75, 9], "texture": "#7"},
				"up": {"uv": [0, 0, 2, 1.5], "texture": "#missing"},
				"down": {"uv": [0, 0, 2, 1.5], "texture": "#missing"}
			}
		},
		{
			"from": [0, 1, 0],
			"to": [1, 15, 1],
			"faces": {
				"north": {"uv": [0, 0, 1, 14], "texture": "#1"},
				"east": {"uv": [0, 0, 1, 14], "texture": "#1"},
				"south": {"uv": [0, 0, 1, 14], "texture": "#1"},
				"west": {"uv": [0, 0, 1, 14], "texture": "#1"},
				"up": {"uv": [0, 0, 1, 1], "texture": "#1"},
				"down": {"uv": [0, 0, 1, 1], "texture": "#1"}
			}
		},
		{
			"from": [0, 1, 15],
			"to": [1, 15, 16],
			"faces": {
				"north": {"uv": [0, 0, 1, 14], "texture": "#1"},
				"east": {"uv": [0, 0, 1, 14], "texture": "#1"},
				"south": {"uv": [0, 0, 1, 14], "texture": "#1"},
				"west": {"uv": [0, 0, 1, 14], "texture": "#1"},
				"up": {"uv": [0, 0, 1, 1], "texture": "#1"},
				"down": {"uv": [0, 0, 1, 1], "texture": "#1"}
			}
		},
		{
			"from": [15, 1, 0],
			"to": [16, 15, 1],
			"faces": {
				"north": {"uv": [0, 1, 1, 15], "texture": "#1"},
				"east": {"uv": [0, 1, 1, 15], "texture": "#1"},
				"south": {"uv": [0, 1, 1, 15], "texture": "#1"},
				"west": {"uv": [0, 1, 1, 15], "texture": "#1"},
				"up": {"uv": [0, 1, 1, 1], "texture": "#1"},
				"down": {"uv": [0, 1, 1, 1], "texture": "#1"}
			}
		},
		{
			"from": [15, 1, 15],
			"to": [16, 15, 16],
			"faces": {
				"north": {"uv": [0, 0, 1, 14], "texture": "#1"},
				"east": {"uv": [0, 0, 1, 14], "texture": "#1"},
				"south": {"uv": [0, 0, 1, 14], "texture": "#1"},
				"west": {"uv": [0, 0, 1, 14], "texture": "#1"},
				"up": {"uv": [0, 0, 1, 1], "texture": "#1"},
				"down": {"uv": [0, 0, 1, 1], "texture": "#1"}
			}
		},
		{
			"from": [1, 5, 15],
			"to": [2, 6, 16],
			"faces": {
				"north": {"uv": [0, 0, 1, 1], "texture": "#3"},
				"east": {"uv": [0, 0, 1, 1], "texture": "#3"},
				"south": {"uv": [0, 0, 1, 1], "texture": "#3"},
				"west": {"uv": [0, 0, 1, 1], "texture": "#3"},
				"up": {"uv": [0, 0, 1, 1], "texture": "#3"},
				"down": {"uv": [0, 0, 1, 1], "texture": "#3"}
			}
		},
		{
			"from": [14, 5, 15],
			"to": [15, 6, 16],
			"faces": {
				"north": {"uv": [0, 0, 1, 1], "texture": "#3"},
				"east": {"uv": [0, 0, 1, 1], "texture": "#3"},
				"south": {"uv": [0, 0, 1, 1], "texture": "#3"},
				"west": {"uv": [0, 0, 1, 1], "texture": "#3"},
				"up": {"uv": [0, 0, 1, 1], "texture": "#3"},
				"down": {"uv": [0, 0, 1, 1], "texture": "#3"}
			}
		},
		{
			"from": [15, 5, 1],
			"to": [16, 6, 2],
			"faces": {
				"north": {"uv": [0, 0, 1, 1], "texture": "#3"},
				"east": {"uv": [0, 0, 1, 1], "texture": "#3"},
				"south": {"uv": [0, 0, 1, 1], "texture": "#3"},
				"west": {"uv": [0, 0, 1, 1], "texture": "#3"},
				"up": {"uv": [0, 0, 1, 1], "texture": "#3"},
				"down": {"uv": [0, 0, 1, 1], "texture": "#3"}
			}
		},
		{
			"from": [15, 5, 14],
			"to": [16, 6, 15],
			"faces": {
				"north": {"uv": [0, 0, 1, 1], "texture": "#3"},
				"east": {"uv": [0, 0, 1, 1], "texture": "#3"},
				"south": {"uv": [0, 0, 1, 1], "texture": "#3"},
				"west": {"uv": [0, 0, 1, 1], "texture": "#3"},
				"up": {"uv": [0, 0, 1, 1], "texture": "#3"},
				"down": {"uv": [0, 0, 1, 1], "texture": "#3"}
			}
		},
		{
			"from": [0, 5, 14],
			"to": [1, 6, 15],
			"faces": {
				"north": {"uv": [0, 0, 1, 1], "texture": "#3"},
				"east": {"uv": [0, 0, 1, 1], "texture": "#3"},
				"south": {"uv": [0, 0, 1, 1], "texture": "#3"},
				"west": {"uv": [0, 0, 1, 1], "texture": "#3"},
				"up": {"uv": [0, 0, 1, 1], "texture": "#3"},
				"down": {"uv": [0, 0, 1, 1], "texture": "#3"}
			}
		},
		{
			"from": [0, 14, 2],
			"to": [1, 15, 3],
			"faces": {
				"north": {"uv": [0, 0, 1, 1], "texture": "#3"},
				"east": {"uv": [0, 0, 1, 1], "texture": "#3"},
				"south": {"uv": [0, 0, 1, 1], "texture": "#3"},
				"west": {"uv": [0, 0, 1, 1], "texture": "#3"},
				"up": {"uv": [0, 0, 1, 1], "texture": "#3"},
				"down": {"uv": [0, 0, 1, 1], "texture": "#3"}
			}
		},
		{
			"from": [0, 14, 1],
			"to": [1, 15, 2],
			"faces": {
				"north": {"uv": [0, 0, 1, 1], "texture": "#3"},
				"east": {"uv": [0, 0, 1, 1], "texture": "#3"},
				"south": {"uv": [0, 0, 1, 1], "texture": "#3"},
				"west": {"uv": [0, 0, 1, 1], "texture": "#3"},
				"up": {"uv": [0, 0, 1, 1], "texture": "#3"},
				"down": {"uv": [0, 0, 1, 1], "texture": "#3"}
			}
		},
		{
			"from": [0, 13, 14],
			"to": [1, 14, 15],
			"faces": {
				"north": {"uv": [0, 0, 1, 1], "texture": "#3"},
				"east": {"uv": [0, 0, 1, 1], "texture": "#3"},
				"south": {"uv": [0, 0, 1, 1], "texture": "#3"},
				"west": {"uv": [0, 0, 1, 1], "texture": "#3"},
				"up": {"uv": [0, 0, 1, 1], "texture": "#3"},
				"down": {"uv": [0, 0, 1, 1], "texture": "#3"}
			}
		},
		{
			"from": [0, 13, 1],
			"to": [1, 14, 2],
			"faces": {
				"north": {"uv": [0, 0, 1, 1], "texture": "#3"},
				"east": {"uv": [0, 0, 1, 1], "texture": "#3"},
				"south": {"uv": [0, 0, 1, 1], "texture": "#3"},
				"west": {"uv": [0, 0, 1, 1], "texture": "#3"},
				"up": {"uv": [0, 0, 1, 1], "texture": "#3"},
				"down": {"uv": [0, 0, 1, 1], "texture": "#3"}
			}
		},
		{
			"from": [0, 14, 13],
			"to": [1, 15, 14],
			"faces": {
				"north": {"uv": [0, 0, 1, 1], "texture": "#3"},
				"east": {"uv": [0, 0, 1, 1], "texture": "#3"},
				"south": {"uv": [0, 0, 1, 1], "texture": "#3"},
				"west": {"uv": [0, 0, 1, 1], "texture": "#3"},
				"up": {"uv": [0, 0, 1, 1], "texture": "#3"},
				"down": {"uv": [0, 0, 1, 1], "texture": "#3"}
			}
		},
		{
			"from": [0, 14, 14],
			"to": [1, 15, 15],
			"faces": {
				"north": {"uv": [0, 0, 1, 1], "texture": "#3"},
				"east": {"uv": [0, 0, 1, 1], "texture": "#3"},
				"south": {"uv": [0, 0, 1, 1], "texture": "#3"},
				"west": {"uv": [0, 0, 1, 1], "texture": "#3"},
				"up": {"uv": [0, 0, 1, 1], "texture": "#3"},
				"down": {"uv": [0, 0, 1, 1], "texture": "#3"}
			}
		},
		{
			"from": [1, 13, 15],
			"to": [2, 14, 16],
			"faces": {
				"north": {"uv": [0, 0, 1, 1], "texture": "#3"},
				"east": {"uv": [0, 0, 1, 1], "texture": "#3"},
				"south": {"uv": [0, 0, 1, 1], "texture": "#3"},
				"west": {"uv": [0, 0, 1, 1], "texture": "#3"},
				"up": {"uv": [0, 0, 1, 1], "texture": "#3"},
				"down": {"uv": [0, 0, 1, 1], "texture": "#3"}
			}
		},
		{
			"from": [14, 13, 15],
			"to": [15, 14, 16],
			"faces": {
				"north": {"uv": [0, 0, 1, 1], "texture": "#3"},
				"east": {"uv": [0, 0, 1, 1], "texture": "#3"},
				"south": {"uv": [0, 0, 1, 1], "texture": "#3"},
				"west": {"uv": [0, 0, 1, 1], "texture": "#3"},
				"up": {"uv": [0, 0, 1, 1], "texture": "#3"},
				"down": {"uv": [0, 0, 1, 1], "texture": "#3"}
			}
		},
		{
			"from": [2, 14, 15],
			"to": [3, 15, 16],
			"faces": {
				"north": {"uv": [0, 0, 1, 1], "texture": "#3"},
				"east": {"uv": [0, 0, 1, 1], "texture": "#3"},
				"south": {"uv": [0, 0, 1, 1], "texture": "#3"},
				"west": {"uv": [0, 0, 1, 1], "texture": "#3"},
				"up": {"uv": [0, 0, 1, 1], "texture": "#3"},
				"down": {"uv": [0, 0, 1, 1], "texture": "#3"}
			}
		},
		{
			"from": [1, 14, 15],
			"to": [2, 15, 16],
			"faces": {
				"north": {"uv": [0, 0, 1, 1], "texture": "#3"},
				"east": {"uv": [0, 0, 1, 1], "texture": "#3"},
				"south": {"uv": [0, 0, 1, 1], "texture": "#3"},
				"west": {"uv": [0, 0, 1, 1], "texture": "#3"},
				"up": {"uv": [0, 0, 1, 1], "texture": "#3"},
				"down": {"uv": [0, 0, 1, 1], "texture": "#3"}
			}
		},
		{
			"from": [13, 14, 15],
			"to": [14, 15, 16],
			"faces": {
				"north": {"uv": [0, 0, 1, 1], "texture": "#3"},
				"east": {"uv": [0, 0, 1, 1], "texture": "#3"},
				"south": {"uv": [0, 0, 1, 1], "texture": "#3"},
				"west": {"uv": [0, 0, 1, 1], "texture": "#3"},
				"up": {"uv": [0, 0, 1, 1], "texture": "#3"},
				"down": {"uv": [0, 0, 1, 1], "texture": "#3"}
			}
		},
		{
			"from": [14, 14, 15],
			"to": [15, 15, 16],
			"faces": {
				"north": {"uv": [0, 0, 1, 1], "texture": "#3"},
				"east": {"uv": [0, 0, 1, 1], "texture": "#3"},
				"south": {"uv": [0, 0, 1, 1], "texture": "#3"},
				"west": {"uv": [0, 0, 1, 1], "texture": "#3"},
				"up": {"uv": [0, 0, 1, 1], "texture": "#3"},
				"down": {"uv": [0, 0, 1, 1], "texture": "#3"}
			}
		},
		{
			"from": [15, 14, 13],
			"to": [16, 15, 14],
			"faces": {
				"north": {"uv": [0, 0, 1, 1], "texture": "#3"},
				"east": {"uv": [0, 0, 1, 1], "texture": "#3"},
				"south": {"uv": [0, 0, 1, 1], "texture": "#3"},
				"west": {"uv": [0, 0, 1, 1], "texture": "#3"},
				"up": {"uv": [0, 0, 1, 1], "texture": "#3"},
				"down": {"uv": [0, 0, 1, 1], "texture": "#3"}
			}
		},
		{
			"from": [15, 14, 14],
			"to": [16, 15, 15],
			"faces": {
				"north": {"uv": [0, 0, 1, 1], "texture": "#3"},
				"east": {"uv": [0, 0, 1, 1], "texture": "#3"},
				"south": {"uv": [0, 0, 1, 1], "texture": "#3"},
				"west": {"uv": [0, 0, 1, 1], "texture": "#3"},
				"up": {"uv": [0, 0, 1, 1], "texture": "#3"},
				"down": {"uv": [0, 0, 1, 1], "texture": "#3"}
			}
		},
		{
			"from": [15, 14, 2],
			"to": [16, 15, 3],
			"faces": {
				"north": {"uv": [0, 0, 1, 1], "texture": "#3"},
				"east": {"uv": [0, 0, 1, 1], "texture": "#3"},
				"south": {"uv": [0, 0, 1, 1], "texture": "#3"},
				"west": {"uv": [0, 0, 1, 1], "texture": "#3"},
				"up": {"uv": [0, 0, 1, 1], "texture": "#3"},
				"down": {"uv": [0, 0, 1, 1], "texture": "#3"}
			}
		},
		{
			"from": [15, 13, 1],
			"to": [16, 14, 2],
			"faces": {
				"north": {"uv": [0, 0, 1, 1], "texture": "#3"},
				"east": {"uv": [0, 0, 1, 1], "texture": "#3"},
				"south": {"uv": [0, 0, 1, 1], "texture": "#3"},
				"west": {"uv": [0, 0, 1, 1], "texture": "#3"},
				"up": {"uv": [0, 0, 1, 1], "texture": "#3"},
				"down": {"uv": [0, 0, 1, 1], "texture": "#3"}
			}
		},
		{
			"from": [15, 13, 14],
			"to": [16, 14, 15],
			"faces": {
				"north": {"uv": [0, 0, 1, 1], "texture": "#3"},
				"east": {"uv": [0, 0, 1, 1], "texture": "#3"},
				"south": {"uv": [0, 0, 1, 1], "texture": "#3"},
				"west": {"uv": [0, 0, 1, 1], "texture": "#3"},
				"up": {"uv": [0, 0, 1, 1], "texture": "#3"},
				"down": {"uv": [0, 0, 1, 1], "texture": "#3"}
			}
		},
		{
			"from": [15, 14, 1],
			"to": [16, 15, 2],
			"faces": {
				"north": {"uv": [0, 0, 1, 1], "texture": "#3"},
				"east": {"uv": [0, 0, 1, 1], "texture": "#3"},
				"south": {"uv": [0, 0, 1, 1], "texture": "#3"},
				"west": {"uv": [0, 0, 1, 1], "texture": "#3"},
				"up": {"uv": [0, 0, 1, 1], "texture": "#3"},
				"down": {"uv": [0, 0, 1, 1], "texture": "#3"}
			}
		},
		{
			"from": [0, 5, 1],
			"to": [1, 6, 2],
			"faces": {
				"north": {"uv": [0, 0, 1, 1], "texture": "#3"},
				"east": {"uv": [0, 0, 1, 1], "texture": "#3"},
				"south": {"uv": [0, 0, 1, 1], "texture": "#3"},
				"west": {"uv": [0, 0, 1, 1], "texture": "#3"},
				"up": {"uv": [0, 0, 1, 1], "texture": "#3"},
				"down": {"uv": [0, 0, 1, 1], "texture": "#3"}
			}
		},
		{
			"name": "core",
			"from": [5.25, 8, 4.25],
			"to": [10.75, 15, 11.75],
			"faces": {
				"north": {"uv": [9, 7, 15, 15], "texture": "#4"},
				"east": {"uv": [9, 7, 15, 15], "texture": "#4"},
				"south": {"uv": [9, 7, 15, 15], "texture": "#4"},
				"west": {"uv": [9, 7, 15, 15], "texture": "#4"},
				"up": {"uv": [0, 0, 6, 8], "texture": "#missing"},
				"down": {"uv": [7, 5, 13, 13], "texture": "#missing"}
			}
		}
	],
	"display": {
		"head": {
			"scale": [1.6, 1.6, 1.6]
		}
	},
	"groups": [
		0,
		1,
		{
			"name": "top",
			"origin": [0, 0, 0],
			"color": 0,
			"children": [2]
		},
		{
			"name": "west",
			"origin": [0, 0, 0],
			"color": 0,
			"children": [3, 4, 5, 6, 7, 8, 9]
		},
		{
			"name": "south",
			"origin": [0, 0, 0],
			"color": 0,
			"children": [10, 11, 12, 13, 14, 15]
		},
		{
			"name": "east",
			"origin": [0, 0, 0],
			"color": 0,
			"children": [16, 17, 18, 19, 20, 21]
		},
		{
			"name": "base",
			"origin": [0, 0, 0],
			"color": 0,
			"children": [22, 23, 24, 25, 26, 27, 28, 29, 30, 31]
		},
		{
			"name": "frames",
			"origin": [0, 0, 0],
			"color": 0,
			"children": [32, 33, 34, 35, 36, 37, 38, 39, 40, 41, 42, 43, 44, 45, 46, 47, 48, 49, 50, 51, 52, 53, 54, 55, 56, 57, 58, 59]
		},
		60
	]
}
