{
	"parent": "minecraft:block/orientable",
	"textures": {
		"4": "block/iron_block",
		"5": "block/gray_concrete",
		"6": "block/white_stained_glass",
		"top": "block/furnace_top",
		"side": "block/furnace_side",
		"front": "block/furnace_front",
		"particle": "block/iron_block"
	},
	"elements": [
		{
			"from": [0, 0, 0],
			"to": [1, 16, 1],
			"faces": {
				"north": {"uv": [0, 0, 1, 16], "texture": "#side"},
				"west": {"uv": [0, 0, 1, 16], "texture": "#side"},
				"up": {"uv": [0, 0, 1, 1], "texture": "#top"},
				"down": {"uv": [0, 0, 1, 1], "texture": "#top"}
			}
		},
		{
			"from": [0, 0, 15],
			"to": [1, 16, 16],
			"faces": {
				"south": {"uv": [0, 0, 1, 16], "texture": "#top"},
				"west": {"uv": [0, 0, 1, 16], "texture": "#side"},
				"up": {"uv": [0, 0, 1, 1], "texture": "#top"},
				"down": {"uv": [0, 0, 1, 1], "texture": "#top"}
			}
		},
		{
			"from": [0, 1, 1],
			"to": [1, 7, 15],
			"faces": {
				"west": {"uv": [1, 8, 15, 15], "texture": "#side"}
			}
		},
		{
			"from": [0, 0, 1],
			"to": [1, 1, 15],
			"faces": {
				"west": {"uv": [1, 15, 15, 16], "texture": "#side"},
				"down": {"uv": [0, 0, 1, 14], "texture": "#top"}
			}
		},
		{
			"from": [0, 15, 1],
			"to": [1, 16, 15],
			"faces": {
				"west": {"uv": [1, 0, 15, 1], "texture": "#side"},
				"up": {"uv": [0, 0, 1, 14], "texture": "#top"}
			}
		},
		{
			"from": [0.75, 7, 1],
			"to": [1.75, 15, 15],
			"faces": {
				"west": {"uv": [1, 7, 15, 15], "texture": "#5"}
			}
		},
		{
			"from": [0, 9, 3],
			"to": [0, 13, 13],
			"faces": {
				"west": {"uv": [5, 11, 15, 15], "texture": "#6"}
			}
		},
		{
			"from": [0, 7, 1],
			"to": [1, 9, 15],
			"faces": {
				"west": {"uv": [1, 7, 15, 9], "texture": "#4"},
				"up": {"uv": [0, 0, 1, 14], "texture": "#top"}
			}
		},
		{
			"from": [0, 9, 1],
			"to": [1, 13, 3],
			"faces": {
				"south": {"uv": [0, 0, 1, 9], "texture": "#top"},
				"west": {"uv": [1, 3, 3, 7], "texture": "#4"}
			}
		},
		{
			"from": [0, 9, 13],
			"to": [1, 13, 15],
			"faces": {
				"north": {"uv": [0, 0, 1, 9], "texture": "#top"},
				"west": {"uv": [1, 3, 3, 7], "texture": "#4"}
			}
		},
		{
			"from": [0, 13, 1],
			"to": [1, 15, 15],
			"faces": {
				"west": {"uv": [1, 1, 15, 3], "texture": "#4"},
				"down": {"uv": [0, 0, 1, 14], "texture": "#top"}
			}
		},
		{
			"from": [15, 0, 15],
			"to": [16, 16, 16],
			"rotation": {"angle": 0, "axis": "y", "origin": [15, 4, 1]},
			"faces": {
				"east": {"uv": [0, 0, 1, 16], "texture": "#side"},
				"south": {"uv": [0, 0, 1, 16], "texture": "#side"},
				"up": {"uv": [0, 0, 1, 1], "rotation": 180, "texture": "#top"},
				"down": {"uv": [0, 0, 1, 1], "rotation": 180, "texture": "#top"}
			}
		},
		{
			"from": [15, 0, 0],
			"to": [16, 16, 1],
			"rotation": {"angle": 0, "axis": "y", "origin": [15, 4, 1]},
			"faces": {
				"north": {"uv": [0, 0, 1, 16], "texture": "#top"},
				"east": {"uv": [0, 0, 1, 16], "texture": "#side"},
				"up": {"uv": [0, 0, 1, 1], "rotation": 180, "texture": "#top"},
				"down": {"uv": [0, 0, 1, 1], "rotation": 180, "texture": "#top"}
			}
		},
		{
			"from": [15, 1, 1],
			"to": [16, 7, 15],
			"rotation": {"angle": 0, "axis": "y", "origin": [15, 4, 1]},
			"faces": {
				"east": {"uv": [1, 8, 15, 15], "texture": "#side"}
			}
		},
		{
			"from": [15, 0, 1],
			"to": [16, 1, 15],
			"rotation": {"angle": 0, "axis": "y", "origin": [15, 4, 1]},
			"faces": {
				"east": {"uv": [1, 15, 15, 16], "texture": "#side"},
				"down": {"uv": [0, 0, 1, 14], "rotation": 180, "texture": "#top"}
			}
		},
		{
			"from": [15, 15, 1],
			"to": [16, 16, 15],
			"rotation": {"angle": 0, "axis": "y", "origin": [15, 4, 1]},
			"faces": {
				"east": {"uv": [1, 0, 15, 1], "texture": "#side"},
				"up": {"uv": [0, 0, 1, 14], "rotation": 180, "texture": "#top"}
			}
		},
		{
			"from": [15, 13, 1],
			"to": [16, 15, 15],
			"faces": {
				"east": {"uv": [1, 1, 15, 3], "texture": "#4"},
				"down": {"uv": [0, 0, 1, 14], "rotation": 180, "texture": "#top"}
			}
		},
		{
			"from": [15, 9, 1],
			"to": [16, 13, 3],
			"faces": {
				"east": {"uv": [1, 3, 3, 7], "texture": "#4"},
				"south": {"uv": [0, 0, 1, 9], "texture": "#top"}
			}
		},
		{
			"from": [15, 9, 13],
			"to": [16, 13, 15],
			"faces": {
				"north": {"uv": [0, 0, 1, 9], "texture": "#top"},
				"east": {"uv": [1, 3, 3, 7], "texture": "#4"}
			}
		},
		{
			"from": [15, 7, 1],
			"to": [16, 9, 15],
			"faces": {
				"east": {"uv": [1, 7, 15, 9], "texture": "#4"},
				"up": {"uv": [0, 0, 1, 14], "rotation": 180, "texture": "#top"}
			}
		},
		{
			"from": [14.25, 7, 1],
			"to": [15.25, 15, 15],
			"faces": {
				"east": {"uv": [1, 7, 15, 15], "texture": "#5"}
			}
		},
		{
			"from": [16, 9, 3],
			"to": [16, 13, 13],
			"faces": {
				"east": {"uv": [5, 11, 15, 15], "texture": "#6"}
			}
		},
		{
			"from": [1, 0, 15],
			"to": [15, 1, 16],
			"faces": {
				"south": {"uv": [1, 15, 15, 16], "texture": "#side"},
				"down": {"uv": [0, 0, 1, 14], "rotation": 90, "texture": "#top"}
			}
		},
		{
			"from": [1, 7, 15],
			"to": [15, 15, 16],
			"faces": {
				"south": {"uv": [1, 1, 15, 9], "texture": "#4"}
			}
		},
		{
			"from": [1, 15, 15],
			"to": [15, 16, 16],
			"faces": {
				"south": {"uv": [1, 0, 15, 1], "texture": "#side"},
				"up": {"uv": [0, 0, 1, 14], "rotation": 270, "texture": "#top"}
			}
		},
		{
			"from": [1, 1, 15],
			"to": [15, 7, 16],
			"faces": {
				"south": {"uv": [1, 8, 15, 15], "texture": "#side"}
			}
		},
		{
			"name": "bottom",
			"from": [1, 0, 1],
			"to": [15, 1, 15],
			"faces": {
				"down": {"uv": [1, 1, 15, 15], "texture": "#top"}
			}
		},
		{
			"name": "top",
			"from": [1, 15, 1],
			"to": [15, 16, 15],
			"faces": {
				"up": {"uv": [1, 1, 15, 15], "texture": "#4"}
			}
		},
		{
			"from": [1, 1, 0],
			"to": [15, 7, 1],
			"faces": {
				"north": {"uv": [1, 8, 15, 15], "texture": "#front"},
				"down": {"uv": [1, 0, 15, 1], "texture": "#top"}
			}
		},
		{
			"from": [1, 0, 0],
			"to": [15, 1, 1],
			"faces": {
				"north": {"uv": [1, 0, 15, 1], "texture": "#top"},
				"down": {"uv": [1, 0, 15, 1], "texture": "#top"}
			}
		},
		{
			"from": [1, 15, 0],
			"to": [15, 16, 1],
			"faces": {
				"north": {"uv": [1, 0, 15, 1], "texture": "#top"},
				"up": {"uv": [1, 0, 15, 1], "texture": "#top"}
			}
		},
		{
			"from": [1, 7, 0.75],
			"to": [15, 15, 1.75],
			"faces": {
				"north": {"uv": [1, 7, 15, 15], "texture": "#5"}
			}
		},
		{
			"from": [1, 9, 0],
			"to": [3, 13, 1],
			"faces": {
				"north": {"uv": [1, 3, 3, 7], "texture": "#4"},
				"east": {"uv": [0, 0, 1, 9], "texture": "#top"}
			}
		},
		{
			"from": [13, 9, 0],
			"to": [15, 13, 1],
			"faces": {
				"north": {"uv": [1, 3, 3, 7], "texture": "#4"},
				"west": {"uv": [0, 0, 1, 9], "texture": "#top"}
			}
		},
		{
			"from": [1, 13, 0],
			"to": [15, 15, 1],
			"faces": {
				"north": {"uv": [1, 1, 15, 3], "texture": "#4"},
				"down": {"uv": [0, 0, 1, 14], "rotation": 270, "texture": "#top"}
			}
		},
		{
			"from": [1, 7, 0],
			"to": [15, 9, 1],
			"faces": {
				"north": {"uv": [1, 7, 15, 9], "texture": "#4"},
				"up": {"uv": [0, 0, 1, 14], "rotation": 90, "texture": "#top"}
			}
		},
		{
			"from": [3, 9, 0],
			"to": [13, 13, 0],
			"faces": {
				"north": {"uv": [5, 11, 15, 15], "rotation": 180, "texture": "#6"}
			}
		}
	],
	"display": {
		"head": {
			"scale": [1.6, 1.6, 1.6]
		}
	},
	"groups": [
		{
			"name": "west",
			"origin": [0, 0, 0],
			"color": 0,
			"children": [0, 1, 2, 3, 4, 5, 6, 7, 8, 9, 10]
		},
		{
			"name": "east",
			"origin": [0, 0, 0],
			"color": 0,
			"children": [11, 12, 13, 14, 15, 16, 17, 18, 19, 20, 21]
		},
		{
			"name": "south",
			"origin": [0, 0, 0],
			"color": 0,
			"children": [22, 23, 24, 25]
		},
		26,
		27,
		{
			"name": "front",
			"origin": [0, 0, 0],
			"color": 0,
			"children": [28, 29, 30, 31, 32, 33, 34, 35, 36]
		}
	]
}
