{
  "providers": [
    {
        "type": "bitmap",
        "file": "gui/custom/container/blue_test.png",
        "ascent": 14,
        "height": 256,
        "chars": ["\u0001"]
    },
    {
        "type": "bitmap",
        "file": "gui/custom/container/test_grayscale.png",
        "ascent": 14,
        "height": 256,
        "chars": ["\u0002"]
    },
    {
        "type": "bitmap",
        "file": "gui/custom/container/stick_shop_gui.png",
        "ascent": 13,
        "height": 256,
        "chars": ["\u0003"]
    },
    {
        "type": "bitmap",
        "file": "gui/custom/container/complete_overlay.png",
        "ascent": 13,
        "height": 256,
        "chars": ["\u0004"]
    },
    {
       "type": "bitmap",
       "file": "gui/custom/blocks/block_sheet.png",
       "ascent": -40,
       "height": 36,
       "chars": [
          "\u0ad8\u0ad9\u0ada\u0adb\u0adc\u0add\u0ade\u0adf\u0ae0\u0ae1\u0ae2\u0ae3\u0ae4\u0ae5\u0ae6\u0ae7\u0ae8\u0ae9\u0aea\u0aeb\u0aec\u0aed\u0aee\u0aef\u0af0\u0af1\u0af2",
          "\u0af3\u0af4\u0af5\u0af6\u0af7\u0af8\u0af9\u0afa\u0afb\u0afc\u0afd\u0afe\u0aff\u0b00\u0b01\u0b02\u0b03\u0b04\u0b05\u0b06\u0b07\u0b08\u0b09\u0b0a\u0b0b\u0b0c\u0b0d",
          "\u0b0e\u0b0f\u0b10\u0b11\u0b12\u0b13\u0b14\u0b15\u0b16\u0b17\u0b18\u0b19\u0b1a\u0b1b\u0b1c\u0b1d\u0b1e\u0b1f\u0b20\u0b21\u0b22\u0b23\u0b24\u0b25\u0b26\u0b27\u0b28",
          "\u0b29\u0b2a\u0b2b\u0b2c\u0b2d\u0b2e\u0b2f\u0b30\u0b31\u0b32\u0b33\u0b34\u0b35\u0b36\u0b37\u0b38\u0b39\u0b3a\u0b3b\u0b3c\u0b3d\u0b3e\u0b3f\u0b40\u0b41\u0b42\u0b43",
          "\u0b44\u0b45\u0b46\u0b47\u0b48\u0b49\u0b4a\u0b4b\u0b4c\u0b4d\u0b4e\u0b4f\u0b50\u0b51\u0b52\u0b53\u0b54\u0b55\u0b56\u0b57\u0b58\u0b59\u0b5a\u0b5b\u0b5c\u0b5d\u0b5e",
          "\u0b5f\u0b60\u0b61\u0b62\u0b63\u0b64\u0b65\u0b66\u0b67\u0b68\u0b69\u0b6a\u0b6b\u0b6c\u0b6d\u0b6e\u0b6f\u0b70\u0b71\u0b72\u0b73\u0b74\u0b75\u0b76\u0b77\u0b78\u0b79",
          "\u0b7a\u0b7b\u0b7c\u0b7d\u0b7e\u0b7f\u0b80\u0b81\u0b82\u0b83\u0b84\u0b85\u0b86\u0b87\u0b88\u0b89\u0b8a\u0b8b\u0b8c\u0b8d\u0b8e\u0b8f\u0b90\u0b91\u0b92\u0b93\u0b94",
          "\u0b95\u0b96\u0b97\u0b98\u0b99\u0b9a\u0b9b\u0b9c\u0b9d\u0b9e\u0b9f\u0ba0\u0ba1\u0ba2\u0ba3\u0ba4\u0ba5\u0ba6\u0ba7\u0ba8\u0ba9\u0baa\u0bab\u0bac\u0bad\u0bae\u0baf",
          "\u0bb0\u0bb1\u0bb2\u0bb3\u0bb4\u0bb5\u0bb6\u0bb7\u0bb8\u0bb9\u0bba\u0bbb\u0bbc\u0bbd\u0bbe\u0bbf\u0bc0\u0bc1\u0bc2\u0bc3\u0bc4\u0bc5\u0bc6\u0bc7\u0bc8\u0bc9\u0bca",
          "\u0bcb\u0bcc\u0bcd\u0bce\u0bcf\u0bd0\u0bd1\u0bd2\u0bd3\u0bd4\u0bd5\u0bd6\u0bd7\u0bd8\u0bd9\u0bda\u0bdb\u0bdc\u0bdd\u0bde\u0bdf\u0be0\u0be1\u0be2\u0be3\u0be4\u0be5",
          "\u0be6\u0be7\u0be8\u0be9\u0bea\u0beb\u0bec\u0bed\u0bee\u0bef\u0bf0\u0bf1\u0bf2\u0bf3\u0bf4\u0bf5\u0bf6\u0bf7\u0bf8\u0bf9\u0bfa\u0bfb\u0bfc\u0bfd\u0bfe\u0bff\u0c00",
          "\u0c01\u0c02\u0c03\u0c04\u0c05\u0c06\u0c07\u0c08\u0c09\u0c0a\u0c0b\u0c0c\u0c0d\u0c0e\u0c0f\u0c10\u0c11\u0c12\u0c13\u0c14\u0c15\u0c16\u0c17\u0c18\u0c19\u0c1a\u0c1b",
          "\u0c1c\u0c1d\u0c1e\u0c1f\u0c20\u0c21\u0c22\u0c23\u0c24\u0c25\u0c26\u0c27\u0c28\u0c29\u0c2a\u0c2b\u0c2c\u0c2d\u0c2e\u0c2f\u0c30\u0c31\u0c32\u0c33\u0c34\u0c35\u0c36",
          "\u0c37\u0c38\u0c39\u0c3a\u0c3b\u0c3c\u0c3d\u0c3e\u0c3f\u0c40\u0c41\u0c42\u0c43\u0c44\u0c45\u0c46\u0c47\u0c48\u0c49\u0c4a\u0c4b\u0c4c\u0c4d\u0c4e\u0c4f\u0c50\u0c51",
          "\u0c52\u0c53\u0c54\u0c55\u0c56\u0c57\u0c58\u0c59\u0c5a\u0c5b\u0c5c\u0c5d\u0c5e\u0c5f\u0c60\u0c61\u0c62\u0c63\u0c64\u0c65\u0c66\u0c67\u0c68\u0c69\u0c6a\u0c6b\u0c6c",
          "\u0c6d\u0c6e\u0c6f\u0c70\u0c71\u0c72\u0c73\u0c74\u0c75\u0c76\u0c77\u0c78\u0c79\u0c7a\u0c7b\u0c7c\u0c7d\u0c7e\u0c7f\u0c80\u0c81\u0c82\u0c83\u0c84\u0c85\u0c86\u0c87",
          "\u0c88\u0c89\u0c8a\u0c8b\u0c8c\u0c8d\u0c8e\u0c8f\u0c90\u0c91\u0c92\u0c93\u0c94\u0c95\u0c96\u0c97\u0c98\u0c99\u0c9a\u0c9b\u0c9c\u0c9d\u0c9e\u0c9f\u0ca0\u0ca1\u0ca2",
          "\u0ca3\u0ca4\u0ca5\u0ca6\u0ca7\u0ca8\u0ca9\u0caa\u0cab\u0cac\u0cad\u0cae\u0caf\u0cb0\u0cb1\u0cb2\u0cb3\u0cb4\u0cb5\u0cb6\u0cb7\u0cb8\u0cb9\u0cba\u0cbb\u0cbc\u0cbd",
          "\u0cbe\u0cbf\u0cc0\u0cc1\u0cc2\u0cc3\u0cc4\u0cc5\u0cc6\u0cc7\u0cc8\u0cc9\u0cca\u0ccb\u0ccc\u0ccd\u0cce\u0ccf\u0cd0\u0cd1\u0cd2\u0cd3\u0cd4\u0cd5\u0cd6\u0cd7\u0cd8",
          "\u0cd9\u0cda\u0cdb\u0cdc\u0cdd\u0cde\u0cdf\u0ce0\u0ce1\u0ce2\u0ce3\u0ce4\u0ce5\u0ce6\u0ce7\u0ce8\u0ce9\u0cea\u0ceb\u0cec\u0ced\u0cee\u0cef\u0cf0\u0cf1\u0cf2\u0cf3",
          "\u0cf4\u0cf5\u0cf6\u0cf7\u0cf8\u0cf9\u0cfa\u0cfb\u0cfc\u0cfd\u0cfe\u0cff\u0d00\u0d01\u0d02\u0d03\u0d04\u0d05\u0d06\u0d07\u0d08\u0d09\u0d0a\u0d0b\u0d0c\u0d0d\u0d0e",
          "\u0d0f\u0d10\u0d11\u0d12\u0d13\u0d14\u0d15\u0d16\u0d17\u0d18\u0d19\u0d1a\u0d1b\u0d1c\u0d1d\u0d1e\u0d1f\u0d20\u0d21\u0d22\u0d23\u0d24\u0d25\u0d26\u0d27\u0d28\u0d29",
          "\u0d2a\u0d2b\u0d2c\u0d2d\u0d2e\u0d2f\u0d30\u0d31\u0d32\u0d33\u0d34\u0d35\u0d36\u0d37\u0d38\u0d39\u0d3a\u0d3b\u0d3c\u0d3d\u0d3e\u0d3f\u0d40\u0d41\u0d42\u0d43\u0d44",
          "\u0d45\u0d46\u0d47\u0d48\u0d49\u0d4a\u0d4b\u0d4c\u0d4d\u0d4e\u0d4f\u0d50\u0d51\u0d52\u0d53\u0d54\u0d55\u0d56\u0d57\u0d58\u0d59\u0d5a\u0d5b\u0d5c\u0d5d\u0d5e\u0d5f",
          "\u0d60\u0d61\u0d62\u0d63\u0d64\u0d65\u0d66\u0d67\u0d68\u0d69\u0d6a\u0d6b\u0d6c\u0d6d\u0d6e\u0d6f\u0d70\u0d71\u0d72\u0d73\u0d74\u0d75\u0d76\u0d77\u0d78\u0d79\u0d7a",
          "\u0d7b\u0d7c\u0d7d\u0d7e\u0d7f\u0d80\u0d81\u0d82\u0d83\u0d84\u0d85\u0d86\u0d87\u0d88\u0d89\u0d8a\u0d8b\u0d8c\u0d8d\u0d8e\u0d8f\u0d90\u0d91\u0d92\u0000\u0000\u0000"
       ]
    },
    {
       "type": "bitmap",
       "file": "gui/custom/container/test_256.png",
       "ascent": 22,
       "height": 256,
       "chars": [
          "\u0005"
       ]
    },
    {
       "type": "bitmap",
       "file": "gui/custom/container/teleports.png",
       "ascent": 12,
       "height": 256,
       "chars": [
          "\u1006"
       ]
    },
    {
       "type": "bitmap",
       "file": "gui/custom/container/pufferfish/generic_27.png",
       "ascent": 12,
       "height": 256,
       "chars": [
          "\u2001"
       ]
    },
    {
       "type": "bitmap",
       "file": "gui/custom/container/pufferfish/generic_27_chat.png",
       "ascent": 12,
       "height": 256,
       "chars": [
          "\u2002"
       ]
    },
    {
       "type": "bitmap",
       "file": "gui/custom/container/pufferfish/dispenser.png",
       "ascent": 12,
       "height": 256,
       "chars": [
          "\u2003"
       ]
    },
    {
       "type": "bitmap",
       "file": "gui/custom/container/buttons/yeah.png",
       "ascent": -43,
       "height": 35,
       "chars": [
          "\u2004"
       ]
    },
    {
       "type": "bitmap",
       "file": "gui/custom/container/buttons/nah.png",
       "ascent": -43,
       "height": 35,
       "chars": [
          "\u2005"
       ]
    }
  ]
}
