{
  "parent": "item/custom/devices/wrench/display_properties",
	"textures": {
		"0": "block/redstone_block",
		"1": "block/gravel"
	},
	"elements": [
		{
			"from": [6.64527, 9.375, 5.64527],
			"to": [11.14527, 11.375, 10.14527],
			"rotation": {"angle": -45, "axis": "y", "origin": [8, 13, 7]},
			"faces": {
				"north": {"uv": [2, 0, 4, 4.5], "rotation": 90, "texture": "#3"},
				"east": {"uv": [4.25, 0, 8.75, 2], "rotation": 180, "texture": "#3"},
				"south": {"uv": [2, 0, 4, 4.5], "rotation": 270, "texture": "#3"},
				"west": {"uv": [4.25, 0, 8.75, 2], "texture": "#3"},
				"up": {"uv": [4.25, 0, 8.75, 4.5], "rotation": 270, "texture": "#3"},
				"down": {"uv": [4.25, 0, 8.75, 4.5], "rotation": 270, "texture": "#3"}
			}
		},
		{
			"from": [7, -12.27679, 8.125],
			"to": [9, 9.97321, 10.125],
			"rotation": {"angle": 0, "axis": "x", "origin": [8, 13, 7]},
			"faces": {
				"north": {"uv": [0, 0, 2, 16], "texture": "#4"},
				"east": {"uv": [0, 0, 2, 16], "texture": "#4"},
				"south": {"uv": [0, 0, 2, 16], "texture": "#4"},
				"west": {"uv": [0, 0, 2, 16], "texture": "#4"},
				"up": {"uv": [0, 0, 2, 2], "texture": "#4"},
				"down": {"uv": [0, 0, 2, 2], "texture": "#4"}
			}
		},
		{
			"from": [7.01894, 6.375, 6.98106],
			"to": [9.01894, 20.375, 8.98106],
			"rotation": {"angle": 45, "axis": "y", "origin": [8, 13, 8]},
			"faces": {
				"north": {"uv": [0, 1, 2, 16], "rotation": 180, "texture": "#1"},
				"east": {"uv": [0, 2, 15, 4], "rotation": 270, "texture": "#1"},
				"south": {"uv": [0, 1, 2, 16], "texture": "#1"},
				"west": {"uv": [0, 2, 15, 4], "rotation": 90, "texture": "#1"},
				"up": {"uv": [0, 2, 2, 4], "rotation": 180, "texture": "#1"},
				"down": {"uv": [0, 2, 2, 4], "texture": "#1"}
			}
		},
		{
			"from": [6.5, 13.375, 7.97321],
			"to": [9.5, 24.625, 11.97321],
			"rotation": {"angle": 0, "axis": "z", "origin": [8, 13, 8]},
			"faces": {
				"north": {"uv": [0, 11.25, 2, 0], "rotation": 180, "texture": "#4"},
				"east": {"uv": [0, 4, 11.25, 0], "rotation": 270, "texture": "#4"},
				"south": {"uv": [11.25, 4, 0, 6], "rotation": 90, "texture": "#4"},
				"west": {"uv": [0, 4, 11.25, 0], "rotation": 90, "texture": "#4"},
				"up": {"uv": [0, 4, 2, 0], "rotation": 180, "texture": "#4"},
				"down": {"uv": [0, 4, 2, 0], "texture": "#4"}
			}
		},
		{
			"from": [6, 23.375, 2.97321],
			"to": [10, 24.375, 10.97321],
			"rotation": {"angle": 0, "axis": "x", "origin": [8, 13, 8]},
			"faces": {
				"north": {"uv": [9, 4, 13, 3], "rotation": 180, "texture": "#2"},
				"east": {"uv": [9, 11, 10, 3], "rotation": 270, "texture": "#2"},
				"south": {"uv": [9, 4, 13, 3], "texture": "#2"},
				"west": {"uv": [9, 11, 10, 3], "rotation": 90, "texture": "#2"},
				"up": {"uv": [9, 11, 13, 3], "rotation": 180, "texture": "#2"},
				"down": {"uv": [9, 11, 13, 3], "texture": "#2"}
			}
		},
		{
			"from": [6, 19.875, 2.97321],
			"to": [10, 20.875, 8.97321],
			"rotation": {"angle": 0, "axis": "x", "origin": [8, 13, 8]},
			"faces": {
				"north": {"uv": [9, 4, 13, 3], "rotation": 180, "texture": "#2"},
				"east": {"uv": [9, 9, 10, 3], "rotation": 270, "texture": "#2"},
				"south": {"uv": [9, 4, 13, 3], "texture": "#2"},
				"west": {"uv": [9, 9, 10, 3], "rotation": 90, "texture": "#2"},
				"up": {"uv": [9, 9, 13, 3], "rotation": 180, "texture": "#2"},
				"down": {"uv": [9, 9, 13, 3], "texture": "#2"}
			}
		},
		{
			"from": [7, 15.60498, -2.29972],
			"to": [9, 17.60498, -0.29972],
			"rotation": {"angle": 45, "axis": "x", "origin": [8, 13, 8]},
			"faces": {
				"north": {"uv": [2, 6, 6, 2], "rotation": 180, "texture": "#0"},
				"east": {"uv": [2, 6, 6, 2], "rotation": 270, "texture": "#0"},
				"south": {"uv": [2, 6, 6, 2], "texture": "#0"},
				"west": {"uv": [2, 6, 6, 2], "rotation": 90, "texture": "#0"},
				"up": {"uv": [2, 6, 6, 2], "rotation": 180, "texture": "#0"},
				"down": {"uv": [2, 6, 6, 2], "texture": "#0"}
			}
		},
		{
			"from": [6, 13.125, 3.97321],
			"to": [10, 14.125, 12.22321],
			"rotation": {"angle": 0, "axis": "x", "origin": [8, 13, 7]},
			"faces": {
				"north": {"uv": [9, 4, 13, 3], "rotation": 180, "texture": "#2"},
				"east": {"uv": [9, 11, 10, 3], "rotation": 270, "texture": "#2"},
				"south": {"uv": [9, 4, 13, 3], "texture": "#2"},
				"west": {"uv": [9, 11, 10, 3], "rotation": 90, "texture": "#2"},
				"up": {"uv": [9, 11, 13, 3], "rotation": 180, "texture": "#2"},
				"down": {"uv": [9, 11, 13, 3], "texture": "#2"}
			}
		}
	]
}
