{
	"textures": {
		"1": "block/white_concrete_powder",
		"2": "block/white_shulker_box",
		"particle": "block/white_shulker_box"
	},
	"elements": [
		{
			"name": "holster",
			"from": [5, 1, 7],
			"to": [11, 2, 8],
			"faces": {
				"north": {"uv": [0, 0, 8, 2], "texture": "#2"},
				"east": {"uv": [0, 0, 1, 1], "texture": "#2"},
				"south": {"uv": [0, 0, 8, 2], "texture": "#2"},
				"west": {"uv": [0, 0, 1, 1], "texture": "#2"},
				"up": {"uv": [0, 0, 8, 2], "texture": "#2"},
				"down": {"uv": [0, 0, 8, 2], "texture": "#2"}
			}
		},
		{
			"from": [7.38852, -4.2, 5.7606],
			"to": [8.72652, -1.708, 9.55259],
			"rotation": {"angle": -45, "axis": "z", "origin": [12.47739, 2.56646, 12.70894]},
			"faces": {
				"north": {"uv": [2, 3, 3.84, 5.76], "rotation": 270, "texture": "#1", "tintindex": 0},
				"east": {"uv": [4, 3, 5.84, 4.84], "rotation": 90, "texture": "#1", "tintindex": 0},
				"south": {"uv": [6, 3, 7.84, 5.76], "rotation": 90, "texture": "#1", "tintindex": 0},
				"west": {"uv": [0, 3, 1.84, 4.84], "rotation": 90, "texture": "#1", "tintindex": 0},
				"up": {"uv": [2, 0, 3.84, 2.76], "rotation": 90, "texture": "#1", "tintindex": 0},
				"down": {"uv": [2, 6, 3.84, 8.76], "rotation": 90, "texture": "#1", "tintindex": 0}
			}
		},
		{
			"from": [4.78852, -2.8, 5.8606],
			"to": [6.12652, 0.592, 9.45259],
			"rotation": {"angle": -22.5, "axis": "z", "origin": [12.47739, 2.56646, 12.70894]},
			"faces": {
				"north": {"uv": [2, 3, 3.84, 5.76], "rotation": 270, "texture": "#1", "tintindex": 0},
				"east": {"uv": [4, 3, 5.84, 4.84], "rotation": 90, "texture": "#1", "tintindex": 0},
				"south": {"uv": [6, 3, 7.84, 5.76], "rotation": 90, "texture": "#1", "tintindex": 0},
				"west": {"uv": [0, 3, 1.84, 4.84], "rotation": 90, "texture": "#1", "tintindex": 0},
				"up": {"uv": [2, 0, 3.84, 2.76], "rotation": 90, "texture": "#1", "tintindex": 0},
				"down": {"uv": [2, 6, 3.84, 8.76], "rotation": 90, "texture": "#1", "tintindex": 0}
			}
		},
		{
			"from": [6.08852, -5.3, 5.9606],
			"to": [7.42652, -1.908, 9.35259],
			"rotation": {"angle": -45, "axis": "z", "origin": [12.47739, 2.56646, 12.70894]},
			"faces": {
				"north": {"uv": [2, 3, 3.84, 5.76], "rotation": 270, "texture": "#1", "tintindex": 0},
				"east": {"uv": [4, 3, 5.84, 4.84], "rotation": 90, "texture": "#1", "tintindex": 0},
				"south": {"uv": [6, 3, 7.84, 5.76], "rotation": 90, "texture": "#1", "tintindex": 0},
				"west": {"uv": [0, 3, 1.84, 4.84], "rotation": 90, "texture": "#1", "tintindex": 0},
				"up": {"uv": [2, 0, 3.84, 2.76], "rotation": 90, "texture": "#1", "tintindex": 0},
				"down": {"uv": [2, 6, 3.84, 8.76], "rotation": 90, "texture": "#1", "tintindex": 0}
			}
		},
		{
			"from": [2.91093, 5.51733, 6.0606],
			"to": [5.90293, 6.85533, 9.25259],
			"rotation": {"angle": 22.5, "axis": "z", "origin": [12.47739, 2.56646, 12.70894]},
			"faces": {
				"north": {"uv": [2, 3, 3.84, 5.76], "rotation": 180, "texture": "#1", "tintindex": 0},
				"east": {"uv": [4, 3, 5.84, 5.76], "rotation": 180, "texture": "#1", "tintindex": 0},
				"south": {"uv": [6, 3, 7.84, 5.76], "rotation": 180, "texture": "#1", "tintindex": 0},
				"west": {"uv": [0, 3, 1.84, 5.76], "rotation": 180, "texture": "#1", "tintindex": 0},
				"up": {"uv": [2, 0, 3.84, 1.84], "rotation": 180, "texture": "#1", "tintindex": 0},
				"down": {"uv": [2, 6, 3.84, 7.84], "rotation": 180, "texture": "#1", "tintindex": 0}
			}
		},
		{
			"from": [2.11093, 2.81733, 6.1606],
			"to": [5.00293, 4.45533, 9.15259],
			"rotation": {"angle": 0, "axis": "y", "origin": [12.47739, 2.56646, 12.70894]},
			"faces": {
				"north": {"uv": [2, 3, 3.84, 5.76], "rotation": 180, "texture": "#1", "tintindex": 0},
				"east": {"uv": [4, 3, 5.84, 5.76], "rotation": 180, "texture": "#1", "tintindex": 0},
				"south": {"uv": [6, 3, 7.84, 5.76], "rotation": 180, "texture": "#1", "tintindex": 0},
				"west": {"uv": [0, 3, 1.84, 5.76], "rotation": 180, "texture": "#1", "tintindex": 0},
				"up": {"uv": [2, 0, 3.84, 1.84], "rotation": 180, "texture": "#1", "tintindex": 0},
				"down": {"uv": [2, 6, 3.84, 7.84], "rotation": 180, "texture": "#1", "tintindex": 0}
			}
		},
		{
			"from": [2.21093, 3.81733, 7.0606],
			"to": [4.90293, 6.45533, 9.55259],
			"rotation": {"angle": 22.5, "axis": "x", "origin": [3.55693, 5.63633, 7.6566]},
			"faces": {
				"north": {"uv": [2, 3, 3.84, 5.76], "rotation": 180, "texture": "#1", "tintindex": 0},
				"east": {"uv": [4, 3, 5.84, 5.76], "rotation": 180, "texture": "#1", "tintindex": 0},
				"south": {"uv": [6, 3, 7.84, 5.76], "rotation": 180, "texture": "#1", "tintindex": 0},
				"west": {"uv": [0, 3, 1.84, 5.76], "rotation": 180, "texture": "#1", "tintindex": 0},
				"up": {"uv": [2, 0, 3.84, 1.84], "rotation": 180, "texture": "#1", "tintindex": 0},
				"down": {"uv": [2, 6, 3.84, 7.84], "rotation": 180, "texture": "#1", "tintindex": 0}
			}
		},
		{
			"from": [2.31093, 5.67828, 8.86783],
			"to": [4.80293, 7.81628, 11.25982],
			"rotation": {"angle": 45, "axis": "x", "origin": [3.55693, 7.69728, 9.21383]},
			"faces": {
				"north": {"uv": [2, 3, 3.84, 5.76], "rotation": 180, "texture": "#1", "tintindex": 0},
				"east": {"uv": [4, 3, 5.84, 5.76], "rotation": 180, "texture": "#1", "tintindex": 0},
				"south": {"uv": [6, 3, 7.84, 5.76], "rotation": 180, "texture": "#1", "tintindex": 0},
				"west": {"uv": [0, 3, 1.84, 5.76], "rotation": 180, "texture": "#1", "tintindex": 0},
				"up": {"uv": [2, 0, 3.84, 1.84], "rotation": 180, "texture": "#1", "tintindex": 0},
				"down": {"uv": [2, 6, 3.84, 7.84], "rotation": 180, "texture": "#1", "tintindex": 0}
			}
		},
		{
			"from": [2.41093, 6.272, 9.15904],
			"to": [4.70293, 8.46399, 10.99704],
			"rotation": {"angle": -22.5, "axis": "x", "origin": [3.55693, 7.768, 10.62804]},
			"faces": {
				"north": {"uv": [2, 3, 3.84, 4.84], "texture": "#1", "tintindex": 0},
				"east": {"uv": [4, 3, 5.84, 5.76], "rotation": 90, "texture": "#1", "tintindex": 0},
				"south": {"uv": [6, 3, 7.84, 4.84], "rotation": 180, "texture": "#1", "tintindex": 0},
				"west": {"uv": [0, 3, 1.84, 5.76], "rotation": 270, "texture": "#1", "tintindex": 0},
				"up": {"uv": [2, 0, 3.84, 2.76], "texture": "#1", "tintindex": 0},
				"down": {"uv": [2, 6, 3.84, 8.76], "rotation": 180, "texture": "#1", "tintindex": 0}
			}
		},
		{
			"from": [2.51093, 6.65734, 10.60174],
			"to": [4.60293, 8.44933, 12.43974],
			"rotation": {"angle": 0, "axis": "x", "origin": [3.55693, 7.95333, 12.12074]},
			"faces": {
				"north": {"uv": [2, 3, 3.84, 4.84], "texture": "#1", "tintindex": 0},
				"east": {"uv": [4, 3, 5.84, 5.76], "rotation": 90, "texture": "#1", "tintindex": 0},
				"south": {"uv": [6, 3, 7.84, 4.84], "rotation": 180, "texture": "#1", "tintindex": 0},
				"west": {"uv": [0, 3, 1.84, 5.76], "rotation": 270, "texture": "#1", "tintindex": 0},
				"up": {"uv": [2, 0, 3.84, 2.76], "texture": "#1", "tintindex": 0},
				"down": {"uv": [2, 6, 3.84, 8.76], "rotation": 180, "texture": "#1", "tintindex": 0}
			}
		},
		{
			"from": [2.61093, 6.05734, 12.20174],
			"to": [4.40293, 7.44933, 14.03974],
			"rotation": {"angle": 22.5, "axis": "x", "origin": [3.55693, 7.55333, 14.52074]},
			"faces": {
				"north": {"uv": [2, 3, 3.84, 4.84], "texture": "#1", "tintindex": 0},
				"east": {"uv": [4, 3, 5.84, 5.76], "rotation": 90, "texture": "#1", "tintindex": 0},
				"south": {"uv": [6, 3, 7.84, 4.84], "rotation": 180, "texture": "#1", "tintindex": 0},
				"west": {"uv": [0, 3, 1.84, 5.76], "rotation": 270, "texture": "#1", "tintindex": 0},
				"up": {"uv": [2, 0, 3.84, 2.76], "texture": "#1", "tintindex": 0},
				"down": {"uv": [2, 6, 3.84, 8.76], "rotation": 180, "texture": "#1", "tintindex": 0}
			}
		},
		{
			"from": [2.81093, 6.07997, 13.38798],
			"to": [4.20293, 6.97196, 14.72598],
			"rotation": {"angle": 45, "axis": "x", "origin": [3.55693, 6.77596, 14.30698]},
			"faces": {
				"north": {"uv": [2, 3, 3.84, 4.84], "texture": "#1", "tintindex": 0},
				"east": {"uv": [4, 3, 5.84, 5.76], "rotation": 90, "texture": "#1", "tintindex": 0},
				"south": {"uv": [6, 3, 7.84, 4.84], "rotation": 180, "texture": "#1", "tintindex": 0},
				"west": {"uv": [0, 3, 1.84, 5.76], "rotation": 270, "texture": "#1", "tintindex": 0},
				"up": {"uv": [2, 0, 3.84, 2.76], "texture": "#1", "tintindex": 0},
				"down": {"uv": [2, 6, 3.84, 8.76], "rotation": 180, "texture": "#1", "tintindex": 0}
			}
		},
		{
			"from": [3.01093, 5.65696, 13.91098],
			"to": [4.00293, 6.69496, 14.50297],
			"rotation": {"angle": -22.5, "axis": "x", "origin": [3.55693, 6.77596, 14.30698]},
			"faces": {
				"north": {"uv": [2, 3, 3.84, 5.76], "texture": "#1", "tintindex": 0},
				"east": {"uv": [4, 3, 5.84, 5.76], "texture": "#1", "tintindex": 0},
				"south": {"uv": [6, 3, 7.84, 5.76], "texture": "#1", "tintindex": 0},
				"west": {"uv": [0, 3, 1.84, 5.76], "texture": "#1", "tintindex": 0},
				"up": {"uv": [2, 0, 3.84, 1.84], "rotation": 180, "texture": "#1", "tintindex": 0},
				"down": {"uv": [2, 6, 3.84, 7.84], "rotation": 180, "texture": "#1", "tintindex": 0}
			}
		},
		{
			"from": [3.11093, 4.91661, 14.41357],
			"to": [3.80293, 5.85461, 14.80556],
			"rotation": {"angle": 0, "axis": "x", "origin": [3.55693, 4.33561, 15.20957]},
			"faces": {
				"north": {"uv": [2, 3, 3.84, 5.76], "texture": "#1", "tintindex": 0},
				"east": {"uv": [4, 3, 5.84, 5.76], "texture": "#1", "tintindex": 0},
				"south": {"uv": [6, 3, 7.84, 5.76], "texture": "#1", "tintindex": 0},
				"west": {"uv": [0, 3, 1.84, 5.76], "texture": "#1", "tintindex": 0},
				"up": {"uv": [2, 0, 3.84, 1.84], "rotation": 180, "texture": "#1", "tintindex": 0},
				"down": {"uv": [2, 6, 3.84, 7.84], "rotation": 180, "texture": "#1", "tintindex": 0}
			}
		},
		{
			"from": [3.21093, 3.81661, 14.21357],
			"to": [3.60293, 4.75461, 14.50556],
			"rotation": {"angle": 22.5, "axis": "x", "origin": [3.55693, 4.33561, 15.20957]},
			"faces": {
				"north": {"uv": [2, 3, 3.84, 5.76], "texture": "#1", "tintindex": 0},
				"east": {"uv": [4, 3, 5.84, 5.76], "texture": "#1", "tintindex": 0},
				"south": {"uv": [6, 3, 7.84, 5.76], "texture": "#1", "tintindex": 0},
				"west": {"uv": [0, 3, 1.84, 5.76], "texture": "#1", "tintindex": 0},
				"up": {"uv": [2, 0, 3.84, 1.84], "rotation": 180, "texture": "#1", "tintindex": 0},
				"down": {"uv": [2, 6, 3.84, 7.84], "rotation": 180, "texture": "#1", "tintindex": 0}
			}
		},
		{
			"from": [7.27348, -4.2, 5.7606],
			"to": [8.61148, -1.708, 9.55259],
			"rotation": {"angle": 45, "axis": "z", "origin": [3.52261, 2.56646, 12.70894]},
			"faces": {
				"north": {"uv": [2, 5.76, 3.84, 3], "rotation": 270, "texture": "#1", "tintindex": 0},
				"east": {"uv": [4, 4.84, 5.84, 3], "rotation": 90, "texture": "#1", "tintindex": 0},
				"south": {"uv": [6, 5.76, 7.84, 3], "rotation": 90, "texture": "#1", "tintindex": 0},
				"west": {"uv": [0, 4.84, 1.84, 3], "rotation": 90, "texture": "#1", "tintindex": 0},
				"up": {"uv": [2, 2.76, 3.84, 0], "rotation": 90, "texture": "#1", "tintindex": 0},
				"down": {"uv": [2, 8.76, 3.84, 6], "rotation": 90, "texture": "#1", "tintindex": 0}
			}
		},
		{
			"from": [9.87348, -2.8, 5.8606],
			"to": [11.21148, 0.592, 9.45259],
			"rotation": {"angle": 22.5, "axis": "z", "origin": [3.52261, 2.56646, 12.70894]},
			"faces": {
				"north": {"uv": [2, 5.76, 3.84, 3], "rotation": 270, "texture": "#1", "tintindex": 0},
				"east": {"uv": [4, 4.84, 5.84, 3], "rotation": 90, "texture": "#1", "tintindex": 0},
				"south": {"uv": [6, 5.76, 7.84, 3], "rotation": 90, "texture": "#1", "tintindex": 0},
				"west": {"uv": [0, 4.84, 1.84, 3], "rotation": 90, "texture": "#1", "tintindex": 0},
				"up": {"uv": [2, 2.76, 3.84, 0], "rotation": 90, "texture": "#1", "tintindex": 0},
				"down": {"uv": [2, 8.76, 3.84, 6], "rotation": 90, "texture": "#1", "tintindex": 0}
			}
		},
		{
			"from": [8.57348, -5.3, 5.9606],
			"to": [9.91148, -1.908, 9.35259],
			"rotation": {"angle": 45, "axis": "z", "origin": [3.52261, 2.56646, 12.70894]},
			"faces": {
				"north": {"uv": [2, 5.76, 3.84, 3], "rotation": 270, "texture": "#1", "tintindex": 0},
				"east": {"uv": [4, 4.84, 5.84, 3], "rotation": 90, "texture": "#1", "tintindex": 0},
				"south": {"uv": [6, 5.76, 7.84, 3], "rotation": 90, "texture": "#1", "tintindex": 0},
				"west": {"uv": [0, 4.84, 1.84, 3], "rotation": 90, "texture": "#1", "tintindex": 0},
				"up": {"uv": [2, 2.76, 3.84, 0], "rotation": 90, "texture": "#1", "tintindex": 0},
				"down": {"uv": [2, 8.76, 3.84, 6], "rotation": 90, "texture": "#1", "tintindex": 0}
			}
		},
		{
			"from": [10.09707, 5.51733, 6.0606],
			"to": [13.08907, 6.85533, 9.25259],
			"rotation": {"angle": -22.5, "axis": "z", "origin": [3.52261, 2.56646, 12.70894]},
			"faces": {
				"north": {"uv": [3.84, 3, 2, 5.76], "rotation": 180, "texture": "#1", "tintindex": 0},
				"east": {"uv": [5.84, 3, 4, 5.76], "rotation": 180, "texture": "#1", "tintindex": 0},
				"south": {"uv": [7.84, 3, 6, 5.76], "rotation": 180, "texture": "#1", "tintindex": 0},
				"west": {"uv": [1.84, 3, 0, 5.76], "rotation": 180, "texture": "#1", "tintindex": 0},
				"up": {"uv": [3.84, 0, 2, 1.84], "rotation": 180, "texture": "#1", "tintindex": 0},
				"down": {"uv": [3.84, 6, 2, 7.84], "rotation": 180, "texture": "#1", "tintindex": 0}
			}
		},
		{
			"from": [11.29707, 6.272, 9.15904],
			"to": [13.58907, 8.46399, 10.99704],
			"rotation": {"angle": -22.5, "axis": "x", "origin": [12.44307, 7.768, 10.62804]},
			"faces": {
				"north": {"uv": [3.84, 3, 2, 4.84], "texture": "#1", "tintindex": 0},
				"east": {"uv": [4, 5.76, 5.84, 3], "rotation": 270, "texture": "#1", "tintindex": 0},
				"south": {"uv": [7.84, 3, 6, 4.84], "rotation": 180, "texture": "#1", "tintindex": 0},
				"west": {"uv": [0, 5.76, 1.84, 3], "rotation": 90, "texture": "#1", "tintindex": 0},
				"up": {"uv": [3.84, 0, 2, 2.76], "texture": "#1", "tintindex": 0},
				"down": {"uv": [3.84, 6, 2, 8.76], "rotation": 180, "texture": "#1", "tintindex": 0}
			}
		},
		{
			"from": [10.99707, 2.81733, 6.1606],
			"to": [13.88907, 4.45533, 9.15259],
			"rotation": {"angle": 0, "axis": "y", "origin": [3.52261, 2.56646, 12.70894]},
			"faces": {
				"north": {"uv": [3.84, 3, 2, 5.76], "rotation": 180, "texture": "#1", "tintindex": 0},
				"east": {"uv": [5.84, 3, 4, 5.76], "rotation": 180, "texture": "#1", "tintindex": 0},
				"south": {"uv": [7.84, 3, 6, 5.76], "rotation": 180, "texture": "#1", "tintindex": 0},
				"west": {"uv": [1.84, 3, 0, 5.76], "rotation": 180, "texture": "#1", "tintindex": 0},
				"up": {"uv": [3.84, 0, 2, 1.84], "rotation": 180, "texture": "#1", "tintindex": 0},
				"down": {"uv": [3.84, 6, 2, 7.84], "rotation": 180, "texture": "#1", "tintindex": 0}
			}
		},
		{
			"from": [11.09707, 3.81733, 7.0606],
			"to": [13.78907, 6.45533, 9.55259],
			"rotation": {"angle": 22.5, "axis": "x", "origin": [12.44307, 5.63633, 7.6566]},
			"faces": {
				"north": {"uv": [3.84, 3, 2, 5.76], "rotation": 180, "texture": "#1", "tintindex": 0},
				"east": {"uv": [5.84, 3, 4, 5.76], "rotation": 180, "texture": "#1", "tintindex": 0},
				"south": {"uv": [7.84, 3, 6, 5.76], "rotation": 180, "texture": "#1", "tintindex": 0},
				"west": {"uv": [1.84, 3, 0, 5.76], "rotation": 180, "texture": "#1", "tintindex": 0},
				"up": {"uv": [3.84, 0, 2, 1.84], "rotation": 180, "texture": "#1", "tintindex": 0},
				"down": {"uv": [3.84, 6, 2, 7.84], "rotation": 180, "texture": "#1", "tintindex": 0}
			}
		},
		{
			"from": [11.19707, 5.67828, 8.86783],
			"to": [13.68907, 7.81628, 11.25982],
			"rotation": {"angle": 45, "axis": "x", "origin": [12.44307, 7.69728, 9.21383]},
			"faces": {
				"north": {"uv": [3.84, 3, 2, 5.76], "rotation": 180, "texture": "#1", "tintindex": 0},
				"east": {"uv": [5.84, 3, 4, 5.76], "rotation": 180, "texture": "#1", "tintindex": 0},
				"south": {"uv": [7.84, 3, 6, 5.76], "rotation": 180, "texture": "#1", "tintindex": 0},
				"west": {"uv": [1.84, 3, 0, 5.76], "rotation": 180, "texture": "#1", "tintindex": 0},
				"up": {"uv": [3.84, 0, 2, 1.84], "rotation": 180, "texture": "#1", "tintindex": 0},
				"down": {"uv": [3.84, 6, 2, 7.84], "rotation": 180, "texture": "#1", "tintindex": 0}
			}
		},
		{
			"from": [11.39707, 6.65734, 10.60174],
			"to": [13.48907, 8.44933, 12.43974],
			"rotation": {"angle": 0, "axis": "y", "origin": [12.44307, 7.95333, 12.12074]},
			"faces": {
				"north": {"uv": [3.84, 3, 2, 4.84], "texture": "#1", "tintindex": 0},
				"east": {"uv": [4, 5.76, 5.84, 3], "rotation": 270, "texture": "#1", "tintindex": 0},
				"south": {"uv": [7.84, 3, 6, 4.84], "rotation": 180, "texture": "#1", "tintindex": 0},
				"west": {"uv": [0, 5.76, 1.84, 3], "rotation": 90, "texture": "#1", "tintindex": 0},
				"up": {"uv": [3.84, 0, 2, 2.76], "texture": "#1", "tintindex": 0},
				"down": {"uv": [3.84, 6, 2, 8.76], "rotation": 180, "texture": "#1", "tintindex": 0}
			}
		},
		{
			"from": [11.59707, 6.05734, 12.20174],
			"to": [13.38907, 7.44933, 14.03974],
			"rotation": {"angle": 22.5, "axis": "x", "origin": [12.44307, 7.55333, 14.52074]},
			"faces": {
				"north": {"uv": [3.84, 3, 2, 4.84], "texture": "#1", "tintindex": 0},
				"east": {"uv": [4, 5.76, 5.84, 3], "rotation": 270, "texture": "#1", "tintindex": 0},
				"south": {"uv": [7.84, 3, 6, 4.84], "rotation": 180, "texture": "#1", "tintindex": 0},
				"west": {"uv": [0, 5.76, 1.84, 3], "rotation": 90, "texture": "#1", "tintindex": 0},
				"up": {"uv": [3.84, 0, 2, 2.76], "texture": "#1", "tintindex": 0},
				"down": {"uv": [3.84, 6, 2, 8.76], "rotation": 180, "texture": "#1", "tintindex": 0}
			}
		},
		{
			"from": [11.79707, 6.07997, 13.38798],
			"to": [13.18907, 6.97196, 14.72598],
			"rotation": {"angle": 45, "axis": "x", "origin": [12.44307, 6.77596, 14.30698]},
			"faces": {
				"north": {"uv": [3.84, 3, 2, 4.84], "texture": "#1", "tintindex": 0},
				"east": {"uv": [4, 5.76, 5.84, 3], "rotation": 270, "texture": "#1", "tintindex": 0},
				"south": {"uv": [7.84, 3, 6, 4.84], "rotation": 180, "texture": "#1", "tintindex": 0},
				"west": {"uv": [0, 5.76, 1.84, 3], "rotation": 90, "texture": "#1", "tintindex": 0},
				"up": {"uv": [3.84, 0, 2, 2.76], "texture": "#1", "tintindex": 0},
				"down": {"uv": [3.84, 6, 2, 8.76], "rotation": 180, "texture": "#1", "tintindex": 0}
			}
		},
		{
			"from": [11.99707, 5.65696, 13.91098],
			"to": [12.98907, 6.69496, 14.50297],
			"rotation": {"angle": -22.5, "axis": "x", "origin": [12.44307, 6.77596, 14.30698]},
			"faces": {
				"north": {"uv": [3.84, 3, 2, 5.76], "texture": "#1", "tintindex": 0},
				"east": {"uv": [5.84, 3, 4, 5.76], "texture": "#1", "tintindex": 0},
				"south": {"uv": [7.84, 3, 6, 5.76], "texture": "#1", "tintindex": 0},
				"west": {"uv": [1.84, 3, 0, 5.76], "texture": "#1", "tintindex": 0},
				"up": {"uv": [3.84, 0, 2, 1.84], "rotation": 180, "texture": "#1", "tintindex": 0},
				"down": {"uv": [3.84, 6, 2, 7.84], "rotation": 180, "texture": "#1", "tintindex": 0}
			}
		},
		{
			"from": [12.19707, 4.91661, 14.41357],
			"to": [12.88907, 5.85461, 14.80556],
			"rotation": {"angle": 0, "axis": "y", "origin": [12.44307, 4.33561, 15.20957]},
			"faces": {
				"north": {"uv": [3.84, 3, 2, 5.76], "texture": "#1", "tintindex": 0},
				"east": {"uv": [5.84, 3, 4, 5.76], "texture": "#1", "tintindex": 0},
				"south": {"uv": [7.84, 3, 6, 5.76], "texture": "#1", "tintindex": 0},
				"west": {"uv": [1.84, 3, 0, 5.76], "texture": "#1", "tintindex": 0},
				"up": {"uv": [3.84, 0, 2, 1.84], "rotation": 180, "texture": "#1", "tintindex": 0},
				"down": {"uv": [3.84, 6, 2, 7.84], "rotation": 180, "texture": "#1", "tintindex": 0}
			}
		},
		{
			"from": [12.39707, 3.81661, 14.21357],
			"to": [12.78907, 4.75461, 14.50556],
			"rotation": {"angle": 22.5, "axis": "x", "origin": [12.44307, 4.33561, 15.20957]},
			"faces": {
				"north": {"uv": [3.84, 3, 2, 5.76], "texture": "#1", "tintindex": 0},
				"east": {"uv": [5.84, 3, 4, 5.76], "texture": "#1", "tintindex": 0},
				"south": {"uv": [7.84, 3, 6, 5.76], "texture": "#1", "tintindex": 0},
				"west": {"uv": [1.84, 3, 0, 5.76], "texture": "#1", "tintindex": 0},
				"up": {"uv": [3.84, 0, 2, 1.84], "rotation": 180, "texture": "#1", "tintindex": 0},
				"down": {"uv": [3.84, 6, 2, 7.84], "rotation": 180, "texture": "#1", "tintindex": 0}
			}
		}
	],
	"display": {
		"thirdperson_righthand": {
			"rotation": [-180, -28, -90],
			"translation": [6.25, -1.75, -3.5]
		},
		"thirdperson_lefthand": {
			"rotation": [-180, -28, -90],
			"translation": [6.25, -1.75, -3.5]
		},
		"firstperson_righthand": {
			"rotation": [-66, 0, 0],
			"translation": [1, 2.5, 0],
			"scale": [0.5, 0.5, 0.5]
		},
		"firstperson_lefthand": {
			"rotation": [-66, 0, 0],
			"translation": [1, 2.5, 0],
			"scale": [0.5, 0.5, 0.5]
		},
		"ground": {
			"translation": [0, 12.75, 0],
			"scale": [1.5, 1.5, 1.5]
		},
		"gui": {
			"rotation": [35, 135, 0],
			"translation": [-1.5, 1.75, 0]
		},
		"head": {
			"rotation": [10, 0, 0],
			"translation": [0, 15.25, -0.5],
			"scale": [1.6, 1.6, 1.6]
		},
		"fixed": {
			"rotation": [-90, 0, 0],
			"translation": [0, 1.25, -9.5],
			"scale": [2.7, 2.7, 2.7]
		}
	},
	"groups": [
		0,
		{
			"name": "west",
			"origin": [3.55693, 4.33561, 15.20957],
			"color": 0,
			"children": [1, 2, 3, 4, 5, 6, 7, 8, 9, 10, 11, 12, 13, 14]
		},
		{
			"name": "east",
			"origin": [12.44307, 4.33561, 15.20957],
			"color": 0,
			"children": [15, 16, 17, 18, 19, 20, 21, 22, 23, 24, 25, 26, 27, 28]
		}
	]
}
