{
	"textures": {
		"1": "block/white_concrete_powder",
		"2": "block/white_shulker_box",
		"particle": "block/white_shulker_box"
	},
	"elements": [
		{
			"name": "holster",
			"from": [5, 1, 7],
			"to": [11, 2, 8],
			"faces": {
				"north": {"uv": [0, 0, 8, 2], "texture": "#2"},
				"east": {"uv": [0, 0, 1, 1], "texture": "#2"},
				"south": {"uv": [0, 0, 8, 2], "texture": "#2"},
				"west": {"uv": [0, 0, 1, 1], "texture": "#2"},
				"up": {"uv": [0, 0, 8, 2], "texture": "#2"},
				"down": {"uv": [0, 0, 8, 2], "texture": "#2"}
			}
		},
		{
			"from": [6.88852, -0.27719, 10.56552],
			"to": [8.22652, 3.5148, 13.05752],
			"rotation": {"angle": -45, "axis": "y", "origin": [11.97739, -3.43354, 6.29106]},
			"faces": {
				"north": {"uv": [2, 2.76, 3.84, 0], "rotation": 90, "texture": "#1", "tintindex": 0},
				"east": {"uv": [5.84, 3, 4, 4.84], "texture": "#1", "tintindex": 0},
				"south": {"uv": [2, 8.76, 3.84, 6], "rotation": 270, "texture": "#1", "tintindex": 0},
				"west": {"uv": [1.84, 3, 0, 4.84], "rotation": 180, "texture": "#1", "tintindex": 0},
				"up": {"uv": [3.84, 3, 2, 5.76], "rotation": 90, "texture": "#1", "tintindex": 0},
				"down": {"uv": [7.84, 3, 6, 5.76], "rotation": 90, "texture": "#1", "tintindex": 0}
			}
		},
		{
			"from": [4.28852, -0.17719, 8.26552],
			"to": [5.62652, 3.4148, 11.65752],
			"rotation": {"angle": -22.5, "axis": "y", "origin": [11.97739, -3.43354, 6.29106]},
			"faces": {
				"north": {"uv": [2, 2.76, 3.84, 0], "rotation": 90, "texture": "#1", "tintindex": 0},
				"east": {"uv": [5.84, 3, 4, 4.84], "texture": "#1", "tintindex": 0},
				"south": {"uv": [2, 8.76, 3.84, 6], "rotation": 270, "texture": "#1", "tintindex": 0},
				"west": {"uv": [1.84, 3, 0, 4.84], "rotation": 180, "texture": "#1", "tintindex": 0},
				"up": {"uv": [3.84, 3, 2, 5.76], "rotation": 90, "texture": "#1", "tintindex": 0},
				"down": {"uv": [7.84, 3, 6, 5.76], "rotation": 90, "texture": "#1", "tintindex": 0}
			}
		},
		{
			"from": [5.58852, -0.07719, 10.76552],
			"to": [6.92652, 3.3148, 14.15752],
			"rotation": {"angle": -45, "axis": "y", "origin": [11.97739, -3.43354, 6.29106]},
			"faces": {
				"north": {"uv": [2, 2.76, 3.84, 0], "rotation": 90, "texture": "#1", "tintindex": 0},
				"east": {"uv": [5.84, 3, 4, 4.84], "texture": "#1", "tintindex": 0},
				"south": {"uv": [2, 8.76, 3.84, 6], "rotation": 270, "texture": "#1", "tintindex": 0},
				"west": {"uv": [1.84, 3, 0, 4.84], "rotation": 180, "texture": "#1", "tintindex": 0},
				"up": {"uv": [3.84, 3, 2, 5.76], "rotation": 90, "texture": "#1", "tintindex": 0},
				"down": {"uv": [7.84, 3, 6, 5.76], "rotation": 90, "texture": "#1", "tintindex": 0}
			}
		},
		{
			"from": [2.41093, 0.02281, 2.00219],
			"to": [5.40293, 3.2148, 3.34019],
			"rotation": {"angle": 22.5, "axis": "y", "origin": [11.97739, -3.43354, 6.29106]},
			"faces": {
				"north": {"uv": [3.84, 0, 2, 1.84], "rotation": 180, "texture": "#1", "tintindex": 0},
				"east": {"uv": [4, 5.76, 5.84, 3], "rotation": 90, "texture": "#1", "tintindex": 0},
				"south": {"uv": [3.84, 6, 2, 7.84], "texture": "#1", "tintindex": 0},
				"west": {"uv": [0, 5.76, 1.84, 3], "rotation": 270, "texture": "#1", "tintindex": 0},
				"up": {"uv": [2, 5.76, 3.84, 3], "texture": "#1", "tintindex": 0},
				"down": {"uv": [6, 5.76, 7.84, 3], "rotation": 180, "texture": "#1", "tintindex": 0}
			}
		},
		{
			"from": [1.61093, 0.12281, 4.40219],
			"to": [4.50293, 3.1148, 6.04019],
			"rotation": {"angle": 0, "axis": "y", "origin": [11.97739, -3.43354, 6.29106]},
			"faces": {
				"north": {"uv": [3.84, 0, 2, 1.84], "rotation": 180, "texture": "#1", "tintindex": 0},
				"east": {"uv": [4, 5.76, 5.84, 3], "rotation": 90, "texture": "#1", "tintindex": 0},
				"south": {"uv": [3.84, 6, 2, 7.84], "texture": "#1", "tintindex": 0},
				"west": {"uv": [0, 5.76, 1.84, 3], "rotation": 270, "texture": "#1", "tintindex": 0},
				"up": {"uv": [2, 5.76, 3.84, 3], "texture": "#1", "tintindex": 0},
				"down": {"uv": [6, 5.76, 7.84, 3], "rotation": 180, "texture": "#1", "tintindex": 0}
			}
		},
		{
			"from": [1.71093, -0.27719, 2.40219],
			"to": [4.40293, 2.2148, 5.04019],
			"rotation": {"angle": -22.5, "axis": "x", "origin": [3.05693, 1.61881, 3.22119]},
			"faces": {
				"north": {"uv": [3.84, 0, 2, 1.84], "rotation": 180, "texture": "#1", "tintindex": 0},
				"east": {"uv": [4, 5.76, 5.84, 3], "rotation": 90, "texture": "#1", "tintindex": 0},
				"south": {"uv": [3.84, 6, 2, 7.84], "texture": "#1", "tintindex": 0},
				"west": {"uv": [0, 5.76, 1.84, 3], "rotation": 270, "texture": "#1", "tintindex": 0},
				"up": {"uv": [2, 5.76, 3.84, 3], "texture": "#1", "tintindex": 0},
				"down": {"uv": [6, 5.76, 7.84, 3], "rotation": 180, "texture": "#1", "tintindex": 0}
			}
		},
		{
			"from": [1.81093, -1.98442, 1.04124],
			"to": [4.30293, 0.40757, 3.17924],
			"rotation": {"angle": -45, "axis": "x", "origin": [3.05693, 0.06157, 1.16024]},
			"faces": {
				"north": {"uv": [3.84, 0, 2, 1.84], "rotation": 180, "texture": "#1", "tintindex": 0},
				"east": {"uv": [4, 5.76, 5.84, 3], "rotation": 90, "texture": "#1", "tintindex": 0},
				"south": {"uv": [3.84, 6, 2, 7.84], "texture": "#1", "tintindex": 0},
				"west": {"uv": [0, 5.76, 1.84, 3], "rotation": 270, "texture": "#1", "tintindex": 0},
				"up": {"uv": [2, 5.76, 3.84, 3], "texture": "#1", "tintindex": 0},
				"down": {"uv": [6, 5.76, 7.84, 3], "rotation": 180, "texture": "#1", "tintindex": 0}
			}
		},
		{
			"from": [1.91093, -1.72164, 0.39353],
			"to": [4.20293, 0.11636, 2.58552],
			"rotation": {"angle": 22.5, "axis": "x", "origin": [3.05693, -1.35264, 1.08952]},
			"faces": {
				"north": {"uv": [3.84, 0, 2, 2.76], "texture": "#1", "tintindex": 0},
				"east": {"uv": [5.84, 3, 4, 5.76], "texture": "#1", "tintindex": 0},
				"south": {"uv": [3.84, 6, 2, 8.76], "texture": "#1", "tintindex": 0},
				"west": {"uv": [1.84, 3, 0, 5.76], "texture": "#1", "tintindex": 0},
				"up": {"uv": [2, 4.84, 3.84, 3], "rotation": 180, "texture": "#1", "tintindex": 0},
				"down": {"uv": [6, 4.84, 7.84, 3], "rotation": 180, "texture": "#1", "tintindex": 0}
			}
		},
		{
			"from": [2.01093, -3.16434, 0.40819],
			"to": [4.10293, -1.32634, 2.20018],
			"rotation": {"angle": 0, "axis": "x", "origin": [3.05693, -2.84534, 0.90419]},
			"faces": {
				"north": {"uv": [3.84, 0, 2, 2.76], "texture": "#1", "tintindex": 0},
				"east": {"uv": [5.84, 3, 4, 5.76], "texture": "#1", "tintindex": 0},
				"south": {"uv": [3.84, 6, 2, 8.76], "texture": "#1", "tintindex": 0},
				"west": {"uv": [1.84, 3, 0, 5.76], "texture": "#1", "tintindex": 0},
				"up": {"uv": [2, 4.84, 3.84, 3], "rotation": 180, "texture": "#1", "tintindex": 0},
				"down": {"uv": [6, 4.84, 7.84, 3], "rotation": 180, "texture": "#1", "tintindex": 0}
			}
		},
		{
			"from": [2.11093, -4.76434, -0.08514],
			"to": [3.90293, -2.92634, 1.30685],
			"rotation": {"angle": 22.5, "axis": "x", "origin": [3.05693, -5.24534, 1.41085]},
			"faces": {
				"north": {"uv": [3.84, 8.76, 2, 6], "rotation": 180, "texture": "#1", "tintindex": 0},
				"east": {"uv": [4, 3, 5.84, 5.76], "texture": "#1", "tintindex": 0},
				"south": {"uv": [3.84, 2.76, 2, 0], "rotation": 180, "texture": "#1", "tintindex": 0},
				"west": {"uv": [0, 3, 1.84, 5.76], "texture": "#1", "tintindex": 0},
				"up": {"uv": [2, 3, 3.84, 4.84], "rotation": 180, "texture": "#1", "tintindex": 0},
				"down": {"uv": [6, 3, 7.84, 4.84], "rotation": 180, "texture": "#1", "tintindex": 0}
			}
		},
		{
			"from": [2.31093, -5.45058, -0.06251],
			"to": [3.70293, -4.11258, 0.82948],
			"rotation": {"angle": 45, "axis": "x", "origin": [3.05693, -5.03158, 0.63348]},
			"faces": {
				"north": {"uv": [3.84, 8.76, 2, 6], "rotation": 180, "texture": "#1", "tintindex": 0},
				"east": {"uv": [4, 3, 5.84, 5.76], "texture": "#1", "tintindex": 0},
				"south": {"uv": [3.84, 2.76, 2, 0], "rotation": 180, "texture": "#1", "tintindex": 0},
				"west": {"uv": [0, 3, 1.84, 5.76], "texture": "#1", "tintindex": 0},
				"up": {"uv": [2, 3, 3.84, 4.84], "rotation": 180, "texture": "#1", "tintindex": 0},
				"down": {"uv": [6, 3, 7.84, 4.84], "rotation": 180, "texture": "#1", "tintindex": 0}
			}
		},
		{
			"from": [2.51093, -5.22757, -0.48552],
			"to": [3.50293, -4.63558, 0.55248],
			"rotation": {"angle": -22.5, "axis": "x", "origin": [3.05693, -5.03158, 0.63348]},
			"faces": {
				"north": {"uv": [3.84, 7.84, 2, 6], "rotation": 180, "texture": "#1", "tintindex": 0},
				"east": {"uv": [4, 3, 5.84, 5.76], "rotation": 270, "texture": "#1", "tintindex": 0},
				"south": {"uv": [3.84, 1.84, 2, 0], "texture": "#1", "tintindex": 0},
				"west": {"uv": [0, 3, 1.84, 5.76], "rotation": 90, "texture": "#1", "tintindex": 0},
				"up": {"uv": [2, 3, 3.84, 5.76], "rotation": 180, "texture": "#1", "tintindex": 0},
				"down": {"uv": [6, 3, 7.84, 5.76], "texture": "#1", "tintindex": 0}
			}
		},
		{
			"from": [2.61093, -5.53016, -1.22587],
			"to": [3.30293, -5.13817, -0.28787],
			"rotation": {"angle": 0, "axis": "x", "origin": [3.05693, -5.93417, -1.80687]},
			"faces": {
				"north": {"uv": [3.84, 7.84, 2, 6], "rotation": 180, "texture": "#1", "tintindex": 0},
				"east": {"uv": [4, 3, 5.84, 5.76], "rotation": 270, "texture": "#1", "tintindex": 0},
				"south": {"uv": [3.84, 1.84, 2, 0], "texture": "#1", "tintindex": 0},
				"west": {"uv": [0, 3, 1.84, 5.76], "rotation": 90, "texture": "#1", "tintindex": 0},
				"up": {"uv": [2, 3, 3.84, 5.76], "rotation": 180, "texture": "#1", "tintindex": 0},
				"down": {"uv": [6, 3, 7.84, 5.76], "texture": "#1", "tintindex": 0}
			}
		},
		{
			"from": [2.71093, -5.23016, -2.32587],
			"to": [3.10293, -4.93817, -1.38787],
			"rotation": {"angle": 22.5, "axis": "x", "origin": [3.05693, -5.93417, -1.80687]},
			"faces": {
				"north": {"uv": [3.84, 7.84, 2, 6], "rotation": 180, "texture": "#1", "tintindex": 0},
				"east": {"uv": [4, 3, 5.84, 5.76], "rotation": 270, "texture": "#1", "tintindex": 0},
				"south": {"uv": [3.84, 1.84, 2, 0], "texture": "#1", "tintindex": 0},
				"west": {"uv": [0, 3, 1.84, 5.76], "rotation": 90, "texture": "#1", "tintindex": 0},
				"up": {"uv": [2, 3, 3.84, 5.76], "rotation": 180, "texture": "#1", "tintindex": 0},
				"down": {"uv": [6, 3, 7.84, 5.76], "texture": "#1", "tintindex": 0}
			}
		},
		{
			"from": [7.77348, -0.27719, 10.56552],
			"to": [9.11148, 3.5148, 13.05752],
			"rotation": {"angle": 45, "axis": "y", "origin": [4.02261, -3.43354, 6.29106]},
			"faces": {
				"north": {"uv": [2, 0, 3.84, 2.76], "rotation": 90, "texture": "#1", "tintindex": 0},
				"east": {"uv": [0, 3, 1.84, 4.84], "rotation": 180, "texture": "#1", "tintindex": 0},
				"south": {"uv": [2, 6, 3.84, 8.76], "rotation": 270, "texture": "#1", "tintindex": 0},
				"west": {"uv": [4, 3, 5.84, 4.84], "texture": "#1", "tintindex": 0},
				"up": {"uv": [3.84, 5.76, 2, 3], "rotation": 90, "texture": "#1", "tintindex": 0},
				"down": {"uv": [7.84, 5.76, 6, 3], "rotation": 90, "texture": "#1", "tintindex": 0}
			}
		},
		{
			"from": [10.37348, -0.17719, 8.26552],
			"to": [11.71148, 3.4148, 11.65752],
			"rotation": {"angle": 22.5, "axis": "y", "origin": [4.02261, -3.43354, 6.29106]},
			"faces": {
				"north": {"uv": [2, 0, 3.84, 2.76], "rotation": 90, "texture": "#1", "tintindex": 0},
				"east": {"uv": [0, 3, 1.84, 4.84], "rotation": 180, "texture": "#1", "tintindex": 0},
				"south": {"uv": [2, 6, 3.84, 8.76], "rotation": 270, "texture": "#1", "tintindex": 0},
				"west": {"uv": [4, 3, 5.84, 4.84], "texture": "#1", "tintindex": 0},
				"up": {"uv": [3.84, 5.76, 2, 3], "rotation": 90, "texture": "#1", "tintindex": 0},
				"down": {"uv": [7.84, 5.76, 6, 3], "rotation": 90, "texture": "#1", "tintindex": 0}
			}
		},
		{
			"from": [9.07348, -0.07719, 10.76552],
			"to": [10.41148, 3.3148, 14.15752],
			"rotation": {"angle": 45, "axis": "y", "origin": [4.02261, -3.43354, 6.29106]},
			"faces": {
				"north": {"uv": [2, 0, 3.84, 2.76], "rotation": 90, "texture": "#1", "tintindex": 0},
				"east": {"uv": [0, 3, 1.84, 4.84], "rotation": 180, "texture": "#1", "tintindex": 0},
				"south": {"uv": [2, 6, 3.84, 8.76], "rotation": 270, "texture": "#1", "tintindex": 0},
				"west": {"uv": [4, 3, 5.84, 4.84], "texture": "#1", "tintindex": 0},
				"up": {"uv": [3.84, 5.76, 2, 3], "rotation": 90, "texture": "#1", "tintindex": 0},
				"down": {"uv": [7.84, 5.76, 6, 3], "rotation": 90, "texture": "#1", "tintindex": 0}
			}
		},
		{
			"from": [10.59707, 0.02281, 2.00219],
			"to": [13.58907, 3.2148, 3.34019],
			"rotation": {"angle": -22.5, "axis": "y", "origin": [4.02261, -3.43354, 6.29106]},
			"faces": {
				"north": {"uv": [2, 0, 3.84, 1.84], "rotation": 180, "texture": "#1", "tintindex": 0},
				"east": {"uv": [0, 3, 1.84, 5.76], "rotation": 270, "texture": "#1", "tintindex": 0},
				"south": {"uv": [2, 6, 3.84, 7.84], "texture": "#1", "tintindex": 0},
				"west": {"uv": [4, 3, 5.84, 5.76], "rotation": 90, "texture": "#1", "tintindex": 0},
				"up": {"uv": [3.84, 5.76, 2, 3], "texture": "#1", "tintindex": 0},
				"down": {"uv": [7.84, 5.76, 6, 3], "rotation": 180, "texture": "#1", "tintindex": 0}
			}
		},
		{
			"from": [11.49707, 0.12281, 4.40219],
			"to": [14.38907, 3.1148, 6.04019],
			"rotation": {"angle": 0, "axis": "y", "origin": [4.02261, -3.43354, 6.29106]},
			"faces": {
				"north": {"uv": [2, 0, 3.84, 1.84], "rotation": 180, "texture": "#1", "tintindex": 0},
				"east": {"uv": [0, 3, 1.84, 5.76], "rotation": 270, "texture": "#1", "tintindex": 0},
				"south": {"uv": [2, 6, 3.84, 7.84], "texture": "#1", "tintindex": 0},
				"west": {"uv": [4, 3, 5.84, 5.76], "rotation": 90, "texture": "#1", "tintindex": 0},
				"up": {"uv": [3.84, 5.76, 2, 3], "texture": "#1", "tintindex": 0},
				"down": {"uv": [7.84, 5.76, 6, 3], "rotation": 180, "texture": "#1", "tintindex": 0}
			}
		},
		{
			"from": [11.59707, -0.27719, 2.40219],
			"to": [14.28907, 2.2148, 5.04019],
			"rotation": {"angle": -22.5, "axis": "x", "origin": [12.94307, 1.61881, 3.22119]},
			"faces": {
				"north": {"uv": [2, 0, 3.84, 1.84], "rotation": 180, "texture": "#1", "tintindex": 0},
				"east": {"uv": [0, 3, 1.84, 5.76], "rotation": 270, "texture": "#1", "tintindex": 0},
				"south": {"uv": [2, 6, 3.84, 7.84], "texture": "#1", "tintindex": 0},
				"west": {"uv": [4, 3, 5.84, 5.76], "rotation": 90, "texture": "#1", "tintindex": 0},
				"up": {"uv": [3.84, 5.76, 2, 3], "texture": "#1", "tintindex": 0},
				"down": {"uv": [7.84, 5.76, 6, 3], "rotation": 180, "texture": "#1", "tintindex": 0}
			}
		},
		{
			"from": [11.69707, -1.98442, 1.04124],
			"to": [14.18907, 0.40757, 3.17924],
			"rotation": {"angle": -45, "axis": "x", "origin": [12.94307, 0.06157, 1.16024]},
			"faces": {
				"north": {"uv": [2, 0, 3.84, 1.84], "rotation": 180, "texture": "#1", "tintindex": 0},
				"east": {"uv": [0, 3, 1.84, 5.76], "rotation": 270, "texture": "#1", "tintindex": 0},
				"south": {"uv": [2, 6, 3.84, 7.84], "texture": "#1", "tintindex": 0},
				"west": {"uv": [4, 3, 5.84, 5.76], "rotation": 90, "texture": "#1", "tintindex": 0},
				"up": {"uv": [3.84, 5.76, 2, 3], "texture": "#1", "tintindex": 0},
				"down": {"uv": [7.84, 5.76, 6, 3], "rotation": 180, "texture": "#1", "tintindex": 0}
			}
		},
		{
			"from": [11.79707, -1.72164, 0.39353],
			"to": [14.08907, 0.11636, 2.58552],
			"rotation": {"angle": 22.5, "axis": "x", "origin": [12.94307, -1.35264, 1.08952]},
			"faces": {
				"north": {"uv": [2, 0, 3.84, 2.76], "texture": "#1", "tintindex": 0},
				"east": {"uv": [0, 3, 1.84, 5.76], "texture": "#1", "tintindex": 0},
				"south": {"uv": [2, 6, 3.84, 8.76], "texture": "#1", "tintindex": 0},
				"west": {"uv": [4, 3, 5.84, 5.76], "texture": "#1", "tintindex": 0},
				"up": {"uv": [3.84, 4.84, 2, 3], "rotation": 180, "texture": "#1", "tintindex": 0},
				"down": {"uv": [7.84, 4.84, 6, 3], "rotation": 180, "texture": "#1", "tintindex": 0}
			}
		},
		{
			"from": [11.89707, -3.16434, 0.40819],
			"to": [13.98907, -1.32634, 2.20018],
			"rotation": {"angle": 0, "axis": "y", "origin": [12.94307, -2.84534, 0.90419]},
			"faces": {
				"north": {"uv": [2, 0, 3.84, 2.76], "texture": "#1", "tintindex": 0},
				"east": {"uv": [0, 3, 1.84, 5.76], "texture": "#1", "tintindex": 0},
				"south": {"uv": [2, 6, 3.84, 8.76], "texture": "#1", "tintindex": 0},
				"west": {"uv": [4, 3, 5.84, 5.76], "texture": "#1", "tintindex": 0},
				"up": {"uv": [3.84, 4.84, 2, 3], "rotation": 180, "texture": "#1", "tintindex": 0},
				"down": {"uv": [7.84, 4.84, 6, 3], "rotation": 180, "texture": "#1", "tintindex": 0}
			}
		},
		{
			"from": [12.09707, -4.76434, -0.08514],
			"to": [13.88907, -2.92634, 1.30685],
			"rotation": {"angle": 22.5, "axis": "x", "origin": [12.94307, -5.24534, 1.41085]},
			"faces": {
				"north": {"uv": [2, 8.76, 3.84, 6], "rotation": 180, "texture": "#1", "tintindex": 0},
				"east": {"uv": [1.84, 3, 0, 5.76], "texture": "#1", "tintindex": 0},
				"south": {"uv": [2, 2.76, 3.84, 0], "rotation": 180, "texture": "#1", "tintindex": 0},
				"west": {"uv": [5.84, 3, 4, 5.76], "texture": "#1", "tintindex": 0},
				"up": {"uv": [3.84, 3, 2, 4.84], "rotation": 180, "texture": "#1", "tintindex": 0},
				"down": {"uv": [7.84, 3, 6, 4.84], "rotation": 180, "texture": "#1", "tintindex": 0}
			}
		},
		{
			"from": [12.29707, -5.45058, -0.06251],
			"to": [13.68907, -4.11258, 0.82948],
			"rotation": {"angle": 45, "axis": "x", "origin": [12.94307, -5.03158, 0.63348]},
			"faces": {
				"north": {"uv": [2, 8.76, 3.84, 6], "rotation": 180, "texture": "#1", "tintindex": 0},
				"east": {"uv": [1.84, 3, 0, 5.76], "texture": "#1", "tintindex": 0},
				"south": {"uv": [2, 2.76, 3.84, 0], "rotation": 180, "texture": "#1", "tintindex": 0},
				"west": {"uv": [5.84, 3, 4, 5.76], "texture": "#1", "tintindex": 0},
				"up": {"uv": [3.84, 3, 2, 4.84], "rotation": 180, "texture": "#1", "tintindex": 0},
				"down": {"uv": [7.84, 3, 6, 4.84], "rotation": 180, "texture": "#1", "tintindex": 0}
			}
		},
		{
			"from": [12.49707, -5.22757, -0.48552],
			"to": [13.48907, -4.63558, 0.55248],
			"rotation": {"angle": -22.5, "axis": "x", "origin": [12.94307, -5.03158, 0.63348]},
			"faces": {
				"north": {"uv": [2, 7.84, 3.84, 6], "rotation": 180, "texture": "#1", "tintindex": 0},
				"east": {"uv": [0, 5.76, 1.84, 3], "rotation": 90, "texture": "#1", "tintindex": 0},
				"south": {"uv": [2, 1.84, 3.84, 0], "texture": "#1", "tintindex": 0},
				"west": {"uv": [4, 5.76, 5.84, 3], "rotation": 270, "texture": "#1", "tintindex": 0},
				"up": {"uv": [3.84, 3, 2, 5.76], "rotation": 180, "texture": "#1", "tintindex": 0},
				"down": {"uv": [7.84, 3, 6, 5.76], "texture": "#1", "tintindex": 0}
			}
		},
		{
			"from": [12.69707, -5.53016, -1.22587],
			"to": [13.38907, -5.13817, -0.28787],
			"rotation": {"angle": 0, "axis": "y", "origin": [12.94307, -5.93417, -1.80687]},
			"faces": {
				"north": {"uv": [2, 7.84, 3.84, 6], "rotation": 180, "texture": "#1", "tintindex": 0},
				"east": {"uv": [0, 5.76, 1.84, 3], "rotation": 90, "texture": "#1", "tintindex": 0},
				"south": {"uv": [2, 1.84, 3.84, 0], "texture": "#1", "tintindex": 0},
				"west": {"uv": [4, 5.76, 5.84, 3], "rotation": 270, "texture": "#1", "tintindex": 0},
				"up": {"uv": [3.84, 3, 2, 5.76], "rotation": 180, "texture": "#1", "tintindex": 0},
				"down": {"uv": [7.84, 3, 6, 5.76], "texture": "#1", "tintindex": 0}
			}
		},
		{
			"from": [12.89707, -5.23016, -2.32587],
			"to": [13.28907, -4.93817, -1.38787],
			"rotation": {"angle": 22.5, "axis": "x", "origin": [12.94307, -5.93417, -1.80687]},
			"faces": {
				"north": {"uv": [2, 7.84, 3.84, 6], "rotation": 180, "texture": "#1", "tintindex": 0},
				"east": {"uv": [0, 5.76, 1.84, 3], "rotation": 90, "texture": "#1", "tintindex": 0},
				"south": {"uv": [2, 1.84, 3.84, 0], "texture": "#1", "tintindex": 0},
				"west": {"uv": [4, 5.76, 5.84, 3], "rotation": 270, "texture": "#1", "tintindex": 0},
				"up": {"uv": [3.84, 3, 2, 5.76], "rotation": 180, "texture": "#1", "tintindex": 0},
				"down": {"uv": [7.84, 3, 6, 5.76], "texture": "#1", "tintindex": 0}
			}
		}
	],
	"display": {
		"thirdperson_righthand": {
			"rotation": [-180, -28, -90],
			"translation": [6.25, -1.75, -3.5]
		},
		"thirdperson_lefthand": {
			"rotation": [-180, -28, -90],
			"translation": [6.25, -1.75, -3.5]
		},
		"firstperson_righthand": {
			"rotation": [-66, 0, 0],
			"translation": [1, 2.5, 0],
			"scale": [0.5, 0.5, 0.5]
		},
		"firstperson_lefthand": {
			"rotation": [-66, 0, 0],
			"translation": [1, 2.5, 0],
			"scale": [0.5, 0.5, 0.5]
		},
		"ground": {
			"translation": [0, 12.75, 0],
			"scale": [1.5, 1.5, 1.5]
		},
		"gui": {
			"rotation": [35, 135, 0],
			"translation": [-1.5, 1.75, 0]
		},
		"head": {
			"rotation": [40, 0, 0],
			"translation": [0, 12, 4],
			"scale": [1.6, 1.6, 1.6]
		},
		"fixed": {
			"rotation": [-90, 0, 0],
			"translation": [0, 1.25, -9.5],
			"scale": [2.7, 2.7, 2.7]
		}
	},
	"groups": [
		0,
		{
			"name": "west",
			"origin": [3.55693, 4.33561, 15.20957],
			"color": 0,
			"children": [1, 2, 3, 4, 5, 6, 7, 8, 9, 10, 11, 12, 13, 14]
		},
		{
			"name": "east",
			"origin": [3.55693, 4.33561, 15.20957],
			"color": 0,
			"children": [15, 16, 17, 18, 19, 20, 21, 22, 23, 24, 25, 26, 27, 28]
		}
	]
}
