{
  "parent": "minecraft:item/generated",
  "textures": {
    "layer0": "minecraft:item/barrier"
  },
  "overrides": [
    { "predicate": { "custom_model_data": 1}, "model": "item/custom/unpowered_uncharged_redstone_furnace" },
    { "predicate": { "custom_model_data": 2}, "model": "item/custom/unpowered_charged_redstone_furnace" },
    { "predicate": { "custom_model_data": 3}, "model": "item/custom/surge_conductor" },
    { "predicate": { "custom_model_data": 4}, "model": "item/custom/surge_conductor_charged" }
  ]
}
