{
  "parent": "minecraft:item/generated",
  "textures": {
    "layer0": "minecraft:block/black_stained_glass"
  },
  "overrides": [
      { "predicate": { "custom_model_data": 1}, "model": "gui/custom/container/blank" },
      { "predicate": { "custom_model_data": 2}, "model": "gui/custom/container/invisible_item" },
      { "predicate": { "custom_model_data": 3}, "model": "gui/custom/container/paint_can" },
      { "predicate": { "custom_model_data": 4}, "model": "gui/custom/container/ground" },
      { "predicate": { "custom_model_data": 5}, "model": "gui/custom/container/left_wall" },
      { "predicate": { "custom_model_data": 6}, "model": "gui/custom/container/right_wall" }
  ]
}
