{
  "parent": "minecraft:block/orientable",
  "textures": {
    "top": "minecraft:block/pumpkin_top",
    "front": "minecraft:block/carved_pumpkin",
    "side": "minecraft:block/pumpkin_side"
  },
  "overrides": [
    { "predicate": { "custom_model_data": 10}, "model": "item/custom/devices/equipment/spelunking_helmet/gold" },
    { "predicate": { "custom_model_data": 11}, "model": "item/custom/devices/equipment/spelunking_helmet/diamond" },

    { "predicate": { "custom_model_data": 100}, "model": "item/custom/thanksgiving/turkey" },
    { "predicate": { "custom_model_data": 101}, "model": "item/custom/thanksgiving/flying_turkey" }
  ]
}
