{
  "parent": "item/generated",
  "textures": {
    "layer0": "item/leather_horse_armor"
  },
  "overrides": [
    { "predicate": { "custom_model_data": 1}, "model": "block/custom/furniture/chairs/cozy_chair/wool_top/oak_planks" },
    { "predicate": { "custom_model_data": 2}, "model": "block/custom/furniture/chairs/cozy_chair/wool_top/spruce_planks" },
    { "predicate": { "custom_model_data": 3}, "model": "block/custom/furniture/chairs/cozy_chair/wool_top/birch_planks" },
    { "predicate": { "custom_model_data": 4}, "model": "block/custom/furniture/chairs/cozy_chair/wool_top/jungle_planks" },
    { "predicate": { "custom_model_data": 5}, "model": "block/custom/furniture/chairs/cozy_chair/wool_top/acacia_planks" },
    { "predicate": { "custom_model_data": 7}, "model": "block/custom/furniture/chairs/cozy_chair/wool_top/dark_oak_planks" },
    { "predicate": { "custom_model_data": 8}, "model": "block/custom/furniture/chairs/cozy_chair/wool_top/crimson_planks" },
    { "predicate": { "custom_model_data": 9}, "model": "block/custom/furniture/chairs/cozy_chair/wool_top/warped_planks" },

    { "predicate": { "custom_model_data": 10}, "model": "block/custom/furniture/chairs/cozy_chair/wool_top/oak_log" },
    { "predicate": { "custom_model_data": 11}, "model": "block/custom/furniture/chairs/cozy_chair/wool_top/spruce_log" },
    { "predicate": { "custom_model_data": 12}, "model": "block/custom/furniture/chairs/cozy_chair/wool_top/birch_log" },
    { "predicate": { "custom_model_data": 13}, "model": "block/custom/furniture/chairs/cozy_chair/wool_top/jungle_log" },
    { "predicate": { "custom_model_data": 14}, "model": "block/custom/furniture/chairs/cozy_chair/wool_top/acacia_log" },
    { "predicate": { "custom_model_data": 15}, "model": "block/custom/furniture/chairs/cozy_chair/wool_top/dark_oak_log" },

    { "predicate": { "custom_model_data": 16}, "model": "block/custom/furniture/chairs/cozy_chair/wool_top/oak_log_top" },
    { "predicate": { "custom_model_data": 17}, "model": "block/custom/furniture/chairs/cozy_chair/wool_top/spruce_log_top" },
    { "predicate": { "custom_model_data": 18}, "model": "block/custom/furniture/chairs/cozy_chair/wool_top/birch_log_top" },
    { "predicate": { "custom_model_data": 19}, "model": "block/custom/furniture/chairs/cozy_chair/wool_top/jungle_log_top" },
    { "predicate": { "custom_model_data": 20}, "model": "block/custom/furniture/chairs/cozy_chair/wool_top/acacia_log_top" },
    { "predicate": { "custom_model_data": 21}, "model": "block/custom/furniture/chairs/cozy_chair/wool_top/dark_oak_log_top" },
    
    { "predicate": { "custom_model_data": 22}, "model": "block/custom/furniture/chairs/cozy_chair/wool_top/stripped_oak_log" },
    { "predicate": { "custom_model_data": 23}, "model": "block/custom/furniture/chairs/cozy_chair/wool_top/stripped_spruce_log" },
    { "predicate": { "custom_model_data": 24}, "model": "block/custom/furniture/chairs/cozy_chair/wool_top/stripped_birch_log" },
    { "predicate": { "custom_model_data": 25}, "model": "block/custom/furniture/chairs/cozy_chair/wool_top/stripped_jungle_log" },
    { "predicate": { "custom_model_data": 26}, "model": "block/custom/furniture/chairs/cozy_chair/wool_top/stripped_acacia_log" },
    { "predicate": { "custom_model_data": 27}, "model": "block/custom/furniture/chairs/cozy_chair/wool_top/stripped_dark_oak_log" },
    { "predicate": { "custom_model_data": 28}, "model": "block/custom/furniture/chairs/cozy_chair/wool_top/stripped_crimson_stem" },
    { "predicate": { "custom_model_data": 29}, "model": "block/custom/furniture/chairs/cozy_chair/wool_top/stripped_warped_stem" },
  
    { "predicate": { "custom_model_data": 30}, "model": "block/custom/furniture/chairs/cozy_chair/wool_top/stripped_oak_log_top" },
    { "predicate": { "custom_model_data": 31}, "model": "block/custom/furniture/chairs/cozy_chair/wool_top/stripped_spruce_log_top" },
    { "predicate": { "custom_model_data": 32}, "model": "block/custom/furniture/chairs/cozy_chair/wool_top/stripped_birch_log_top" },
    { "predicate": { "custom_model_data": 33}, "model": "block/custom/furniture/chairs/cozy_chair/wool_top/stripped_jungle_log_top" },
    { "predicate": { "custom_model_data": 34}, "model": "block/custom/furniture/chairs/cozy_chair/wool_top/stripped_acacia_log_top" },
    { "predicate": { "custom_model_data": 35}, "model": "block/custom/furniture/chairs/cozy_chair/wool_top/stripped_dark_oak_log_top" },
    { "predicate": { "custom_model_data": 36}, "model": "block/custom/furniture/chairs/cozy_chair/wool_top/stripped_crimson_stem_top" },
    { "predicate": { "custom_model_data": 37}, "model": "block/custom/furniture/chairs/cozy_chair/wool_top/stripped_warped_stem_top" },

    { "predicate": { "custom_model_data": 38}, "model": "block/custom/furniture/chairs/cozy_chair/wool_top/gold_block" },
    { "predicate": { "custom_model_data": 39}, "model": "block/custom/furniture/chairs/cozy_chair/wool_top/diamond_block" },
    { "predicate": { "custom_model_data": 40}, "model": "block/custom/furniture/chairs/cozy_chair/wool_top/emerald_block" },
    { "predicate": { "custom_model_data": 41}, "model": "block/custom/furniture/chairs/cozy_chair/wool_top/iron_block" },
    { "predicate": { "custom_model_data": 42}, "model": "block/custom/furniture/chairs/cozy_chair/wool_top/copper_block" },
    { "predicate": { "custom_model_data": 43}, "model": "block/custom/furniture/chairs/cozy_chair/wool_top/exposed_copper" },
    { "predicate": { "custom_model_data": 44}, "model": "block/custom/furniture/chairs/cozy_chair/wool_top/weathered_copper" },
    
    { "predicate": { "custom_model_data": 45}, "model": "block/custom/furniture/chairs/cozy_chair/wool_top/barrel_side" },
    { "predicate": { "custom_model_data": 46}, "model": "block/custom/furniture/chairs/cozy_chair/wool_top/bedrock" },
    { "predicate": { "custom_model_data": 47}, "model": "block/custom/furniture/chairs/cozy_chair/wool_top/andesite" },
    { "predicate": { "custom_model_data": 48}, "model": "block/custom/furniture/chairs/cozy_chair/wool_top/bamboo_stalk" },
    { "predicate": { "custom_model_data": 49}, "model": "block/custom/furniture/chairs/cozy_chair/wool_top/basalt_side" },
    { "predicate": { "custom_model_data": 50}, "model": "block/custom/furniture/chairs/cozy_chair/wool_top/basalt_top" },
    { "predicate": { "custom_model_data": 51}, "model": "block/custom/furniture/chairs/cozy_chair/wool_top/chiseled_quartz_block" },
    { "predicate": { "custom_model_data": 52}, "model": "block/custom/furniture/chairs/cozy_chair/wool_top/deepslate" },
    { "predicate": { "custom_model_data": 53}, "model": "block/custom/furniture/chairs/cozy_chair/wool_top/deepslate_top" },
    { "predicate": { "custom_model_data": 54}, "model": "block/custom/furniture/chairs/cozy_chair/wool_top/deepslate_bricks" },
    { "predicate": { "custom_model_data": 55}, "model": "block/custom/furniture/chairs/cozy_chair/wool_top/deepslate_tiles" },
    { "predicate": { "custom_model_data": 56}, "model": "block/custom/furniture/chairs/cozy_chair/wool_top/diorite" },
    { "predicate": { "custom_model_data": 57}, "model": "block/custom/furniture/chairs/cozy_chair/wool_top/end_stone" },
    { "predicate": { "custom_model_data": 58}, "model": "block/custom/furniture/chairs/cozy_chair/wool_top/end_stone_bricks" },
    { "predicate": { "custom_model_data": 59}, "model": "block/custom/furniture/chairs/cozy_chair/wool_top/gravel" },
    { "predicate": { "custom_model_data": 60}, "model": "block/custom/furniture/chairs/cozy_chair/wool_top/polished_andesite" },
    { "predicate": { "custom_model_data": 61}, "model": "block/custom/furniture/chairs/cozy_chair/wool_top/polished_basalt_side" },
    { "predicate": { "custom_model_data": 62}, "model": "block/custom/furniture/chairs/cozy_chair/wool_top/polished_basalt_top" },
    { "predicate": { "custom_model_data": 63}, "model": "block/custom/furniture/chairs/cozy_chair/wool_top/polished_blackstone" },
    { "predicate": { "custom_model_data": 64}, "model": "block/custom/furniture/chairs/cozy_chair/wool_top/polished_blackstone_bricks" },
    { "predicate": { "custom_model_data": 65}, "model": "block/custom/furniture/chairs/cozy_chair/wool_top/polished_deepslate" },
    { "predicate": { "custom_model_data": 66}, "model": "block/custom/furniture/chairs/cozy_chair/wool_top/polished_diorite" },
    { "predicate": { "custom_model_data": 67}, "model": "block/custom/furniture/chairs/cozy_chair/wool_top/polished_granite" },
    { "predicate": { "custom_model_data": 68}, "model": "block/custom/furniture/chairs/cozy_chair/wool_top/granite" },
    { "predicate": { "custom_model_data": 69}, "model": "block/custom/furniture/chairs/cozy_chair/wool_top/pumpkin_side" },
    { "predicate": { "custom_model_data": 70}, "model": "block/custom/furniture/chairs/cozy_chair/wool_top/purpur_block" },
    { "predicate": { "custom_model_data": 71}, "model": "block/custom/furniture/chairs/cozy_chair/wool_top/quartz_block_bottom" },
    { "predicate": { "custom_model_data": 72}, "model": "block/custom/furniture/chairs/cozy_chair/wool_top/purpur_pillar" },
    { "predicate": { "custom_model_data": 73}, "model": "block/custom/furniture/chairs/cozy_chair/wool_top/purpur_pillar_top" },
    { "predicate": { "custom_model_data": 74}, "model": "block/custom/furniture/chairs/cozy_chair/wool_top/quartz_pillar" },
    { "predicate": { "custom_model_data": 75}, "model": "block/custom/furniture/chairs/cozy_chair/wool_top/quartz_pillar_top" },
    { "predicate": { "custom_model_data": 76}, "model": "block/custom/furniture/chairs/cozy_chair/wool_top/stone" },
    { "predicate": { "custom_model_data": 77}, "model": "block/custom/furniture/chairs/cozy_chair/wool_top/stone_bricks" },
    { "predicate": { "custom_model_data": 78}, "model": "block/custom/furniture/chairs/cozy_chair/wool_top/tuff" },
    { "predicate": { "custom_model_data": 79}, "model": "block/custom/furniture/chairs/cozy_chair/wool_top/amethyst_block" },
    { "predicate": { "custom_model_data": 80}, "model": "block/custom/furniture/chairs/cozy_chair/wool_top/magma" },

    { "predicate": { "custom_model_data": 91}, "model": "block/custom/furniture/chairs/cozy_love_seat/wool_top/oak_planks" },
    { "predicate": { "custom_model_data": 92}, "model": "block/custom/furniture/chairs/cozy_love_seat/wool_top/spruce_planks" },
    { "predicate": { "custom_model_data": 93}, "model": "block/custom/furniture/chairs/cozy_love_seat/wool_top/birch_planks" },
    { "predicate": { "custom_model_data": 94}, "model": "block/custom/furniture/chairs/cozy_love_seat/wool_top/jungle_planks" },
    { "predicate": { "custom_model_data": 95}, "model": "block/custom/furniture/chairs/cozy_love_seat/wool_top/acacia_planks" },
    { "predicate": { "custom_model_data": 97}, "model": "block/custom/furniture/chairs/cozy_love_seat/wool_top/dark_oak_planks" },
    { "predicate": { "custom_model_data": 98}, "model": "block/custom/furniture/chairs/cozy_love_seat/wool_top/crimson_planks" },
    { "predicate": { "custom_model_data": 99}, "model": "block/custom/furniture/chairs/cozy_love_seat/wool_top/warped_planks" },
    { "predicate": { "custom_model_data": 100}, "model": "block/custom/furniture/chairs/cozy_love_seat/wool_top/oak_log" },
    { "predicate": { "custom_model_data": 101}, "model": "block/custom/furniture/chairs/cozy_love_seat/wool_top/spruce_log" },
    { "predicate": { "custom_model_data": 102}, "model": "block/custom/furniture/chairs/cozy_love_seat/wool_top/birch_log" },
    { "predicate": { "custom_model_data": 103}, "model": "block/custom/furniture/chairs/cozy_love_seat/wool_top/jungle_log" },
    { "predicate": { "custom_model_data": 104}, "model": "block/custom/furniture/chairs/cozy_love_seat/wool_top/acacia_log" },
    { "predicate": { "custom_model_data": 105}, "model": "block/custom/furniture/chairs/cozy_love_seat/wool_top/dark_oak_log" },
    { "predicate": { "custom_model_data": 106}, "model": "block/custom/furniture/chairs/cozy_love_seat/wool_top/oak_log_top" },
    { "predicate": { "custom_model_data": 107}, "model": "block/custom/furniture/chairs/cozy_love_seat/wool_top/spruce_log_top" },
    { "predicate": { "custom_model_data": 108}, "model": "block/custom/furniture/chairs/cozy_love_seat/wool_top/birch_log_top" },
    { "predicate": { "custom_model_data": 109}, "model": "block/custom/furniture/chairs/cozy_love_seat/wool_top/jungle_log_top" },
    { "predicate": { "custom_model_data": 110}, "model": "block/custom/furniture/chairs/cozy_love_seat/wool_top/acacia_log_top" },
    { "predicate": { "custom_model_data": 111}, "model": "block/custom/furniture/chairs/cozy_love_seat/wool_top/dark_oak_log_top" },
    { "predicate": { "custom_model_data": 112}, "model": "block/custom/furniture/chairs/cozy_love_seat/wool_top/stripped_oak_log" },
    { "predicate": { "custom_model_data": 113}, "model": "block/custom/furniture/chairs/cozy_love_seat/wool_top/stripped_spruce_log" },
    { "predicate": { "custom_model_data": 114}, "model": "block/custom/furniture/chairs/cozy_love_seat/wool_top/stripped_birch_log" },
    { "predicate": { "custom_model_data": 115}, "model": "block/custom/furniture/chairs/cozy_love_seat/wool_top/stripped_jungle_log" },
    { "predicate": { "custom_model_data": 116}, "model": "block/custom/furniture/chairs/cozy_love_seat/wool_top/stripped_acacia_log" },
    { "predicate": { "custom_model_data": 117}, "model": "block/custom/furniture/chairs/cozy_love_seat/wool_top/stripped_dark_oak_log" },
    { "predicate": { "custom_model_data": 118}, "model": "block/custom/furniture/chairs/cozy_love_seat/wool_top/stripped_crimson_stem" },
    { "predicate": { "custom_model_data": 119}, "model": "block/custom/furniture/chairs/cozy_love_seat/wool_top/stripped_warped_stem" },
    { "predicate": { "custom_model_data": 120}, "model": "block/custom/furniture/chairs/cozy_love_seat/wool_top/stripped_oak_log_top" },
    { "predicate": { "custom_model_data": 121}, "model": "block/custom/furniture/chairs/cozy_love_seat/wool_top/stripped_spruce_log_top" },
    { "predicate": { "custom_model_data": 122}, "model": "block/custom/furniture/chairs/cozy_love_seat/wool_top/stripped_birch_log_top" },
    { "predicate": { "custom_model_data": 123}, "model": "block/custom/furniture/chairs/cozy_love_seat/wool_top/stripped_jungle_log_top" },
    { "predicate": { "custom_model_data": 124}, "model": "block/custom/furniture/chairs/cozy_love_seat/wool_top/stripped_acacia_log_top" },
    { "predicate": { "custom_model_data": 125}, "model": "block/custom/furniture/chairs/cozy_love_seat/wool_top/stripped_dark_oak_log_top" },
    { "predicate": { "custom_model_data": 126}, "model": "block/custom/furniture/chairs/cozy_love_seat/wool_top/stripped_crimson_stem_top" },
    { "predicate": { "custom_model_data": 127}, "model": "block/custom/furniture/chairs/cozy_love_seat/wool_top/stripped_warped_stem_top" },
    { "predicate": { "custom_model_data": 128}, "model": "block/custom/furniture/chairs/cozy_love_seat/wool_top/gold_block" },
    { "predicate": { "custom_model_data": 129}, "model": "block/custom/furniture/chairs/cozy_love_seat/wool_top/diamond_block" },
    { "predicate": { "custom_model_data": 130}, "model": "block/custom/furniture/chairs/cozy_love_seat/wool_top/emerald_block" },
    { "predicate": { "custom_model_data": 131}, "model": "block/custom/furniture/chairs/cozy_love_seat/wool_top/iron_block" },
    { "predicate": { "custom_model_data": 132}, "model": "block/custom/furniture/chairs/cozy_love_seat/wool_top/copper_block" },
    { "predicate": { "custom_model_data": 133}, "model": "block/custom/furniture/chairs/cozy_love_seat/wool_top/exposed_copper" },
    { "predicate": { "custom_model_data": 134}, "model": "block/custom/furniture/chairs/cozy_love_seat/wool_top/weathered_copper" },
    { "predicate": { "custom_model_data": 135}, "model": "block/custom/furniture/chairs/cozy_love_seat/wool_top/barrel_side" },
    { "predicate": { "custom_model_data": 136}, "model": "block/custom/furniture/chairs/cozy_love_seat/wool_top/bedrock" },
    { "predicate": { "custom_model_data": 137}, "model": "block/custom/furniture/chairs/cozy_love_seat/wool_top/andesite" },
    { "predicate": { "custom_model_data": 138}, "model": "block/custom/furniture/chairs/cozy_love_seat/wool_top/bamboo_stalk" },
    { "predicate": { "custom_model_data": 139}, "model": "block/custom/furniture/chairs/cozy_love_seat/wool_top/basalt_side" },
    { "predicate": { "custom_model_data": 140}, "model": "block/custom/furniture/chairs/cozy_love_seat/wool_top/basalt_top" },
    { "predicate": { "custom_model_data": 141}, "model": "block/custom/furniture/chairs/cozy_love_seat/wool_top/chiseled_quartz_block" },
    { "predicate": { "custom_model_data": 142}, "model": "block/custom/furniture/chairs/cozy_love_seat/wool_top/deepslate" },
    { "predicate": { "custom_model_data": 143}, "model": "block/custom/furniture/chairs/cozy_love_seat/wool_top/deepslate_top" },
    { "predicate": { "custom_model_data": 144}, "model": "block/custom/furniture/chairs/cozy_love_seat/wool_top/deepslate_bricks" },
    { "predicate": { "custom_model_data": 145}, "model": "block/custom/furniture/chairs/cozy_love_seat/wool_top/deepslate_tiles" },
    { "predicate": { "custom_model_data": 146}, "model": "block/custom/furniture/chairs/cozy_love_seat/wool_top/diorite" },
    { "predicate": { "custom_model_data": 147}, "model": "block/custom/furniture/chairs/cozy_love_seat/wool_top/end_stone" },
    { "predicate": { "custom_model_data": 148}, "model": "block/custom/furniture/chairs/cozy_love_seat/wool_top/end_stone_bricks" },
    { "predicate": { "custom_model_data": 149}, "model": "block/custom/furniture/chairs/cozy_love_seat/wool_top/gravel" },
    { "predicate": { "custom_model_data": 150}, "model": "block/custom/furniture/chairs/cozy_love_seat/wool_top/polished_andesite" },
    { "predicate": { "custom_model_data": 151}, "model": "block/custom/furniture/chairs/cozy_love_seat/wool_top/polished_basalt_side" },
    { "predicate": { "custom_model_data": 152}, "model": "block/custom/furniture/chairs/cozy_love_seat/wool_top/polished_basalt_top" },
    { "predicate": { "custom_model_data": 153}, "model": "block/custom/furniture/chairs/cozy_love_seat/wool_top/polished_blackstone" },
    { "predicate": { "custom_model_data": 154}, "model": "block/custom/furniture/chairs/cozy_love_seat/wool_top/polished_blackstone_bricks" },
    { "predicate": { "custom_model_data": 155}, "model": "block/custom/furniture/chairs/cozy_love_seat/wool_top/polished_deepslate" },
    { "predicate": { "custom_model_data": 156}, "model": "block/custom/furniture/chairs/cozy_love_seat/wool_top/polished_diorite" },
    { "predicate": { "custom_model_data": 157}, "model": "block/custom/furniture/chairs/cozy_love_seat/wool_top/polished_granite" },
    { "predicate": { "custom_model_data": 158}, "model": "block/custom/furniture/chairs/cozy_love_seat/wool_top/granite" },
    { "predicate": { "custom_model_data": 159}, "model": "block/custom/furniture/chairs/cozy_love_seat/wool_top/pumpkin_side" },
    { "predicate": { "custom_model_data": 160}, "model": "block/custom/furniture/chairs/cozy_love_seat/wool_top/purpur_block" },
    { "predicate": { "custom_model_data": 161}, "model": "block/custom/furniture/chairs/cozy_love_seat/wool_top/quartz_block_bottom" },
    { "predicate": { "custom_model_data": 162}, "model": "block/custom/furniture/chairs/cozy_love_seat/wool_top/purpur_pillar" },
    { "predicate": { "custom_model_data": 163}, "model": "block/custom/furniture/chairs/cozy_love_seat/wool_top/purpur_pillar_top" },
    { "predicate": { "custom_model_data": 164}, "model": "block/custom/furniture/chairs/cozy_love_seat/wool_top/quartz_pillar" },
    { "predicate": { "custom_model_data": 165}, "model": "block/custom/furniture/chairs/cozy_love_seat/wool_top/quartz_pillar_top" },
    { "predicate": { "custom_model_data": 166}, "model": "block/custom/furniture/chairs/cozy_love_seat/wool_top/stone" },
    { "predicate": { "custom_model_data": 167}, "model": "block/custom/furniture/chairs/cozy_love_seat/wool_top/stone_bricks" },
    { "predicate": { "custom_model_data": 168}, "model": "block/custom/furniture/chairs/cozy_love_seat/wool_top/tuff" },
    { "predicate": { "custom_model_data": 169}, "model": "block/custom/furniture/chairs/cozy_love_seat/wool_top/amethyst_block" },
    { "predicate": { "custom_model_data": 170}, "model": "block/custom/furniture/chairs/cozy_love_seat/wool_top/magma" },

    { "predicate": { "custom_model_data": 181}, "model": "block/custom/furniture/chairs/cozy_sofa/wool_top/oak_planks" },
    { "predicate": { "custom_model_data": 182}, "model": "block/custom/furniture/chairs/cozy_sofa/wool_top/spruce_planks" },
    { "predicate": { "custom_model_data": 183}, "model": "block/custom/furniture/chairs/cozy_sofa/wool_top/birch_planks" },
    { "predicate": { "custom_model_data": 184}, "model": "block/custom/furniture/chairs/cozy_sofa/wool_top/jungle_planks" },
    { "predicate": { "custom_model_data": 185}, "model": "block/custom/furniture/chairs/cozy_sofa/wool_top/acacia_planks" },
    { "predicate": { "custom_model_data": 187}, "model": "block/custom/furniture/chairs/cozy_sofa/wool_top/dark_oak_planks" },
    { "predicate": { "custom_model_data": 188}, "model": "block/custom/furniture/chairs/cozy_sofa/wool_top/crimson_planks" },
    { "predicate": { "custom_model_data": 189}, "model": "block/custom/furniture/chairs/cozy_sofa/wool_top/warped_planks" },
    { "predicate": { "custom_model_data": 190}, "model": "block/custom/furniture/chairs/cozy_sofa/wool_top/oak_log" },
    { "predicate": { "custom_model_data": 191}, "model": "block/custom/furniture/chairs/cozy_sofa/wool_top/spruce_log" },
    { "predicate": { "custom_model_data": 192}, "model": "block/custom/furniture/chairs/cozy_sofa/wool_top/birch_log" },
    { "predicate": { "custom_model_data": 193}, "model": "block/custom/furniture/chairs/cozy_sofa/wool_top/jungle_log" },
    { "predicate": { "custom_model_data": 194}, "model": "block/custom/furniture/chairs/cozy_sofa/wool_top/acacia_log" },
    { "predicate": { "custom_model_data": 195}, "model": "block/custom/furniture/chairs/cozy_sofa/wool_top/dark_oak_log" },
    { "predicate": { "custom_model_data": 196}, "model": "block/custom/furniture/chairs/cozy_sofa/wool_top/oak_log_top" },
    { "predicate": { "custom_model_data": 197}, "model": "block/custom/furniture/chairs/cozy_sofa/wool_top/spruce_log_top" },
    { "predicate": { "custom_model_data": 198}, "model": "block/custom/furniture/chairs/cozy_sofa/wool_top/birch_log_top" },
    { "predicate": { "custom_model_data": 199}, "model": "block/custom/furniture/chairs/cozy_sofa/wool_top/jungle_log_top" },
    { "predicate": { "custom_model_data": 200}, "model": "block/custom/furniture/chairs/cozy_sofa/wool_top/acacia_log_top" },
    { "predicate": { "custom_model_data": 201}, "model": "block/custom/furniture/chairs/cozy_sofa/wool_top/dark_oak_log_top" },
    { "predicate": { "custom_model_data": 202}, "model": "block/custom/furniture/chairs/cozy_sofa/wool_top/stripped_oak_log" },
    { "predicate": { "custom_model_data": 203}, "model": "block/custom/furniture/chairs/cozy_sofa/wool_top/stripped_spruce_log" },
    { "predicate": { "custom_model_data": 204}, "model": "block/custom/furniture/chairs/cozy_sofa/wool_top/stripped_birch_log" },
    { "predicate": { "custom_model_data": 205}, "model": "block/custom/furniture/chairs/cozy_sofa/wool_top/stripped_jungle_log" },
    { "predicate": { "custom_model_data": 206}, "model": "block/custom/furniture/chairs/cozy_sofa/wool_top/stripped_acacia_log" },
    { "predicate": { "custom_model_data": 207}, "model": "block/custom/furniture/chairs/cozy_sofa/wool_top/stripped_dark_oak_log" },
    { "predicate": { "custom_model_data": 208}, "model": "block/custom/furniture/chairs/cozy_sofa/wool_top/stripped_crimson_stem" },
    { "predicate": { "custom_model_data": 209}, "model": "block/custom/furniture/chairs/cozy_sofa/wool_top/stripped_warped_stem" },
    { "predicate": { "custom_model_data": 210}, "model": "block/custom/furniture/chairs/cozy_sofa/wool_top/stripped_oak_log_top" },
    { "predicate": { "custom_model_data": 211}, "model": "block/custom/furniture/chairs/cozy_sofa/wool_top/stripped_spruce_log_top" },
    { "predicate": { "custom_model_data": 212}, "model": "block/custom/furniture/chairs/cozy_sofa/wool_top/stripped_birch_log_top" },
    { "predicate": { "custom_model_data": 213}, "model": "block/custom/furniture/chairs/cozy_sofa/wool_top/stripped_jungle_log_top" },
    { "predicate": { "custom_model_data": 214}, "model": "block/custom/furniture/chairs/cozy_sofa/wool_top/stripped_acacia_log_top" },
    { "predicate": { "custom_model_data": 215}, "model": "block/custom/furniture/chairs/cozy_sofa/wool_top/stripped_dark_oak_log_top" },
    { "predicate": { "custom_model_data": 216}, "model": "block/custom/furniture/chairs/cozy_sofa/wool_top/stripped_crimson_stem_top" },
    { "predicate": { "custom_model_data": 217}, "model": "block/custom/furniture/chairs/cozy_sofa/wool_top/stripped_warped_stem_top" },
    { "predicate": { "custom_model_data": 218}, "model": "block/custom/furniture/chairs/cozy_sofa/wool_top/gold_block" },
    { "predicate": { "custom_model_data": 219}, "model": "block/custom/furniture/chairs/cozy_sofa/wool_top/diamond_block" },
    { "predicate": { "custom_model_data": 220}, "model": "block/custom/furniture/chairs/cozy_sofa/wool_top/emerald_block" },
    { "predicate": { "custom_model_data": 221}, "model": "block/custom/furniture/chairs/cozy_sofa/wool_top/iron_block" },
    { "predicate": { "custom_model_data": 222}, "model": "block/custom/furniture/chairs/cozy_sofa/wool_top/copper_block" },
    { "predicate": { "custom_model_data": 223}, "model": "block/custom/furniture/chairs/cozy_sofa/wool_top/exposed_copper" },
    { "predicate": { "custom_model_data": 224}, "model": "block/custom/furniture/chairs/cozy_sofa/wool_top/weathered_copper" },
    { "predicate": { "custom_model_data": 225}, "model": "block/custom/furniture/chairs/cozy_sofa/wool_top/barrel_side" },
    { "predicate": { "custom_model_data": 226}, "model": "block/custom/furniture/chairs/cozy_sofa/wool_top/bedrock" },
    { "predicate": { "custom_model_data": 227}, "model": "block/custom/furniture/chairs/cozy_sofa/wool_top/andesite" },
    { "predicate": { "custom_model_data": 228}, "model": "block/custom/furniture/chairs/cozy_sofa/wool_top/bamboo_stalk" },
    { "predicate": { "custom_model_data": 229}, "model": "block/custom/furniture/chairs/cozy_sofa/wool_top/basalt_side" },
    { "predicate": { "custom_model_data": 230}, "model": "block/custom/furniture/chairs/cozy_sofa/wool_top/basalt_top" },
    { "predicate": { "custom_model_data": 231}, "model": "block/custom/furniture/chairs/cozy_sofa/wool_top/chiseled_quartz_block" },
    { "predicate": { "custom_model_data": 232}, "model": "block/custom/furniture/chairs/cozy_sofa/wool_top/deepslate" },
    { "predicate": { "custom_model_data": 233}, "model": "block/custom/furniture/chairs/cozy_sofa/wool_top/deepslate_top" },
    { "predicate": { "custom_model_data": 234}, "model": "block/custom/furniture/chairs/cozy_sofa/wool_top/deepslate_bricks" },
    { "predicate": { "custom_model_data": 235}, "model": "block/custom/furniture/chairs/cozy_sofa/wool_top/deepslate_tiles" },
    { "predicate": { "custom_model_data": 236}, "model": "block/custom/furniture/chairs/cozy_sofa/wool_top/diorite" },
    { "predicate": { "custom_model_data": 237}, "model": "block/custom/furniture/chairs/cozy_sofa/wool_top/end_stone" },
    { "predicate": { "custom_model_data": 238}, "model": "block/custom/furniture/chairs/cozy_sofa/wool_top/end_stone_bricks" },
    { "predicate": { "custom_model_data": 239}, "model": "block/custom/furniture/chairs/cozy_sofa/wool_top/gravel" },
    { "predicate": { "custom_model_data": 240}, "model": "block/custom/furniture/chairs/cozy_sofa/wool_top/polished_andesite" },
    { "predicate": { "custom_model_data": 241}, "model": "block/custom/furniture/chairs/cozy_sofa/wool_top/polished_basalt_side" },
    { "predicate": { "custom_model_data": 242}, "model": "block/custom/furniture/chairs/cozy_sofa/wool_top/polished_basalt_top" },
    { "predicate": { "custom_model_data": 243}, "model": "block/custom/furniture/chairs/cozy_sofa/wool_top/polished_blackstone" },
    { "predicate": { "custom_model_data": 244}, "model": "block/custom/furniture/chairs/cozy_sofa/wool_top/polished_blackstone_bricks" },
    { "predicate": { "custom_model_data": 245}, "model": "block/custom/furniture/chairs/cozy_sofa/wool_top/polished_deepslate" },
    { "predicate": { "custom_model_data": 246}, "model": "block/custom/furniture/chairs/cozy_sofa/wool_top/polished_diorite" },
    { "predicate": { "custom_model_data": 247}, "model": "block/custom/furniture/chairs/cozy_sofa/wool_top/polished_granite" },
    { "predicate": { "custom_model_data": 248}, "model": "block/custom/furniture/chairs/cozy_sofa/wool_top/granite" },
    { "predicate": { "custom_model_data": 249}, "model": "block/custom/furniture/chairs/cozy_sofa/wool_top/pumpkin_side" },
    { "predicate": { "custom_model_data": 250}, "model": "block/custom/furniture/chairs/cozy_sofa/wool_top/purpur_block" },
    { "predicate": { "custom_model_data": 251}, "model": "block/custom/furniture/chairs/cozy_sofa/wool_top/quartz_block_bottom" },
    { "predicate": { "custom_model_data": 252}, "model": "block/custom/furniture/chairs/cozy_sofa/wool_top/purpur_pillar" },
    { "predicate": { "custom_model_data": 253}, "model": "block/custom/furniture/chairs/cozy_sofa/wool_top/purpur_pillar_top" },
    { "predicate": { "custom_model_data": 254}, "model": "block/custom/furniture/chairs/cozy_sofa/wool_top/quartz_pillar" },
    { "predicate": { "custom_model_data": 255}, "model": "block/custom/furniture/chairs/cozy_sofa/wool_top/quartz_pillar_top" },
    { "predicate": { "custom_model_data": 256}, "model": "block/custom/furniture/chairs/cozy_sofa/wool_top/stone" },
    { "predicate": { "custom_model_data": 257}, "model": "block/custom/furniture/chairs/cozy_sofa/wool_top/stone_bricks" },
    { "predicate": { "custom_model_data": 258}, "model": "block/custom/furniture/chairs/cozy_sofa/wool_top/tuff" },
    { "predicate": { "custom_model_data": 259}, "model": "block/custom/furniture/chairs/cozy_sofa/wool_top/amethyst_block" },
    { "predicate": { "custom_model_data": 260}, "model": "block/custom/furniture/chairs/cozy_sofa/wool_top/magma" },

    { "predicate": { "custom_model_data": 666001}, "model": "item/custom/halloween/morbid_horns" },
    { "predicate": { "custom_model_data": 666002}, "model": "item/custom/halloween/sinful_horns" },
    { "predicate": { "custom_model_data": 666003}, "model": "item/custom/halloween/texas_long_horns" },
    { "predicate": { "custom_model_data": 666004}, "model": "item/custom/halloween/thunder_horns" },
    { "predicate": { "custom_model_data": 666005}, "model": "item/custom/halloween/underlord_horns" },
    { "predicate": { "custom_model_data": 666006}, "model": "item/custom/halloween/valkyrie_horns" },
    { "predicate": { "custom_model_data": 666007}, "model": "item/custom/halloween/vile_horns" },
    { "predicate": { "custom_model_data": 666008}, "model": "item/custom/halloween/war_horns" },

    { "predicate": { "custom_model_data": 1000001}, "model": "item/custom/devices/wrench/redstone/iron/acasia" },
    { "predicate": { "custom_model_data": 1000002}, "model": "item/custom/devices/wrench/redstone/iron/acasia_banded" },
    { "predicate": { "custom_model_data": 1000003}, "model": "item/custom/devices/wrench/redstone/iron/birch" },
    { "predicate": { "custom_model_data": 1000004}, "model": "item/custom/devices/wrench/redstone/iron/birch_banded" },
    { "predicate": { "custom_model_data": 1000005}, "model": "item/custom/devices/wrench/redstone/iron/dark_oak" },
    { "predicate": { "custom_model_data": 1000006}, "model": "item/custom/devices/wrench/redstone/iron/dark_oak_banded" },
    { "predicate": { "custom_model_data": 1000007}, "model": "item/custom/devices/wrench/redstone/iron/jungle" },
    { "predicate": { "custom_model_data": 1000008}, "model": "item/custom/devices/wrench/redstone/iron/jungle_banded" },
    { "predicate": { "custom_model_data": 1000009}, "model": "item/custom/devices/wrench/redstone/iron/oak" },
    { "predicate": { "custom_model_data": 1000010}, "model": "item/custom/devices/wrench/redstone/iron/oak_banded" },
    { "predicate": { "custom_model_data": 1000011}, "model": "item/custom/devices/wrench/redstone/iron/spruce" },
    { "predicate": { "custom_model_data": 1000012}, "model": "item/custom/devices/wrench/redstone/iron/spruce_banded" },

    { "predicate": { "custom_model_data": 1000013}, "model": "item/custom/devices/wrench/redstone/copper/acasia" },
    { "predicate": { "custom_model_data": 1000014}, "model": "item/custom/devices/wrench/redstone/copper/acasia_banded" },
    { "predicate": { "custom_model_data": 1000015}, "model": "item/custom/devices/wrench/redstone/copper/birch" },
    { "predicate": { "custom_model_data": 1000016}, "model": "item/custom/devices/wrench/redstone/copper/birch_banded" },
    { "predicate": { "custom_model_data": 1000017}, "model": "item/custom/devices/wrench/redstone/copper/dark_oak" },
    { "predicate": { "custom_model_data": 1000018}, "model": "item/custom/devices/wrench/redstone/copper/dark_oak_banded" },
    { "predicate": { "custom_model_data": 1000019}, "model": "item/custom/devices/wrench/redstone/copper/jungle" },
    { "predicate": { "custom_model_data": 1000020}, "model": "item/custom/devices/wrench/redstone/copper/jungle_banded" },
    { "predicate": { "custom_model_data": 1000021}, "model": "item/custom/devices/wrench/redstone/copper/oak" },
    { "predicate": { "custom_model_data": 1000022}, "model": "item/custom/devices/wrench/redstone/copper/oak_banded" },
    { "predicate": { "custom_model_data": 1000023}, "model": "item/custom/devices/wrench/redstone/copper/spruce" },
    { "predicate": { "custom_model_data": 1000024}, "model": "item/custom/devices/wrench/redstone/copper/spruce_banded" },

    { "predicate": { "custom_model_data": 1000025}, "model": "item/custom/devices/wrench/redstone/gold/acasia" },
    { "predicate": { "custom_model_data": 1000026}, "model": "item/custom/devices/wrench/redstone/gold/acasia_banded" },
    { "predicate": { "custom_model_data": 1000027}, "model": "item/custom/devices/wrench/redstone/gold/birch" },
    { "predicate": { "custom_model_data": 1000028}, "model": "item/custom/devices/wrench/redstone/gold/birch_banded" },
    { "predicate": { "custom_model_data": 1000029}, "model": "item/custom/devices/wrench/redstone/gold/dark_oak" },
    { "predicate": { "custom_model_data": 1000030}, "model": "item/custom/devices/wrench/redstone/gold/dark_oak_banded" },
    { "predicate": { "custom_model_data": 1000031}, "model": "item/custom/devices/wrench/redstone/gold/jungle" },
    { "predicate": { "custom_model_data": 1000032}, "model": "item/custom/devices/wrench/redstone/gold/jungle_banded" },
    { "predicate": { "custom_model_data": 1000033}, "model": "item/custom/devices/wrench/redstone/gold/oak" },
    { "predicate": { "custom_model_data": 1000034}, "model": "item/custom/devices/wrench/redstone/gold/oak_banded" },
    { "predicate": { "custom_model_data": 1000035}, "model": "item/custom/devices/wrench/redstone/gold/spruce" },
    { "predicate": { "custom_model_data": 1000036}, "model": "item/custom/devices/wrench/redstone/gold/spruce_banded" },

    { "predicate": { "custom_model_data": 1000037}, "model": "item/custom/devices/wrench/redstone/diamond/acasia" },
    { "predicate": { "custom_model_data": 1000038}, "model": "item/custom/devices/wrench/redstone/diamond/acasia_banded" },
    { "predicate": { "custom_model_data": 1000039}, "model": "item/custom/devices/wrench/redstone/diamond/birch" },
    { "predicate": { "custom_model_data": 1000040}, "model": "item/custom/devices/wrench/redstone/diamond/birch_banded" },
    { "predicate": { "custom_model_data": 1000041}, "model": "item/custom/devices/wrench/redstone/diamond/dark_oak" },
    { "predicate": { "custom_model_data": 1000042}, "model": "item/custom/devices/wrench/redstone/diamond/dark_oak_banded" },
    { "predicate": { "custom_model_data": 1000043}, "model": "item/custom/devices/wrench/redstone/diamond/jungle" },
    { "predicate": { "custom_model_data": 1000044}, "model": "item/custom/devices/wrench/redstone/diamond/jungle_banded" },
    { "predicate": { "custom_model_data": 1000045}, "model": "item/custom/devices/wrench/redstone/diamond/oak" },
    { "predicate": { "custom_model_data": 1000046}, "model": "item/custom/devices/wrench/redstone/diamond/oak_banded" },
    { "predicate": { "custom_model_data": 1000047}, "model": "item/custom/devices/wrench/redstone/diamond/spruce" },
    { "predicate": { "custom_model_data": 1000048}, "model": "item/custom/devices/wrench/redstone/diamond/spruce_banded" },

    { "predicate": { "custom_model_data": 1225001}, "model": "item/custom/christmas/christmas_mimic_bottom" },
    { "predicate": { "custom_model_data": 1225002}, "model": "item/custom/christmas/christmas_mimic_top" },

    { "predicate": { "custom_model_data": 1300001}, "model": "item/custom/devices/large_drill" },
    { "predicate": { "custom_model_data": 1300002}, "model": "entity/custom/eggmobile" },
    { "predicate": { "custom_model_data": 1300003}, "model": "entity/custom/coil" },
    { "predicate": { "custom_model_data": 1300004}, "model": "entity/custom/turret/crossbow/test_base" },
    { "predicate": { "custom_model_data": 1300005}, "model": "entity/custom/turret/crossbow/test_bow" },
    { "predicate": { "custom_model_data": 1300006}, "model": "gui/custom/container/blank_test" },
    { "predicate": { "custom_model_data": 1300007}, "model": "entity/custom/turret/crossbow/backup_full" },
    { "predicate": { "custom_model_data": 1300008}, "model": "item/custom/devices/jump_pack_active" },

    { "predicate": { "custom_model_data": 1300009}, "model": "misc/custom/west_test" },
    { "predicate": { "custom_model_data": 1300010}, "model": "misc/custom/emoji_book/categories/people" },
    { "predicate": { "custom_model_data": 1300101}, "model": "misc/custom/letters/lowercase/a" },
    { "predicate": { "custom_model_data": 1300102}, "model": "misc/custom/letters/lowercase/b" },
    { "predicate": { "custom_model_data": 1300103}, "model": "misc/custom/letters/lowercase/c" },
    { "predicate": { "custom_model_data": 1300104}, "model": "misc/custom/letters/lowercase/d" },
    { "predicate": { "custom_model_data": 1300105}, "model": "misc/custom/letters/lowercase/e" },
    { "predicate": { "custom_model_data": 1300106}, "model": "misc/custom/letters/lowercase/f" },
    { "predicate": { "custom_model_data": 1300107}, "model": "misc/custom/letters/lowercase/g" },
    { "predicate": { "custom_model_data": 1300108}, "model": "misc/custom/letters/lowercase/h" },
    { "predicate": { "custom_model_data": 1300109}, "model": "misc/custom/letters/lowercase/i" },
    { "predicate": { "custom_model_data": 1300110}, "model": "misc/custom/letters/lowercase/j" },
    { "predicate": { "custom_model_data": 1300111}, "model": "misc/custom/letters/lowercase/k" },
    { "predicate": { "custom_model_data": 1300112}, "model": "misc/custom/letters/lowercase/l" },
    { "predicate": { "custom_model_data": 1300113}, "model": "misc/custom/letters/lowercase/m" },
    { "predicate": { "custom_model_data": 1300114}, "model": "misc/custom/letters/lowercase/n" },
    { "predicate": { "custom_model_data": 1300115}, "model": "misc/custom/letters/lowercase/o" },
    { "predicate": { "custom_model_data": 1300116}, "model": "misc/custom/letters/lowercase/p" },
    { "predicate": { "custom_model_data": 1300117}, "model": "misc/custom/letters/lowercase/q" },
    { "predicate": { "custom_model_data": 1300118}, "model": "misc/custom/letters/lowercase/r" },
    { "predicate": { "custom_model_data": 1300119}, "model": "misc/custom/letters/lowercase/s" },
    { "predicate": { "custom_model_data": 1300120}, "model": "misc/custom/letters/lowercase/t" },
    { "predicate": { "custom_model_data": 1300121}, "model": "misc/custom/letters/lowercase/u" },
    { "predicate": { "custom_model_data": 1300122}, "model": "misc/custom/letters/lowercase/v" },
    { "predicate": { "custom_model_data": 1300123}, "model": "misc/custom/letters/lowercase/w" },
    { "predicate": { "custom_model_data": 1300124}, "model": "misc/custom/letters/lowercase/x" },
    { "predicate": { "custom_model_data": 1300125}, "model": "misc/custom/letters/lowercase/y" },
    { "predicate": { "custom_model_data": 1300126}, "model": "misc/custom/letters/lowercase/z" }

  ]
}
