{
  "parent": "minecraft:item/handheld",
  "textures": {
    "layer0": "minecraft:item/stick"
  },
  "overrides": [
      { "predicate": { "custom_model_data": 1}, "model": "item/custom/devices/accessories/handle" },
      { "predicate": { "custom_model_data": 2}, "model": "item/custom/devices/accessories/iron_prong" },
      { "predicate": { "custom_model_data": 3}, "model": "item/custom/devices/accessories/obsidian_coated_iron_prong" },

      { "predicate": { "custom_model_data": 11}, "model": "item/custom/device_mounts/physical_property_device_mount" },
      { "predicate": { "custom_model_data": 12}, "model": "item/custom/device_mounts/portal_device_mount" },
      { "predicate": { "custom_model_data": 14}, "model": "item/custom/devices/accessories/energy_core_small" },


      { "predicate": { "custom_model_data": 100}, "model": "entity/custom/missiles/chainsaw_missle" },

      { "predicate": { "custom_model_data": 1000}, "model": "entity/custom/armor_stand/wooden_steve" },
      { "predicate": { "custom_model_data": 1001}, "model": "entity/custom/armor_stand/wooden_steve_half" },
      { "predicate": { "custom_model_data": 1002}, "model": "entity/custom/armor_stand/wooden_steve_half_partial" },
      { "predicate": { "custom_model_data": 1003}, "model": "entity/custom/armor_stand/wooden_steve_head" },

      { "predicate": { "custom_model_data": 1500}, "model": "item/custom/rainbow_dye" },
      { "predicate": { "custom_model_data": 1501}, "model": "item/custom/wrapped_book" },
      { "predicate": { "custom_model_data": 1502}, "model": "item/custom/book/red_wrapped" },
      { "predicate": { "custom_model_data": 1503}, "model": "item/custom/book/yellow_wrapped" },
      { "predicate": { "custom_model_data": 1504}, "model": "item/custom/book/green_wrapped" },
      { "predicate": { "custom_model_data": 1505}, "model": "item/custom/book/cyan_wrapped" },
      { "predicate": { "custom_model_data": 1506}, "model": "item/custom/book/blue_wrapped" },
      { "predicate": { "custom_model_data": 1507}, "model": "item/custom/book/purple_wrapped" },
      { "predicate": { "custom_model_data": 1510}, "model": "item/custom/metals/diamond_ingot" },
      { "predicate": { "custom_model_data": 1511}, "model": "item/custom/test" },
      { "predicate": { "custom_model_data": 1512}, "model": "item/custom/test2" },

      { "predicate": { "custom_model_data": 2000}, "model": "entity/custom/cogwheels/small_wooden" },
      { "predicate": { "custom_model_data": 2001}, "model": "entity/custom/cogwheels/large_wooden" },

      { "predicate": { "custom_model_data": 3001}, "model": "entity/custom/fishing_space" },
      { "predicate": { "custom_model_data": 3002}, "model": "gui/custom/container/buttons/yeah" },
      { "predicate": { "custom_model_data": 3003}, "model": "gui/custom/container/buttons/nah" }
  ]
}
