{
	"parent": "misc/custom/letters/letter_4",
	"elements": [
		{
			"from": [9.5, 5.5, 7.4375],
			"to": [10.5, 12.5, 8.4375],
			"rotation": {"angle": 0, "axis": "y", "origin": [23, 9.25, -0.5625]},
			"faces": {
				"north": {"uv": [0, 0, 1, 7], "texture": "#0", "tintindex": 0},
				"east": {"uv": [0, 0, 1, 7], "texture": "#0", "tintindex": 0},
				"south": {"uv": [0, 0, 1, 7], "texture": "#0", "tintindex": 0},
				"west": {"uv": [0, 0, 1, 7], "texture": "#0", "tintindex": 0},
				"up": {"uv": [0, 0, 1, 1], "texture": "#0", "tintindex": 0},
				"down": {"uv": [0, 0, 1, 1], "texture": "#0", "tintindex": 0}
			}
		},
		{
			"from": [8.5, 8.5, 7.4375],
			"to": [9.5, 9.5, 8.4375],
			"rotation": {"angle": 0, "axis": "y", "origin": [23, 9.25, -0.5625]},
			"faces": {
				"north": {"uv": [0, 0, 1, 1], "texture": "#0", "tintindex": 0},
				"east": {"uv": [0, 0, 1, 1], "texture": "#0", "tintindex": 0},
				"south": {"uv": [0, 0, 1, 1], "texture": "#0", "tintindex": 0},
				"west": {"uv": [0, 0, 1, 1], "texture": "#0", "tintindex": 0},
				"up": {"uv": [0, 0, 1, 1], "texture": "#0", "tintindex": 0},
				"down": {"uv": [0, 0, 1, 1], "texture": "#0", "tintindex": 0}
			}
		},
		{
			"from": [6.5, 9.5, 7.4375],
			"to": [8.5, 10.5, 8.4375],
			"rotation": {"angle": 0, "axis": "y", "origin": [23, 9.25, -0.5625]},
			"faces": {
				"north": {"uv": [0, 0, 2, 1], "texture": "#0", "tintindex": 0},
				"east": {"uv": [0, 0, 1, 1], "texture": "#0", "tintindex": 0},
				"south": {"uv": [0, 0, 2, 1], "texture": "#0", "tintindex": 0},
				"west": {"uv": [0, 0, 1, 1], "texture": "#0", "tintindex": 0},
				"up": {"uv": [0, 0, 2, 1], "texture": "#0", "tintindex": 0},
				"down": {"uv": [0, 0, 2, 1], "texture": "#0", "tintindex": 0}
			}
		},
		{
			"from": [5.5, 5.5, 7.4375],
			"to": [6.5, 9.5, 8.4375],
			"rotation": {"angle": 0, "axis": "y", "origin": [23, 9.25, -0.5625]},
			"faces": {
				"north": {"uv": [0, 0, 1, 4], "texture": "#0", "tintindex": 0},
				"east": {"uv": [0, 0, 1, 4], "texture": "#0", "tintindex": 0},
				"south": {"uv": [0, 0, 1, 4], "texture": "#0", "tintindex": 0},
				"west": {"uv": [0, 0, 1, 4], "texture": "#0", "tintindex": 0},
				"up": {"uv": [0, 0, 1, 1], "texture": "#0", "tintindex": 0},
				"down": {"uv": [0, 0, 1, 1], "texture": "#0", "tintindex": 0}
			}
		}
	],
	"groups": [
		{
			"name": "h",
			"origin": [23, 9.25, -0.5625],
			"color": 0,
			"children": [0, 1, 2, 3]
		}
	]
}
