{
	"parent": "misc/custom/letters/letter_4",
	"elements": [
		{
			"from": [9.5, 5.5, 7.1875],
			"to": [10.5, 10.5, 8.1875],
			"rotation": {"angle": 0, "axis": "y", "origin": [-21, 7.04, 2.6875]},
			"faces": {
				"north": {"uv": [0, 0, 1, 5], "texture": "#0", "tintindex": 0},
				"east": {"uv": [0, 0, 1, 5], "texture": "#0", "tintindex": 0},
				"south": {"uv": [0, 0, 1, 5], "texture": "#0", "tintindex": 0},
				"west": {"uv": [0, 0, 1, 5], "texture": "#0", "tintindex": 0},
				"up": {"uv": [0, 0, 1, 1], "texture": "#0", "tintindex": 0},
				"down": {"uv": [0, 0, 1, 1], "texture": "#0", "tintindex": 0}
			}
		},
		{
			"from": [9.5, 11.5, 7.1875],
			"to": [10.5, 12.5, 8.1875],
			"rotation": {"angle": 0, "axis": "y", "origin": [-21, 7.04, 2.6875]},
			"faces": {
				"north": {"uv": [0, 0, 1, 1], "texture": "#0", "tintindex": 0},
				"east": {"uv": [0, 0, 1, 1], "texture": "#0", "tintindex": 0},
				"south": {"uv": [0, 0, 1, 1], "texture": "#0", "tintindex": 0},
				"west": {"uv": [0, 0, 1, 1], "texture": "#0", "tintindex": 0},
				"up": {"uv": [0, 0, 1, 1], "texture": "#0", "tintindex": 0},
				"down": {"uv": [0, 0, 1, 1], "texture": "#0", "tintindex": 0}
			}
		}
	],
	"display": {
		"head": {
			"scale": [4, 4, 4]
		}
	}
}
