{
	"parent": "misc/custom/letters/letter_4",
	"elements": [
		{
			"from": [9.5, 5.52, 7.1875],
			"to": [10.5, 7.52, 8.1875],
			"rotation": {"angle": 0, "axis": "y", "origin": [-17, 8.52, 2.6875]},
			"faces": {
				"north": {"uv": [0, 0, 1, 2], "texture": "#0", "tintindex": 0},
				"east": {"uv": [0, 0, 1, 2], "texture": "#0", "tintindex": 0},
				"south": {"uv": [0, 0, 1, 2], "texture": "#0", "tintindex": 0},
				"west": {"uv": [0, 0, 1, 2], "texture": "#0", "tintindex": 0},
				"up": {"uv": [0, 0, 1, 1], "texture": "#0", "tintindex": 0},
				"down": {"uv": [0, 0, 1, 1], "texture": "#0", "tintindex": 0}
			}
		},
		{
			"from": [6.5, 4.52, 7.1875],
			"to": [9.5, 5.52, 8.1875],
			"rotation": {"angle": 0, "axis": "y", "origin": [-17, 8.52, 2.6875]},
			"faces": {
				"north": {"uv": [0, 0, 3, 1], "texture": "#0", "tintindex": 0},
				"east": {"uv": [0, 0, 1, 1], "texture": "#0", "tintindex": 0},
				"south": {"uv": [0, 0, 3, 1], "texture": "#0", "tintindex": 0},
				"west": {"uv": [0, 0, 1, 1], "texture": "#0", "tintindex": 0},
				"up": {"uv": [0, 0, 3, 1], "texture": "#0", "tintindex": 0},
				"down": {"uv": [0, 0, 3, 1], "texture": "#0", "tintindex": 0}
			}
		},
		{
			"from": [5.5, 5.52, 7.1875],
			"to": [6.5, 10.52, 8.1875],
			"rotation": {"angle": 0, "axis": "y", "origin": [-17, 8.52, 2.6875]},
			"faces": {
				"north": {"uv": [0, 0, 1, 5], "texture": "#0", "tintindex": 0},
				"east": {"uv": [0, 0, 1, 5], "texture": "#0", "tintindex": 0},
				"south": {"uv": [0, 0, 1, 5], "texture": "#0", "tintindex": 0},
				"west": {"uv": [0, 0, 1, 5], "texture": "#0", "tintindex": 0},
				"up": {"uv": [0, 0, 1, 1], "texture": "#0", "tintindex": 0},
				"down": {"uv": [0, 0, 1, 1], "texture": "#0", "tintindex": 0}
			}
		},
		{
			"from": [5.5, 11.48, 7.1875],
			"to": [6.5, 12.48, 8.1875],
			"rotation": {"angle": 0, "axis": "y", "origin": [-17, 8.52, 2.6875]},
			"faces": {
				"north": {"uv": [0, 0, 1, 1], "texture": "#0", "tintindex": 0},
				"east": {"uv": [0, 0, 1, 1], "texture": "#0", "tintindex": 0},
				"south": {"uv": [0, 0, 1, 1], "texture": "#0", "tintindex": 0},
				"west": {"uv": [0, 0, 1, 1], "texture": "#0", "tintindex": 0},
				"up": {"uv": [0, 0, 1, 1], "texture": "#0", "tintindex": 0},
				"down": {"uv": [0, 0, 1, 1], "texture": "#0", "tintindex": 0}
			}
		}
	],
	"groups": [
		{
			"name": "j",
			"origin": [-17, 8.52, 2.6875],
			"color": 0,
			"children": [0, 1, 2, 3]
		}
	]
}
