{
	"parent": "misc/custom/letters/letter_4",
	"elements": [
		{
			"from": [8, 7.5, 7.1875],
			"to": [9, 8.5, 8.1875],
			"rotation": {"angle": 0, "axis": "y", "origin": [-11.5, 9.04, 2.6875]},
			"faces": {
				"north": {"uv": [0, 0, 1, 1], "texture": "#0", "tintindex": 0},
				"east": {"uv": [0, 0, 1, 1], "texture": "#0", "tintindex": 0},
				"south": {"uv": [0, 0, 1, 1], "texture": "#0", "tintindex": 0},
				"west": {"uv": [0, 0, 1, 1], "texture": "#0", "tintindex": 0},
				"up": {"uv": [0, 0, 1, 1], "texture": "#0", "tintindex": 0},
				"down": {"uv": [0, 0, 1, 1], "texture": "#0", "tintindex": 0}
			}
		},
		{
			"from": [9, 5.5, 7.1875],
			"to": [10, 12.5, 8.1875],
			"rotation": {"angle": 0, "axis": "y", "origin": [-11.5, 9.04, 2.6875]},
			"faces": {
				"north": {"uv": [0, 0, 1, 7], "texture": "#0", "tintindex": 0},
				"east": {"uv": [0, 0, 1, 7], "texture": "#0", "tintindex": 0},
				"south": {"uv": [0, 0, 1, 7], "texture": "#0", "tintindex": 0},
				"west": {"uv": [0, 0, 1, 7], "texture": "#0", "tintindex": 0},
				"up": {"uv": [0, 0, 1, 1], "texture": "#0", "tintindex": 0},
				"down": {"uv": [0, 0, 1, 1], "texture": "#0", "tintindex": 0}
			}
		},
		{
			"from": [7, 8.5, 7.1875],
			"to": [8, 9.5, 8.1875],
			"rotation": {"angle": 0, "axis": "y", "origin": [-11.5, 9.04, 2.6875]},
			"faces": {
				"north": {"uv": [0, 0, 1, 1], "texture": "#0", "tintindex": 0},
				"east": {"uv": [0, 0, 1, 1], "texture": "#0", "tintindex": 0},
				"south": {"uv": [0, 0, 1, 1], "texture": "#0", "tintindex": 0},
				"west": {"uv": [0, 0, 1, 1], "texture": "#0", "tintindex": 0},
				"up": {"uv": [0, 0, 1, 1], "texture": "#0", "tintindex": 0},
				"down": {"uv": [0, 0, 1, 1], "texture": "#0", "tintindex": 0}
			}
		},
		{
			"from": [6, 9.5, 7.1875],
			"to": [7, 10.5, 8.1875],
			"rotation": {"angle": 0, "axis": "y", "origin": [-11.5, 9.04, 2.6875]},
			"faces": {
				"north": {"uv": [0, 0, 1, 1], "texture": "#0", "tintindex": 0},
				"east": {"uv": [0, 0, 1, 1], "texture": "#0", "tintindex": 0},
				"south": {"uv": [0, 0, 1, 1], "texture": "#0", "tintindex": 0},
				"west": {"uv": [0, 0, 1, 1], "texture": "#0", "tintindex": 0},
				"up": {"uv": [0, 0, 1, 1], "texture": "#0", "tintindex": 0},
				"down": {"uv": [0, 0, 1, 1], "texture": "#0", "tintindex": 0}
			}
		},
		{
			"from": [7, 6.5, 7.1875],
			"to": [8, 7.5, 8.1875],
			"rotation": {"angle": 0, "axis": "y", "origin": [-11.5, 9.04, 2.6875]},
			"faces": {
				"north": {"uv": [0, 0, 1, 1], "texture": "#0", "tintindex": 0},
				"east": {"uv": [0, 0, 1, 1], "texture": "#0", "tintindex": 0},
				"south": {"uv": [0, 0, 1, 1], "texture": "#0", "tintindex": 0},
				"west": {"uv": [0, 0, 1, 1], "texture": "#0", "tintindex": 0},
				"up": {"uv": [0, 0, 1, 1], "texture": "#0", "tintindex": 0},
				"down": {"uv": [0, 0, 1, 1], "texture": "#0", "tintindex": 0}
			}
		},
		{
			"from": [6, 5.5, 7.1875],
			"to": [7, 6.5, 8.1875],
			"rotation": {"angle": 0, "axis": "y", "origin": [-11.5, 9.04, 2.6875]},
			"faces": {
				"north": {"uv": [0, 0, 1, 1], "texture": "#0", "tintindex": 0},
				"east": {"uv": [0, 0, 1, 1], "texture": "#0", "tintindex": 0},
				"south": {"uv": [0, 0, 1, 1], "texture": "#0", "tintindex": 0},
				"west": {"uv": [0, 0, 1, 1], "texture": "#0", "tintindex": 0},
				"up": {"uv": [0, 0, 1, 1], "texture": "#0", "tintindex": 0},
				"down": {"uv": [0, 0, 1, 1], "texture": "#0", "tintindex": 0}
			}
		}
	],
	"groups": [
		{
			"name": "k",
			"origin": [-11.5, 9.04, 2.6875],
			"color": 0,
			"children": [0, 1, 2, 3, 4, 5]
		}
	]
}
