{
	"parent": "misc/custom/letters/letter_4",
	"elements": [
		{
			"from": [9.5, 4.46, 7.1875],
			"to": [10.5, 10.46, 8.1875],
			"rotation": {"angle": 0, "axis": "y", "origin": [15, 8.54, 2.6875]},
			"faces": {
				"north": {"uv": [0, 0, 1, 6], "texture": "#0", "tintindex": 0},
				"east": {"uv": [0, 0, 1, 6], "texture": "#0", "tintindex": 0},
				"south": {"uv": [0, 0, 1, 6], "texture": "#0", "tintindex": 0},
				"west": {"uv": [0, 0, 1, 6], "texture": "#0", "tintindex": 0},
				"up": {"uv": [0, 0, 1, 1], "texture": "#0", "tintindex": 0},
				"down": {"uv": [0, 0, 1, 1], "texture": "#0", "tintindex": 0}
			}
		},
		{
			"from": [6.5, 9.46, 7.1875],
			"to": [8.5, 10.46, 8.1875],
			"rotation": {"angle": 0, "axis": "y", "origin": [15, 8.54, 2.6875]},
			"faces": {
				"north": {"uv": [0, 0, 2, 1], "texture": "#0", "tintindex": 0},
				"east": {"uv": [0, 0, 1, 1], "texture": "#0", "tintindex": 0},
				"south": {"uv": [0, 0, 2, 1], "texture": "#0", "tintindex": 0},
				"west": {"uv": [0, 0, 1, 1], "texture": "#0", "tintindex": 0},
				"up": {"uv": [0, 0, 2, 1], "texture": "#0", "tintindex": 0},
				"down": {"uv": [0, 0, 2, 1], "texture": "#0", "tintindex": 0}
			}
		},
		{
			"from": [5.5, 7.46, 7.1875],
			"to": [6.5, 9.46, 8.1875],
			"rotation": {"angle": 0, "axis": "y", "origin": [15, 8.54, 2.6875]},
			"faces": {
				"north": {"uv": [0, 0, 1, 2], "texture": "#0", "tintindex": 0},
				"east": {"uv": [0, 0, 1, 2], "texture": "#0", "tintindex": 0},
				"south": {"uv": [0, 0, 1, 2], "texture": "#0", "tintindex": 0},
				"west": {"uv": [0, 0, 1, 2], "texture": "#0", "tintindex": 0},
				"up": {"uv": [0, 0, 1, 1], "texture": "#0", "tintindex": 0},
				"down": {"uv": [0, 0, 1, 1], "texture": "#0", "tintindex": 0}
			}
		},
		{
			"from": [6.5, 6.46, 7.1875],
			"to": [9.5, 7.46, 8.1875],
			"rotation": {"angle": 0, "axis": "y", "origin": [15, 8.54, 2.6875]},
			"faces": {
				"north": {"uv": [0, 0, 3, 1], "texture": "#0", "tintindex": 0},
				"east": {"uv": [0, 0, 1, 1], "texture": "#0", "tintindex": 0},
				"south": {"uv": [0, 0, 3, 1], "texture": "#0", "tintindex": 0},
				"west": {"uv": [0, 0, 1, 1], "texture": "#0", "tintindex": 0},
				"up": {"uv": [0, 0, 3, 1], "texture": "#0", "tintindex": 0},
				"down": {"uv": [0, 0, 3, 1], "texture": "#0", "tintindex": 0}
			}
		},
		{
			"from": [8.5, 8.46, 7.1875],
			"to": [9.5, 9.46, 8.1875],
			"rotation": {"angle": 0, "axis": "y", "origin": [15, 8.54, 2.6875]},
			"faces": {
				"north": {"uv": [0, 0, 1, 1], "texture": "#0", "tintindex": 0},
				"east": {"uv": [0, 0, 1, 1], "texture": "#0", "tintindex": 0},
				"south": {"uv": [0, 0, 1, 1], "texture": "#0", "tintindex": 0},
				"west": {"uv": [0, 0, 1, 1], "texture": "#0", "tintindex": 0},
				"up": {"uv": [0, 0, 1, 1], "texture": "#0", "tintindex": 0},
				"down": {"uv": [0, 0, 1, 1], "texture": "#0", "tintindex": 0}
			}
		}
	],
	"groups": [
		{
			"name": "p",
			"origin": [15, 8.54, 2.6875],
			"color": 0,
			"children": [0, 1, 2, 3, 4]
		}
	]
}
