{
	"parent": "misc/custom/letters/letter_4",
	"elements": [
		{
			"from": [6.5, 5.5, 7.21875],
			"to": [10.5, 6.5, 8.21875],
			"rotation": {"angle": 0, "axis": "y", "origin": [-13, 9, 6.71875]},
			"faces": {
				"north": {"uv": [0, 0, 4, 1], "texture": "#0", "tintindex": 0},
				"east": {"uv": [0, 0, 1, 1], "texture": "#0", "tintindex": 0},
				"south": {"uv": [0, 0, 4, 1], "texture": "#0", "tintindex": 0},
				"west": {"uv": [0, 0, 1, 1], "texture": "#0", "tintindex": 0},
				"up": {"uv": [0, 0, 4, 1], "texture": "#0", "tintindex": 0},
				"down": {"uv": [0, 0, 4, 1], "texture": "#0", "tintindex": 0}
			}
		},
		{
			"from": [5.5, 6.5, 7.21875],
			"to": [6.5, 7.5, 8.21875],
			"rotation": {"angle": 0, "axis": "y", "origin": [-13, 9, 6.71875]},
			"faces": {
				"north": {"uv": [0, 0, 1, 1], "texture": "#0", "tintindex": 0},
				"east": {"uv": [0, 0, 1, 1], "texture": "#0", "tintindex": 0},
				"south": {"uv": [0, 0, 1, 1], "texture": "#0", "tintindex": 0},
				"west": {"uv": [0, 0, 1, 1], "texture": "#0", "tintindex": 0},
				"up": {"uv": [0, 0, 1, 1], "texture": "#0", "tintindex": 0},
				"down": {"uv": [0, 0, 1, 1], "texture": "#0", "tintindex": 0}
			}
		},
		{
			"from": [6.5, 7.5, 7.21875],
			"to": [9.5, 8.5, 8.21875],
			"rotation": {"angle": 0, "axis": "y", "origin": [-13, 9, 6.71875]},
			"faces": {
				"north": {"uv": [0, 0, 3, 1], "texture": "#0", "tintindex": 0},
				"east": {"uv": [0, 0, 1, 1], "texture": "#0", "tintindex": 0},
				"south": {"uv": [0, 0, 3, 1], "texture": "#0", "tintindex": 0},
				"west": {"uv": [0, 0, 1, 1], "texture": "#0", "tintindex": 0},
				"up": {"uv": [0, 0, 3, 1], "texture": "#0", "tintindex": 0},
				"down": {"uv": [0, 0, 3, 1], "texture": "#0", "tintindex": 0}
			}
		},
		{
			"from": [9.5, 8.5, 7.21875],
			"to": [10.5, 9.5, 8.21875],
			"rotation": {"angle": 0, "axis": "y", "origin": [-13, 9, 6.71875]},
			"faces": {
				"north": {"uv": [0, 0, 1, 1], "texture": "#0", "tintindex": 0},
				"east": {"uv": [0, 0, 1, 1], "texture": "#0", "tintindex": 0},
				"south": {"uv": [0, 0, 1, 1], "texture": "#0", "tintindex": 0},
				"west": {"uv": [0, 0, 1, 1], "texture": "#0", "tintindex": 0},
				"up": {"uv": [0, 0, 1, 1], "texture": "#0", "tintindex": 0},
				"down": {"uv": [0, 0, 1, 1], "texture": "#0", "tintindex": 0}
			}
		},
		{
			"from": [5.5, 9.5, 7.21875],
			"to": [9.5, 10.5, 8.21875],
			"rotation": {"angle": 0, "axis": "y", "origin": [-13, 9, 6.71875]},
			"faces": {
				"north": {"uv": [0, 0, 4, 1], "texture": "#0", "tintindex": 0},
				"east": {"uv": [0, 0, 1, 1], "texture": "#0", "tintindex": 0},
				"south": {"uv": [0, 0, 4, 1], "texture": "#0", "tintindex": 0},
				"west": {"uv": [0, 0, 1, 1], "texture": "#0", "tintindex": 0},
				"up": {"uv": [0, 0, 4, 1], "texture": "#0", "tintindex": 0},
				"down": {"uv": [0, 0, 4, 1], "texture": "#0", "tintindex": 0}
			}
		}
	],
	"display": {
		"head": {
			"scale": [4, 4, 4]
		}
	}
}
