{
	"parent": "misc/custom/letters/letter_4",
	"elements": [
		{
			"from": [8.5, 10.5, 7.21875],
			"to": [9.5, 11.5, 8.21875],
			"rotation": {"angle": 0, "axis": "y", "origin": [-8, 8.5, 6.71875]},
			"faces": {
				"north": {"uv": [0, 0, 1, 1], "texture": "#0", "tintindex": 0},
				"east": {"uv": [0, 0, 1, 1], "texture": "#0", "tintindex": 0},
				"south": {"uv": [0, 0, 1, 1], "texture": "#0", "tintindex": 0},
				"west": {"uv": [0, 0, 1, 1], "texture": "#0", "tintindex": 0},
				"up": {"uv": [0, 0, 1, 1], "texture": "#0", "tintindex": 0},
				"down": {"uv": [0, 0, 1, 1], "texture": "#0", "tintindex": 0}
			}
		},
		{
			"from": [6.5, 10.5, 7.21875],
			"to": [7.5, 11.5, 8.21875],
			"rotation": {"angle": 0, "axis": "y", "origin": [-8, 8.5, 6.71875]},
			"faces": {
				"north": {"uv": [0, 0, 1, 1], "texture": "#0", "tintindex": 0},
				"east": {"uv": [0, 0, 1, 1], "texture": "#0", "tintindex": 0},
				"south": {"uv": [0, 0, 1, 1], "texture": "#0", "tintindex": 0},
				"west": {"uv": [0, 0, 1, 1], "texture": "#0", "tintindex": 0},
				"up": {"uv": [0, 0, 1, 1], "texture": "#0", "tintindex": 0},
				"down": {"uv": [0, 0, 1, 1], "texture": "#0", "tintindex": 0}
			}
		},
		{
			"from": [7.5, 6.5, 7.21875],
			"to": [8.5, 12.5, 8.21875],
			"rotation": {"angle": 0, "axis": "y", "origin": [-8, 8.5, 6.71875]},
			"faces": {
				"north": {"uv": [0, 0, 1, 6], "texture": "#0", "tintindex": 0},
				"east": {"uv": [0, 0, 1, 6], "texture": "#0", "tintindex": 0},
				"south": {"uv": [0, 0, 1, 6], "texture": "#0", "tintindex": 0},
				"west": {"uv": [0, 0, 1, 6], "texture": "#0", "tintindex": 0},
				"up": {"uv": [0, 0, 1, 1], "texture": "#0", "tintindex": 0},
				"down": {"uv": [0, 0, 1, 1], "texture": "#0", "tintindex": 0}
			}
		},
		{
			"from": [6.5, 5.5, 7.21875],
			"to": [7.5, 6.5, 8.21875],
			"rotation": {"angle": 0, "axis": "y", "origin": [-8, 8.5, 6.71875]},
			"faces": {
				"north": {"uv": [0, 0, 1, 1], "texture": "#0", "tintindex": 0},
				"east": {"uv": [0, 0, 1, 1], "texture": "#0", "tintindex": 0},
				"south": {"uv": [0, 0, 1, 1], "texture": "#0", "tintindex": 0},
				"west": {"uv": [0, 0, 1, 1], "texture": "#0", "tintindex": 0},
				"up": {"uv": [0, 0, 1, 1], "texture": "#0", "tintindex": 0},
				"down": {"uv": [0, 0, 1, 1], "texture": "#0", "tintindex": 0}
			}
		}
	],
	"groups": [
		{
			"name": "t",
			"origin": [-10.5, 3, -0.78125],
			"color": 0,
			"children": [0, 1, 2, 3]
		}
	]
}
