{
	"parent": "misc/custom/letters/letter_4",
	"elements": [
		{
			"from": [9, 6.5, 7.21875],
			"to": [10, 10.5, 8.21875],
			"rotation": {"angle": 0, "axis": "y", "origin": [-3.5, 9.25, 6.71875]},
			"faces": {
				"north": {"uv": [0, 0, 1, 4], "texture": "#0", "tintindex": 0},
				"east": {"uv": [0, 0, 1, 4], "texture": "#0", "tintindex": 0},
				"south": {"uv": [0, 0, 1, 4], "texture": "#0", "tintindex": 0},
				"west": {"uv": [0, 0, 1, 4], "texture": "#0", "tintindex": 0},
				"up": {"uv": [0, 0, 1, 1], "texture": "#0", "tintindex": 0},
				"down": {"uv": [0, 0, 1, 1], "texture": "#0", "tintindex": 0}
			}
		},
		{
			"from": [6, 5.5, 7.21875],
			"to": [9, 6.5, 8.21875],
			"rotation": {"angle": 0, "axis": "y", "origin": [-3.5, 9.25, 6.71875]},
			"faces": {
				"north": {"uv": [0, 0, 3, 1], "texture": "#0", "tintindex": 0},
				"east": {"uv": [0, 0, 1, 1], "texture": "#0", "tintindex": 0},
				"south": {"uv": [0, 0, 3, 1], "texture": "#0", "tintindex": 0},
				"west": {"uv": [0, 0, 1, 1], "texture": "#0", "tintindex": 0},
				"up": {"uv": [0, 0, 3, 1], "texture": "#0", "tintindex": 0},
				"down": {"uv": [0, 0, 3, 1], "texture": "#0", "tintindex": 0}
			}
		},
		{
			"from": [6, 6.5, 7.21875],
			"to": [7, 10.5, 8.21875],
			"rotation": {"angle": 0, "axis": "y", "origin": [-3.5, 9.25, 6.71875]},
			"faces": {
				"north": {"uv": [0, 0, 1, 4], "texture": "#0", "tintindex": 0},
				"east": {"uv": [0, 0, 1, 4], "texture": "#0", "tintindex": 0},
				"south": {"uv": [0, 0, 1, 4], "texture": "#0", "tintindex": 0},
				"west": {"uv": [0, 0, 1, 4], "texture": "#0", "tintindex": 0},
				"up": {"uv": [0, 0, 1, 1], "texture": "#0", "tintindex": 0},
				"down": {"uv": [0, 0, 1, 1], "texture": "#0", "tintindex": 0}
			}
		}
	],
	"groups": [
		{
			"name": "u",
			"origin": [-3.5, 9.25, 6.71875],
			"color": 0,
			"children": [0, 1, 2]
		}
	]
}
