{
	"parent": "misc/custom/letters/letter_4",
	"elements": [
		{
			"from": [6.5, 6.25, 7.21875],
			"to": [9.5, 7.25, 8.21875],
			"rotation": {"angle": 0, "axis": "y", "origin": [20, 9.75, 6.71875]},
			"faces": {
				"north": {"uv": [0, 0, 3, 1], "texture": "#0", "tintindex": 0},
				"east": {"uv": [0, 0, 1, 1], "texture": "#0", "tintindex": 0},
				"south": {"uv": [0, 0, 3, 1], "texture": "#0", "tintindex": 0},
				"west": {"uv": [0, 0, 1, 1], "texture": "#0", "tintindex": 0},
				"up": {"uv": [0, 0, 3, 1], "texture": "#0", "tintindex": 0},
				"down": {"uv": [0, 0, 3, 1], "texture": "#0", "tintindex": 0}
			}
		},
		{
			"from": [5.5, 5.25, 7.21875],
			"to": [6.5, 10.25, 8.21875],
			"rotation": {"angle": 0, "axis": "y", "origin": [20, 9.75, 6.71875]},
			"faces": {
				"north": {"uv": [0, 0, 1, 5], "texture": "#0", "tintindex": 0},
				"east": {"uv": [0, 0, 1, 5], "texture": "#0", "tintindex": 0},
				"south": {"uv": [0, 0, 1, 5], "texture": "#0", "tintindex": 0},
				"west": {"uv": [0, 0, 1, 5], "texture": "#0", "tintindex": 0},
				"up": {"uv": [0, 0, 1, 1], "texture": "#0", "tintindex": 0},
				"down": {"uv": [0, 0, 1, 1], "texture": "#0", "tintindex": 0}
			}
		},
		{
			"from": [6.5, 4.25, 7.21875],
			"to": [10.5, 5.25, 8.21875],
			"rotation": {"angle": 0, "axis": "y", "origin": [20, 9.75, 6.71875]},
			"faces": {
				"north": {"uv": [0, 0, 4, 1], "texture": "#0", "tintindex": 0},
				"east": {"uv": [0, 0, 1, 1], "texture": "#0", "tintindex": 0},
				"south": {"uv": [0, 0, 4, 1], "texture": "#0", "tintindex": 0},
				"west": {"uv": [0, 0, 1, 1], "texture": "#0", "tintindex": 0},
				"up": {"uv": [0, 0, 4, 1], "texture": "#0", "tintindex": 0},
				"down": {"uv": [0, 0, 4, 1], "texture": "#0", "tintindex": 0}
			}
		},
		{
			"from": [9.5, 7.25, 7.21875],
			"to": [10.5, 10.25, 8.21875],
			"rotation": {"angle": 0, "axis": "y", "origin": [20, 9.75, 6.71875]},
			"faces": {
				"north": {"uv": [0, 0, 1, 3], "texture": "#0", "tintindex": 0},
				"east": {"uv": [0, 0, 1, 3], "texture": "#0", "tintindex": 0},
				"south": {"uv": [0, 0, 1, 3], "texture": "#0", "tintindex": 0},
				"west": {"uv": [0, 0, 1, 3], "texture": "#0", "tintindex": 0},
				"up": {"uv": [0, 0, 1, 1], "texture": "#0", "tintindex": 0},
				"down": {"uv": [0, 0, 1, 1], "texture": "#0", "tintindex": 0}
			}
		}
	],
	"groups": [
		{
			"name": "y",
			"origin": [20, 9.75, 6.71875],
			"color": 0,
			"children": [0, 1, 2, 3]
		}
	]
}
