{
	"parent": "misc/custom/letters/letter_4",
	"elements": [
		{
			"from": [5.5, 5.25, 7.5],
			"to": [10.5, 6.25, 8.5],
			"rotation": {"angle": 0, "axis": "y", "origin": [20, 10, 10]},
			"faces": {
				"north": {"uv": [0, 0, 5, 1], "texture": "#0", "tintindex": 0},
				"east": {"uv": [0, 0, 1, 1], "texture": "#0", "tintindex": 0},
				"south": {"uv": [0, 0, 5, 1], "texture": "#0", "tintindex": 0},
				"west": {"uv": [0, 0, 1, 1], "texture": "#0", "tintindex": 0},
				"up": {"uv": [0, 0, 5, 1], "texture": "#0", "tintindex": 0},
				"down": {"uv": [0, 0, 5, 1], "texture": "#0", "tintindex": 0}
			}
		},
		{
			"from": [5.5, 9.25, 7.5],
			"to": [10.5, 10.25, 8.5],
			"rotation": {"angle": 0, "axis": "y", "origin": [20, 10, 10]},
			"faces": {
				"north": {"uv": [0, 0, 5, 1], "texture": "#0", "tintindex": 0},
				"east": {"uv": [0, 0, 1, 1], "texture": "#0", "tintindex": 0},
				"south": {"uv": [0, 0, 5, 1], "texture": "#0", "tintindex": 0},
				"west": {"uv": [0, 0, 1, 1], "texture": "#0", "tintindex": 0},
				"up": {"uv": [0, 0, 5, 1], "texture": "#0", "tintindex": 0},
				"down": {"uv": [0, 0, 5, 1], "texture": "#0", "tintindex": 0}
			}
		},
		{
			"from": [6.5, 8.25, 7.5],
			"to": [7.5, 9.25, 8.5],
			"rotation": {"angle": 0, "axis": "y", "origin": [20, 10, 10]},
			"faces": {
				"north": {"uv": [0, 0, 1, 1], "texture": "#0", "tintindex": 0},
				"east": {"uv": [0, 0, 1, 1], "texture": "#0", "tintindex": 0},
				"south": {"uv": [0, 0, 1, 1], "texture": "#0", "tintindex": 0},
				"west": {"uv": [0, 0, 1, 1], "texture": "#0", "tintindex": 0},
				"up": {"uv": [0, 0, 1, 1], "texture": "#0", "tintindex": 0},
				"down": {"uv": [0, 0, 1, 1], "texture": "#0", "tintindex": 0}
			}
		},
		{
			"from": [7.5, 7.25, 7.5],
			"to": [8.5, 8.25, 8.5],
			"rotation": {"angle": 0, "axis": "y", "origin": [20, 10, 10]},
			"faces": {
				"north": {"uv": [0, 0, 1, 1], "texture": "#0", "tintindex": 0},
				"east": {"uv": [0, 0, 1, 1], "texture": "#0", "tintindex": 0},
				"south": {"uv": [0, 0, 1, 1], "texture": "#0", "tintindex": 0},
				"west": {"uv": [0, 0, 1, 1], "texture": "#0", "tintindex": 0},
				"up": {"uv": [0, 0, 1, 1], "texture": "#0", "tintindex": 0},
				"down": {"uv": [0, 0, 1, 1], "texture": "#0", "tintindex": 0}
			}
		},
		{
			"from": [8.5, 6.25, 7.5],
			"to": [9.5, 7.25, 8.5],
			"rotation": {"angle": 0, "axis": "y", "origin": [20, 10, 10]},
			"faces": {
				"north": {"uv": [0, 0, 1, 1], "texture": "#0", "tintindex": 0},
				"east": {"uv": [0, 0, 1, 1], "texture": "#0", "tintindex": 0},
				"south": {"uv": [0, 0, 1, 1], "texture": "#0", "tintindex": 0},
				"west": {"uv": [0, 0, 1, 1], "texture": "#0", "tintindex": 0},
				"up": {"uv": [0, 0, 1, 1], "texture": "#0", "tintindex": 0},
				"down": {"uv": [0, 0, 1, 1], "texture": "#0", "tintindex": 0}
			}
		}
	],
	"groups": [
		{
			"name": "z",
			"origin": [2.5, 5.5, 7.5],
			"color": 0,
			"children": [0, 1, 2, 3, 4]
		}
	]
}
