{
	"textures": {
		"0": "entity/chest/christmas",
		"1": "block/bone_block_side",
		"2": "block/bone_block_top",
		"3": "block/pink_wool",
		"5": "block/pink_concrete_powder",
		"particle": "entity/chest/christmas"
	},
	"elements": [
		{
			"name": "bottom",
			"from": [0, 0, 0],
			"to": [16, 12, 16],
			"faces": {
				"north": {"uv": [7, 8.25, 10.5, 10.75], "rotation": 180, "texture": "#0"},
				"east": {"uv": [3.5, 8.25, 7, 10.75], "rotation": 180, "texture": "#0"},
				"south": {"uv": [0, 8.25, 3.5, 10.75], "rotation": 180, "texture": "#0"},
				"west": {"uv": [10.5, 8.25, 14, 10.75], "rotation": 180, "texture": "#0"},
				"up": {"uv": [7, 4.75, 10.5, 8.25], "texture": "#0"},
				"down": {"uv": [3.5, 4.75, 7, 8.25], "texture": "#0"}
			}
		},
		{
			"from": [2.7, 12.8, 0.8],
			"to": [3.5, 13.3, 1.6],
			"rotation": {"angle": 22.5, "axis": "x", "origin": [3.1, 13.25, 1.05]},
			"faces": {
				"north": {"uv": [0, 0, 0.8, 0.5], "texture": "#1"},
				"east": {"uv": [0, 0, 0.8, 0.5], "texture": "#1"},
				"south": {"uv": [0, 0, 0.8, 0.5], "texture": "#1"},
				"west": {"uv": [0, 0, 0.8, 0.5], "texture": "#1"},
				"up": {"uv": [0, 0, 0.8, 0.8], "texture": "#2"},
				"down": {"uv": [0, 0, 0.8, 0.8], "texture": "#missing"}
			}
		},
		{
			"from": [2.8, 13.4, 1.6],
			"to": [3.4, 14, 2.2],
			"rotation": {"angle": 45, "axis": "x", "origin": [3.1, 14.25, 1.05]},
			"faces": {
				"north": {"uv": [0, 0, 0.6, 0.6], "texture": "#1"},
				"east": {"uv": [0, 0, 0.6, 0.6], "texture": "#1"},
				"south": {"uv": [0, 0, 0.6, 0.6], "texture": "#1"},
				"west": {"uv": [0, 0, 0.6, 0.6], "texture": "#1"},
				"up": {"uv": [0, 0, 0.6, 0.6], "texture": "#2"},
				"down": {"uv": [0, 0, 0.6, 0.6], "texture": "#missing"}
			}
		},
		{
			"from": [2.9, 14, 1.7],
			"to": [3.3, 14.2, 2.1],
			"rotation": {"angle": 45, "axis": "x", "origin": [3.1, 14.25, 1.05]},
			"faces": {
				"north": {"uv": [0, 0, 0.4, 0.2], "texture": "#1"},
				"east": {"uv": [0, 0, 0.4, 0.2], "texture": "#1"},
				"south": {"uv": [0, 0, 0.4, 0.2], "texture": "#1"},
				"west": {"uv": [0, 0, 0.4, 0.2], "texture": "#1"},
				"up": {"uv": [0, 0, 0.4, 0.4], "texture": "#2"},
				"down": {"uv": [0, 0, 0.4, 0.4], "texture": "#missing"}
			}
		},
		{
			"from": [4.9, 14, 1.7],
			"to": [5.3, 14.2, 2.1],
			"rotation": {"angle": 45, "axis": "x", "origin": [5.1, 14.25, 1.05]},
			"faces": {
				"north": {"uv": [0, 0, 0.4, 0.2], "texture": "#1"},
				"east": {"uv": [0, 0, 0.4, 0.2], "texture": "#1"},
				"south": {"uv": [0, 0, 0.4, 0.2], "texture": "#1"},
				"west": {"uv": [0, 0, 0.4, 0.2], "texture": "#1"},
				"up": {"uv": [0, 0, 0.4, 0.4], "texture": "#2"},
				"down": {"uv": [0, 0, 0.4, 0.4], "texture": "#missing"}
			}
		},
		{
			"from": [4.8, 13.4, 1.6],
			"to": [5.4, 14, 2.2],
			"rotation": {"angle": 45, "axis": "x", "origin": [5.1, 14.25, 1.05]},
			"faces": {
				"north": {"uv": [0, 0, 0.6, 0.6], "texture": "#1"},
				"east": {"uv": [0, 0, 0.6, 0.6], "texture": "#1"},
				"south": {"uv": [0, 0, 0.6, 0.6], "texture": "#1"},
				"west": {"uv": [0, 0, 0.6, 0.6], "texture": "#1"},
				"up": {"uv": [0, 0, 0.6, 0.6], "texture": "#2"},
				"down": {"uv": [0, 0, 0.6, 0.6], "texture": "#missing"}
			}
		},
		{
			"from": [4.7, 12.8, 0.8],
			"to": [5.5, 13.3, 1.6],
			"rotation": {"angle": 22.5, "axis": "x", "origin": [5.1, 13.25, 1.05]},
			"faces": {
				"north": {"uv": [0, 0, 0.8, 0.5], "texture": "#1"},
				"east": {"uv": [0, 0, 0.8, 0.5], "texture": "#1"},
				"south": {"uv": [0, 0, 0.8, 0.5], "texture": "#1"},
				"west": {"uv": [0, 0, 0.8, 0.5], "texture": "#1"},
				"up": {"uv": [0, 0, 0.8, 0.8], "texture": "#2"},
				"down": {"uv": [0, 0, 0.8, 0.8], "texture": "#missing"}
			}
		},
		{
			"from": [2.6, 12, 0.6],
			"to": [3.6, 13, 1.6],
			"rotation": {"angle": 0, "axis": "y", "origin": [-4.4, 0, 0]},
			"faces": {
				"north": {"uv": [0, 0, 1, 1], "texture": "#1"},
				"east": {"uv": [0, 0, 1, 1], "texture": "#1"},
				"south": {"uv": [0, 0, 1, 1], "texture": "#1"},
				"west": {"uv": [0, 0, 1, 1], "texture": "#1"},
				"up": {"uv": [0, 0, 1, 1], "texture": "#2"},
				"down": {"uv": [0, 0, 1, 1], "texture": "#missing"}
			}
		},
		{
			"from": [4.6, 12, 0.6],
			"to": [5.6, 13, 1.6],
			"rotation": {"angle": 0, "axis": "y", "origin": [-4.4, 0, 0]},
			"faces": {
				"north": {"uv": [0, 0, 1, 1], "texture": "#1"},
				"east": {"uv": [0, 0, 1, 1], "texture": "#1"},
				"south": {"uv": [0, 0, 1, 1], "texture": "#1"},
				"west": {"uv": [0, 0, 1, 1], "texture": "#1"},
				"up": {"uv": [0, 0, 1, 1], "texture": "#2"},
				"down": {"uv": [0, 0, 1, 1], "texture": "#missing"}
			}
		},
		{
			"from": [6.9, 14, 1.7],
			"to": [7.3, 14.2, 2.1],
			"rotation": {"angle": 45, "axis": "x", "origin": [7.1, 14.25, 1.05]},
			"faces": {
				"north": {"uv": [0, 0, 0.4, 0.2], "texture": "#1"},
				"east": {"uv": [0, 0, 0.4, 0.2], "texture": "#1"},
				"south": {"uv": [0, 0, 0.4, 0.2], "texture": "#1"},
				"west": {"uv": [0, 0, 0.4, 0.2], "texture": "#1"},
				"up": {"uv": [0, 0, 0.4, 0.4], "texture": "#2"},
				"down": {"uv": [0, 0, 0.4, 0.4], "texture": "#missing"}
			}
		},
		{
			"from": [6.8, 13.4, 1.6],
			"to": [7.4, 14, 2.2],
			"rotation": {"angle": 45, "axis": "x", "origin": [7.1, 14.25, 1.05]},
			"faces": {
				"north": {"uv": [0, 0, 0.6, 0.6], "texture": "#1"},
				"east": {"uv": [0, 0, 0.6, 0.6], "texture": "#1"},
				"south": {"uv": [0, 0, 0.6, 0.6], "texture": "#1"},
				"west": {"uv": [0, 0, 0.6, 0.6], "texture": "#1"},
				"up": {"uv": [0, 0, 0.6, 0.6], "texture": "#2"},
				"down": {"uv": [0, 0, 0.6, 0.6], "texture": "#missing"}
			}
		},
		{
			"from": [6.7, 12.8, 0.8],
			"to": [7.5, 13.3, 1.6],
			"rotation": {"angle": 22.5, "axis": "x", "origin": [7.1, 13.25, 1.05]},
			"faces": {
				"north": {"uv": [0, 0, 0.8, 0.5], "texture": "#1"},
				"east": {"uv": [0, 0, 0.8, 0.5], "texture": "#1"},
				"south": {"uv": [0, 0, 0.8, 0.5], "texture": "#1"},
				"west": {"uv": [0, 0, 0.8, 0.5], "texture": "#1"},
				"up": {"uv": [0, 0, 0.8, 0.8], "texture": "#2"},
				"down": {"uv": [0, 0, 0.8, 0.8], "texture": "#missing"}
			}
		},
		{
			"from": [6.6, 12, 0.6],
			"to": [7.6, 13, 1.6],
			"rotation": {"angle": 0, "axis": "y", "origin": [-2.4, 0, 0]},
			"faces": {
				"north": {"uv": [0, 0, 1, 1], "texture": "#1"},
				"east": {"uv": [0, 0, 1, 1], "texture": "#1"},
				"south": {"uv": [0, 0, 1, 1], "texture": "#1"},
				"west": {"uv": [0, 0, 1, 1], "texture": "#1"},
				"up": {"uv": [0, 0, 1, 1], "texture": "#2"},
				"down": {"uv": [0, 0, 1, 1], "texture": "#missing"}
			}
		},
		{
			"from": [8.9, 14, 1.7],
			"to": [9.3, 14.2, 2.1],
			"rotation": {"angle": 45, "axis": "x", "origin": [9.1, 14.25, 1.05]},
			"faces": {
				"north": {"uv": [0, 0, 0.4, 0.2], "texture": "#1"},
				"east": {"uv": [0, 0, 0.4, 0.2], "texture": "#1"},
				"south": {"uv": [0, 0, 0.4, 0.2], "texture": "#1"},
				"west": {"uv": [0, 0, 0.4, 0.2], "texture": "#1"},
				"up": {"uv": [0, 0, 0.4, 0.4], "texture": "#2"},
				"down": {"uv": [0, 0, 0.4, 0.4], "texture": "#missing"}
			}
		},
		{
			"from": [8.8, 13.4, 1.6],
			"to": [9.4, 14, 2.2],
			"rotation": {"angle": 45, "axis": "x", "origin": [9.1, 14.25, 1.05]},
			"faces": {
				"north": {"uv": [0, 0, 0.6, 0.6], "texture": "#1"},
				"east": {"uv": [0, 0, 0.6, 0.6], "texture": "#1"},
				"south": {"uv": [0, 0, 0.6, 0.6], "texture": "#1"},
				"west": {"uv": [0, 0, 0.6, 0.6], "texture": "#1"},
				"up": {"uv": [0, 0, 0.6, 0.6], "texture": "#2"},
				"down": {"uv": [0, 0, 0.6, 0.6], "texture": "#missing"}
			}
		},
		{
			"from": [8.7, 12.8, 0.8],
			"to": [9.5, 13.3, 1.6],
			"rotation": {"angle": 22.5, "axis": "x", "origin": [9.1, 13.25, 1.05]},
			"faces": {
				"north": {"uv": [0, 0, 0.8, 0.5], "texture": "#1"},
				"east": {"uv": [0, 0, 0.8, 0.5], "texture": "#1"},
				"south": {"uv": [0, 0, 0.8, 0.5], "texture": "#1"},
				"west": {"uv": [0, 0, 0.8, 0.5], "texture": "#1"},
				"up": {"uv": [0, 0, 0.8, 0.8], "texture": "#2"},
				"down": {"uv": [0, 0, 0.8, 0.8], "texture": "#missing"}
			}
		},
		{
			"from": [8.6, 12, 0.6],
			"to": [9.6, 13, 1.6],
			"rotation": {"angle": 0, "axis": "y", "origin": [-0.4, 0, 0]},
			"faces": {
				"north": {"uv": [0, 0, 1, 1], "texture": "#1"},
				"east": {"uv": [0, 0, 1, 1], "texture": "#1"},
				"south": {"uv": [0, 0, 1, 1], "texture": "#1"},
				"west": {"uv": [0, 0, 1, 1], "texture": "#1"},
				"up": {"uv": [0, 0, 1, 1], "texture": "#2"},
				"down": {"uv": [0, 0, 1, 1], "texture": "#missing"}
			}
		},
		{
			"from": [10.9, 14, 1.7],
			"to": [11.3, 14.2, 2.1],
			"rotation": {"angle": 45, "axis": "x", "origin": [11.1, 14.25, 1.05]},
			"faces": {
				"north": {"uv": [0, 0, 0.4, 0.2], "texture": "#1"},
				"east": {"uv": [0, 0, 0.4, 0.2], "texture": "#1"},
				"south": {"uv": [0, 0, 0.4, 0.2], "texture": "#1"},
				"west": {"uv": [0, 0, 0.4, 0.2], "texture": "#1"},
				"up": {"uv": [0, 0, 0.4, 0.4], "texture": "#2"},
				"down": {"uv": [0, 0, 0.4, 0.4], "texture": "#missing"}
			}
		},
		{
			"from": [10.8, 13.4, 1.6],
			"to": [11.4, 14, 2.2],
			"rotation": {"angle": 45, "axis": "x", "origin": [11.1, 14.25, 1.05]},
			"faces": {
				"north": {"uv": [0, 0, 0.6, 0.6], "texture": "#1"},
				"east": {"uv": [0, 0, 0.6, 0.6], "texture": "#1"},
				"south": {"uv": [0, 0, 0.6, 0.6], "texture": "#1"},
				"west": {"uv": [0, 0, 0.6, 0.6], "texture": "#1"},
				"up": {"uv": [0, 0, 0.6, 0.6], "texture": "#2"},
				"down": {"uv": [0, 0, 0.6, 0.6], "texture": "#missing"}
			}
		},
		{
			"from": [10.7, 12.8, 0.8],
			"to": [11.5, 13.3, 1.6],
			"rotation": {"angle": 22.5, "axis": "x", "origin": [11.1, 13.25, 1.05]},
			"faces": {
				"north": {"uv": [0, 0, 0.8, 0.5], "texture": "#1"},
				"east": {"uv": [0, 0, 0.8, 0.5], "texture": "#1"},
				"south": {"uv": [0, 0, 0.8, 0.5], "texture": "#1"},
				"west": {"uv": [0, 0, 0.8, 0.5], "texture": "#1"},
				"up": {"uv": [0, 0, 0.8, 0.8], "texture": "#2"},
				"down": {"uv": [0, 0, 0.8, 0.8], "texture": "#missing"}
			}
		},
		{
			"from": [10.6, 12, 0.6],
			"to": [11.6, 13, 1.6],
			"rotation": {"angle": 0, "axis": "y", "origin": [1.6, 0, 0]},
			"faces": {
				"north": {"uv": [0, 0, 1, 1], "texture": "#1"},
				"east": {"uv": [0, 0, 1, 1], "texture": "#1"},
				"south": {"uv": [0, 0, 1, 1], "texture": "#1"},
				"west": {"uv": [0, 0, 1, 1], "texture": "#1"},
				"up": {"uv": [0, 0, 1, 1], "texture": "#2"},
				"down": {"uv": [0, 0, 1, 1], "texture": "#missing"}
			}
		},
		{
			"from": [12.6, 12, 0.6],
			"to": [13.6, 13, 1.6],
			"rotation": {"angle": 0, "axis": "y", "origin": [3.6, 0, 0]},
			"faces": {
				"north": {"uv": [0, 0, 1, 1], "texture": "#1"},
				"east": {"uv": [0, 0, 1, 1], "texture": "#1"},
				"south": {"uv": [0, 0, 1, 1], "texture": "#1"},
				"west": {"uv": [0, 0, 1, 1], "texture": "#1"},
				"up": {"uv": [0, 0, 1, 1], "texture": "#2"},
				"down": {"uv": [0, 0, 1, 1], "texture": "#missing"}
			}
		},
		{
			"from": [12.7, 12.8, 0.8],
			"to": [13.5, 13.3, 1.6],
			"rotation": {"angle": 22.5, "axis": "x", "origin": [13.1, 13.25, 1.05]},
			"faces": {
				"north": {"uv": [0, 0, 0.8, 0.5], "texture": "#1"},
				"east": {"uv": [0, 0, 0.8, 0.5], "texture": "#1"},
				"south": {"uv": [0, 0, 0.8, 0.5], "texture": "#1"},
				"west": {"uv": [0, 0, 0.8, 0.5], "texture": "#1"},
				"up": {"uv": [0, 0, 0.8, 0.8], "texture": "#2"},
				"down": {"uv": [0, 0, 0.8, 0.8], "texture": "#missing"}
			}
		},
		{
			"from": [12.8, 13.4, 1.6],
			"to": [13.4, 14, 2.2],
			"rotation": {"angle": 45, "axis": "x", "origin": [13.1, 14.25, 1.05]},
			"faces": {
				"north": {"uv": [0, 0, 0.6, 0.6], "texture": "#1"},
				"east": {"uv": [0, 0, 0.6, 0.6], "texture": "#1"},
				"south": {"uv": [0, 0, 0.6, 0.6], "texture": "#1"},
				"west": {"uv": [0, 0, 0.6, 0.6], "texture": "#1"},
				"up": {"uv": [0, 0, 0.6, 0.6], "texture": "#2"},
				"down": {"uv": [0, 0, 0.6, 0.6], "texture": "#missing"}
			}
		},
		{
			"from": [12.9, 14, 1.7],
			"to": [13.3, 14.2, 2.1],
			"rotation": {"angle": 45, "axis": "x", "origin": [13.1, 14.25, 1.05]},
			"faces": {
				"north": {"uv": [0, 0, 0.4, 0.2], "texture": "#1"},
				"east": {"uv": [0, 0, 0.4, 0.2], "texture": "#1"},
				"south": {"uv": [0, 0, 0.4, 0.2], "texture": "#1"},
				"west": {"uv": [0, 0, 0.4, 0.2], "texture": "#1"},
				"up": {"uv": [0, 0, 0.4, 0.4], "texture": "#2"},
				"down": {"uv": [0, 0, 0.4, 0.4], "texture": "#missing"}
			}
		},
		{
			"from": [13.9, 14, 8.7],
			"to": [14.3, 14.2, 9.1],
			"rotation": {"angle": 45, "axis": "z", "origin": [14.95, 14.25, 8.9]},
			"faces": {
				"north": {"uv": [0, 0, 0.4, 0.2], "texture": "#1"},
				"east": {"uv": [0, 0, 0.4, 0.2], "texture": "#1"},
				"south": {"uv": [0, 0, 0.4, 0.2], "texture": "#1"},
				"west": {"uv": [0, 0, 0.4, 0.2], "texture": "#1"},
				"up": {"uv": [0, 0, 0.4, 0.4], "rotation": 90, "texture": "#2"},
				"down": {"uv": [0, 0, 0.4, 0.4], "rotation": 270, "texture": "#missing"}
			}
		},
		{
			"from": [13.8, 13.4, 8.6],
			"to": [14.4, 14, 9.2],
			"rotation": {"angle": 45, "axis": "z", "origin": [14.95, 14.25, 8.9]},
			"faces": {
				"north": {"uv": [0, 0, 0.6, 0.6], "texture": "#1"},
				"east": {"uv": [0, 0, 0.6, 0.6], "texture": "#1"},
				"south": {"uv": [0, 0, 0.6, 0.6], "texture": "#1"},
				"west": {"uv": [0, 0, 0.6, 0.6], "texture": "#1"},
				"up": {"uv": [0, 0, 0.6, 0.6], "rotation": 90, "texture": "#2"},
				"down": {"uv": [0, 0, 0.6, 0.6], "rotation": 270, "texture": "#missing"}
			}
		},
		{
			"from": [14.4, 12.8, 8.5],
			"to": [15.2, 13.3, 9.3],
			"rotation": {"angle": 22.5, "axis": "z", "origin": [14.95, 13.25, 8.9]},
			"faces": {
				"north": {"uv": [0, 0, 0.8, 0.5], "texture": "#1"},
				"east": {"uv": [0, 0, 0.8, 0.5], "texture": "#1"},
				"south": {"uv": [0, 0, 0.8, 0.5], "texture": "#1"},
				"west": {"uv": [0, 0, 0.8, 0.5], "texture": "#1"},
				"up": {"uv": [0, 0, 0.8, 0.8], "rotation": 90, "texture": "#2"},
				"down": {"uv": [0, 0, 0.8, 0.8], "rotation": 270, "texture": "#missing"}
			}
		},
		{
			"from": [14.4, 12, 8.4],
			"to": [15.4, 13, 9.4],
			"rotation": {"angle": 0, "axis": "y", "origin": [16, 0, -0.6]},
			"faces": {
				"north": {"uv": [0, 0, 1, 1], "texture": "#1"},
				"east": {"uv": [0, 0, 1, 1], "texture": "#1"},
				"south": {"uv": [0, 0, 1, 1], "texture": "#1"},
				"west": {"uv": [0, 0, 1, 1], "texture": "#1"},
				"up": {"uv": [0, 0, 1, 1], "rotation": 90, "texture": "#2"},
				"down": {"uv": [0, 0, 1, 1], "rotation": 270, "texture": "#missing"}
			}
		},
		{
			"from": [13.9, 14, 10.7],
			"to": [14.3, 14.2, 11.1],
			"rotation": {"angle": 45, "axis": "z", "origin": [14.95, 14.25, 10.9]},
			"faces": {
				"north": {"uv": [0, 0, 0.4, 0.2], "texture": "#1"},
				"east": {"uv": [0, 0, 0.4, 0.2], "texture": "#1"},
				"south": {"uv": [0, 0, 0.4, 0.2], "texture": "#1"},
				"west": {"uv": [0, 0, 0.4, 0.2], "texture": "#1"},
				"up": {"uv": [0, 0, 0.4, 0.4], "rotation": 90, "texture": "#2"},
				"down": {"uv": [0, 0, 0.4, 0.4], "rotation": 270, "texture": "#missing"}
			}
		},
		{
			"from": [13.8, 13.4, 10.6],
			"to": [14.4, 14, 11.2],
			"rotation": {"angle": 45, "axis": "z", "origin": [14.95, 14.25, 10.9]},
			"faces": {
				"north": {"uv": [0, 0, 0.6, 0.6], "texture": "#1"},
				"east": {"uv": [0, 0, 0.6, 0.6], "texture": "#1"},
				"south": {"uv": [0, 0, 0.6, 0.6], "texture": "#1"},
				"west": {"uv": [0, 0, 0.6, 0.6], "texture": "#1"},
				"up": {"uv": [0, 0, 0.6, 0.6], "rotation": 90, "texture": "#2"},
				"down": {"uv": [0, 0, 0.6, 0.6], "rotation": 270, "texture": "#missing"}
			}
		},
		{
			"from": [14.4, 12.8, 10.5],
			"to": [15.2, 13.3, 11.3],
			"rotation": {"angle": 22.5, "axis": "z", "origin": [14.95, 13.25, 10.9]},
			"faces": {
				"north": {"uv": [0, 0, 0.8, 0.5], "texture": "#1"},
				"east": {"uv": [0, 0, 0.8, 0.5], "texture": "#1"},
				"south": {"uv": [0, 0, 0.8, 0.5], "texture": "#1"},
				"west": {"uv": [0, 0, 0.8, 0.5], "texture": "#1"},
				"up": {"uv": [0, 0, 0.8, 0.8], "rotation": 90, "texture": "#2"},
				"down": {"uv": [0, 0, 0.8, 0.8], "rotation": 270, "texture": "#missing"}
			}
		},
		{
			"from": [14.4, 12, 10.4],
			"to": [15.4, 13, 11.4],
			"rotation": {"angle": 0, "axis": "y", "origin": [16, 0, 1.4]},
			"faces": {
				"north": {"uv": [0, 0, 1, 1], "texture": "#1"},
				"east": {"uv": [0, 0, 1, 1], "texture": "#1"},
				"south": {"uv": [0, 0, 1, 1], "texture": "#1"},
				"west": {"uv": [0, 0, 1, 1], "texture": "#1"},
				"up": {"uv": [0, 0, 1, 1], "rotation": 90, "texture": "#2"},
				"down": {"uv": [0, 0, 1, 1], "rotation": 270, "texture": "#missing"}
			}
		},
		{
			"from": [14.4, 12, 6.4],
			"to": [15.4, 13, 7.4],
			"rotation": {"angle": 0, "axis": "y", "origin": [16, 0, -2.6]},
			"faces": {
				"north": {"uv": [0, 0, 1, 1], "texture": "#1"},
				"east": {"uv": [0, 0, 1, 1], "texture": "#1"},
				"south": {"uv": [0, 0, 1, 1], "texture": "#1"},
				"west": {"uv": [0, 0, 1, 1], "texture": "#1"},
				"up": {"uv": [0, 0, 1, 1], "rotation": 90, "texture": "#2"},
				"down": {"uv": [0, 0, 1, 1], "rotation": 270, "texture": "#missing"}
			}
		},
		{
			"from": [14.4, 12.8, 6.5],
			"to": [15.2, 13.3, 7.3],
			"rotation": {"angle": 22.5, "axis": "z", "origin": [14.95, 13.25, 6.9]},
			"faces": {
				"north": {"uv": [0, 0, 0.8, 0.5], "texture": "#1"},
				"east": {"uv": [0, 0, 0.8, 0.5], "texture": "#1"},
				"south": {"uv": [0, 0, 0.8, 0.5], "texture": "#1"},
				"west": {"uv": [0, 0, 0.8, 0.5], "texture": "#1"},
				"up": {"uv": [0, 0, 0.8, 0.8], "rotation": 90, "texture": "#2"},
				"down": {"uv": [0, 0, 0.8, 0.8], "rotation": 270, "texture": "#missing"}
			}
		},
		{
			"from": [13.8, 13.4, 6.6],
			"to": [14.4, 14, 7.2],
			"rotation": {"angle": 45, "axis": "z", "origin": [14.95, 14.25, 6.9]},
			"faces": {
				"north": {"uv": [0, 0, 0.6, 0.6], "texture": "#1"},
				"east": {"uv": [0, 0, 0.6, 0.6], "texture": "#1"},
				"south": {"uv": [0, 0, 0.6, 0.6], "texture": "#1"},
				"west": {"uv": [0, 0, 0.6, 0.6], "texture": "#1"},
				"up": {"uv": [0, 0, 0.6, 0.6], "rotation": 90, "texture": "#2"},
				"down": {"uv": [0, 0, 0.6, 0.6], "rotation": 270, "texture": "#missing"}
			}
		},
		{
			"from": [13.9, 14, 6.7],
			"to": [14.3, 14.2, 7.1],
			"rotation": {"angle": 45, "axis": "z", "origin": [14.95, 14.25, 6.9]},
			"faces": {
				"north": {"uv": [0, 0, 0.4, 0.2], "texture": "#1"},
				"east": {"uv": [0, 0, 0.4, 0.2], "texture": "#1"},
				"south": {"uv": [0, 0, 0.4, 0.2], "texture": "#1"},
				"west": {"uv": [0, 0, 0.4, 0.2], "texture": "#1"},
				"up": {"uv": [0, 0, 0.4, 0.4], "rotation": 90, "texture": "#2"},
				"down": {"uv": [0, 0, 0.4, 0.4], "rotation": 270, "texture": "#missing"}
			}
		},
		{
			"from": [13.9, 14, 4.7],
			"to": [14.3, 14.2, 5.1],
			"rotation": {"angle": 45, "axis": "z", "origin": [14.95, 14.25, 4.9]},
			"faces": {
				"north": {"uv": [0, 0, 0.4, 0.2], "texture": "#1"},
				"east": {"uv": [0, 0, 0.4, 0.2], "texture": "#1"},
				"south": {"uv": [0, 0, 0.4, 0.2], "texture": "#1"},
				"west": {"uv": [0, 0, 0.4, 0.2], "texture": "#1"},
				"up": {"uv": [0, 0, 0.4, 0.4], "rotation": 90, "texture": "#2"},
				"down": {"uv": [0, 0, 0.4, 0.4], "rotation": 270, "texture": "#missing"}
			}
		},
		{
			"from": [13.8, 13.4, 4.6],
			"to": [14.4, 14, 5.2],
			"rotation": {"angle": 45, "axis": "z", "origin": [14.95, 14.25, 4.9]},
			"faces": {
				"north": {"uv": [0, 0, 0.6, 0.6], "texture": "#1"},
				"east": {"uv": [0, 0, 0.6, 0.6], "texture": "#1"},
				"south": {"uv": [0, 0, 0.6, 0.6], "texture": "#1"},
				"west": {"uv": [0, 0, 0.6, 0.6], "texture": "#1"},
				"up": {"uv": [0, 0, 0.6, 0.6], "rotation": 90, "texture": "#2"},
				"down": {"uv": [0, 0, 0.6, 0.6], "rotation": 270, "texture": "#missing"}
			}
		},
		{
			"from": [14.4, 12.8, 4.5],
			"to": [15.2, 13.3, 5.3],
			"rotation": {"angle": 22.5, "axis": "z", "origin": [14.95, 13.25, 4.9]},
			"faces": {
				"north": {"uv": [0, 0, 0.8, 0.5], "texture": "#1"},
				"east": {"uv": [0, 0, 0.8, 0.5], "texture": "#1"},
				"south": {"uv": [0, 0, 0.8, 0.5], "texture": "#1"},
				"west": {"uv": [0, 0, 0.8, 0.5], "texture": "#1"},
				"up": {"uv": [0, 0, 0.8, 0.8], "rotation": 90, "texture": "#2"},
				"down": {"uv": [0, 0, 0.8, 0.8], "rotation": 270, "texture": "#missing"}
			}
		},
		{
			"from": [14.4, 12, 4.4],
			"to": [15.4, 13, 5.4],
			"rotation": {"angle": 0, "axis": "y", "origin": [16, 0, -4.6]},
			"faces": {
				"north": {"uv": [0, 0, 1, 1], "texture": "#1"},
				"east": {"uv": [0, 0, 1, 1], "texture": "#1"},
				"south": {"uv": [0, 0, 1, 1], "texture": "#1"},
				"west": {"uv": [0, 0, 1, 1], "texture": "#1"},
				"up": {"uv": [0, 0, 1, 1], "rotation": 90, "texture": "#2"},
				"down": {"uv": [0, 0, 1, 1], "rotation": 270, "texture": "#missing"}
			}
		},
		{
			"from": [1.7, 14, 2.7],
			"to": [2.1, 14.2, 3.1],
			"rotation": {"angle": -45, "axis": "z", "origin": [1.05, 14.25, 2.9]},
			"faces": {
				"north": {"uv": [0.4, 0, 0, 0.2], "texture": "#1"},
				"east": {"uv": [0.4, 0, 0, 0.2], "texture": "#1"},
				"south": {"uv": [0.4, 0, 0, 0.2], "texture": "#1"},
				"west": {"uv": [0.4, 0, 0, 0.2], "texture": "#1"},
				"up": {"uv": [0, 0.4, 0.4, 0], "rotation": 90, "texture": "#2"},
				"down": {"uv": [0, 0.4, 0.4, 0], "rotation": 270, "texture": "#missing"}
			}
		},
		{
			"from": [1.6, 13.4, 2.6],
			"to": [2.2, 14, 3.2],
			"rotation": {"angle": -45, "axis": "z", "origin": [1.05, 14.25, 2.9]},
			"faces": {
				"north": {"uv": [0.6, 0, 0, 0.6], "texture": "#1"},
				"east": {"uv": [0.6, 0, 0, 0.6], "texture": "#1"},
				"south": {"uv": [0.6, 0, 0, 0.6], "texture": "#1"},
				"west": {"uv": [0.6, 0, 0, 0.6], "texture": "#1"},
				"up": {"uv": [0, 0.6, 0.6, 0], "rotation": 90, "texture": "#2"},
				"down": {"uv": [0, 0.6, 0.6, 0], "rotation": 270, "texture": "#missing"}
			}
		},
		{
			"from": [0.8, 12.8, 2.5],
			"to": [1.6, 13.3, 3.3],
			"rotation": {"angle": -22.5, "axis": "z", "origin": [1.05, 13.25, 2.9]},
			"faces": {
				"north": {"uv": [0.8, 0, 0, 0.5], "texture": "#1"},
				"east": {"uv": [0.8, 0, 0, 0.5], "texture": "#1"},
				"south": {"uv": [0.8, 0, 0, 0.5], "texture": "#1"},
				"west": {"uv": [0.8, 0, 0, 0.5], "texture": "#1"},
				"up": {"uv": [0, 0.8, 0.8, 0], "rotation": 90, "texture": "#2"},
				"down": {"uv": [0, 0.8, 0.8, 0], "rotation": 270, "texture": "#missing"}
			}
		},
		{
			"from": [0.6, 12, 2.4],
			"to": [1.6, 13, 3.4],
			"rotation": {"angle": 0, "axis": "y", "origin": [0, 0, -6.6]},
			"faces": {
				"north": {"uv": [1, 0, 0, 1], "texture": "#1"},
				"east": {"uv": [1, 0, 0, 1], "texture": "#1"},
				"south": {"uv": [1, 0, 0, 1], "texture": "#1"},
				"west": {"uv": [1, 0, 0, 1], "texture": "#1"},
				"up": {"uv": [0, 1, 1, 0], "rotation": 90, "texture": "#2"},
				"down": {"uv": [0, 1, 1, 0], "rotation": 270, "texture": "#missing"}
			}
		},
		{
			"from": [1.7, 14, 4.7],
			"to": [2.1, 14.2, 5.1],
			"rotation": {"angle": -45, "axis": "z", "origin": [1.05, 14.25, 4.9]},
			"faces": {
				"north": {"uv": [0.4, 0, 0, 0.2], "texture": "#1"},
				"east": {"uv": [0.4, 0, 0, 0.2], "texture": "#1"},
				"south": {"uv": [0.4, 0, 0, 0.2], "texture": "#1"},
				"west": {"uv": [0.4, 0, 0, 0.2], "texture": "#1"},
				"up": {"uv": [0, 0.4, 0.4, 0], "rotation": 90, "texture": "#2"},
				"down": {"uv": [0, 0.4, 0.4, 0], "rotation": 270, "texture": "#missing"}
			}
		},
		{
			"from": [1.6, 13.4, 4.6],
			"to": [2.2, 14, 5.2],
			"rotation": {"angle": -45, "axis": "z", "origin": [1.05, 14.25, 4.9]},
			"faces": {
				"north": {"uv": [0.6, 0, 0, 0.6], "texture": "#1"},
				"east": {"uv": [0.6, 0, 0, 0.6], "texture": "#1"},
				"south": {"uv": [0.6, 0, 0, 0.6], "texture": "#1"},
				"west": {"uv": [0.6, 0, 0, 0.6], "texture": "#1"},
				"up": {"uv": [0, 0.6, 0.6, 0], "rotation": 90, "texture": "#2"},
				"down": {"uv": [0, 0.6, 0.6, 0], "rotation": 270, "texture": "#missing"}
			}
		},
		{
			"from": [0.8, 12.8, 4.5],
			"to": [1.6, 13.3, 5.3],
			"rotation": {"angle": -22.5, "axis": "z", "origin": [1.05, 13.25, 4.9]},
			"faces": {
				"north": {"uv": [0.8, 0, 0, 0.5], "texture": "#1"},
				"east": {"uv": [0.8, 0, 0, 0.5], "texture": "#1"},
				"south": {"uv": [0.8, 0, 0, 0.5], "texture": "#1"},
				"west": {"uv": [0.8, 0, 0, 0.5], "texture": "#1"},
				"up": {"uv": [0, 0.8, 0.8, 0], "rotation": 90, "texture": "#2"},
				"down": {"uv": [0, 0.8, 0.8, 0], "rotation": 270, "texture": "#missing"}
			}
		},
		{
			"from": [0.6, 12, 4.4],
			"to": [1.6, 13, 5.4],
			"rotation": {"angle": 0, "axis": "y", "origin": [0, 0, -4.6]},
			"faces": {
				"north": {"uv": [1, 0, 0, 1], "texture": "#1"},
				"east": {"uv": [1, 0, 0, 1], "texture": "#1"},
				"south": {"uv": [1, 0, 0, 1], "texture": "#1"},
				"west": {"uv": [1, 0, 0, 1], "texture": "#1"},
				"up": {"uv": [0, 1, 1, 0], "rotation": 90, "texture": "#2"},
				"down": {"uv": [0, 1, 1, 0], "rotation": 270, "texture": "#missing"}
			}
		},
		{
			"from": [0.6, 12, 6.4],
			"to": [1.6, 13, 7.4],
			"rotation": {"angle": 0, "axis": "y", "origin": [0, 0, -2.6]},
			"faces": {
				"north": {"uv": [1, 0, 0, 1], "texture": "#1"},
				"east": {"uv": [1, 0, 0, 1], "texture": "#1"},
				"south": {"uv": [1, 0, 0, 1], "texture": "#1"},
				"west": {"uv": [1, 0, 0, 1], "texture": "#1"},
				"up": {"uv": [0, 1, 1, 0], "rotation": 90, "texture": "#2"},
				"down": {"uv": [0, 1, 1, 0], "rotation": 270, "texture": "#missing"}
			}
		},
		{
			"from": [1.6, 13.4, 6.6],
			"to": [2.2, 14, 7.2],
			"rotation": {"angle": -45, "axis": "z", "origin": [1.05, 14.25, 6.9]},
			"faces": {
				"north": {"uv": [0.6, 0, 0, 0.6], "texture": "#1"},
				"east": {"uv": [0.6, 0, 0, 0.6], "texture": "#1"},
				"south": {"uv": [0.6, 0, 0, 0.6], "texture": "#1"},
				"west": {"uv": [0.6, 0, 0, 0.6], "texture": "#1"},
				"up": {"uv": [0, 0.6, 0.6, 0], "rotation": 90, "texture": "#2"},
				"down": {"uv": [0, 0.6, 0.6, 0], "rotation": 270, "texture": "#missing"}
			}
		},
		{
			"from": [1.7, 14, 6.7],
			"to": [2.1, 14.2, 7.1],
			"rotation": {"angle": -45, "axis": "z", "origin": [1.05, 14.25, 6.9]},
			"faces": {
				"north": {"uv": [0.4, 0, 0, 0.2], "texture": "#1"},
				"east": {"uv": [0.4, 0, 0, 0.2], "texture": "#1"},
				"south": {"uv": [0.4, 0, 0, 0.2], "texture": "#1"},
				"west": {"uv": [0.4, 0, 0, 0.2], "texture": "#1"},
				"up": {"uv": [0, 0.4, 0.4, 0], "rotation": 90, "texture": "#2"},
				"down": {"uv": [0, 0.4, 0.4, 0], "rotation": 270, "texture": "#missing"}
			}
		},
		{
			"from": [0.8, 12.8, 6.5],
			"to": [1.6, 13.3, 7.3],
			"rotation": {"angle": -22.5, "axis": "z", "origin": [1.05, 13.25, 6.9]},
			"faces": {
				"north": {"uv": [0.8, 0, 0, 0.5], "texture": "#1"},
				"east": {"uv": [0.8, 0, 0, 0.5], "texture": "#1"},
				"south": {"uv": [0.8, 0, 0, 0.5], "texture": "#1"},
				"west": {"uv": [0.8, 0, 0, 0.5], "texture": "#1"},
				"up": {"uv": [0, 0.8, 0.8, 0], "rotation": 90, "texture": "#2"},
				"down": {"uv": [0, 0.8, 0.8, 0], "rotation": 270, "texture": "#missing"}
			}
		},
		{
			"from": [1.7, 14, 10.7],
			"to": [2.1, 14.2, 11.1],
			"rotation": {"angle": -45, "axis": "z", "origin": [1.05, 14.25, 10.9]},
			"faces": {
				"north": {"uv": [0.4, 0, 0, 0.2], "texture": "#1"},
				"east": {"uv": [0.4, 0, 0, 0.2], "texture": "#1"},
				"south": {"uv": [0.4, 0, 0, 0.2], "texture": "#1"},
				"west": {"uv": [0.4, 0, 0, 0.2], "texture": "#1"},
				"up": {"uv": [0, 0.4, 0.4, 0], "rotation": 90, "texture": "#2"},
				"down": {"uv": [0, 0.4, 0.4, 0], "rotation": 270, "texture": "#missing"}
			}
		},
		{
			"from": [1.6, 13.4, 10.6],
			"to": [2.2, 14, 11.2],
			"rotation": {"angle": -45, "axis": "z", "origin": [1.05, 14.25, 10.9]},
			"faces": {
				"north": {"uv": [0.6, 0, 0, 0.6], "texture": "#1"},
				"east": {"uv": [0.6, 0, 0, 0.6], "texture": "#1"},
				"south": {"uv": [0.6, 0, 0, 0.6], "texture": "#1"},
				"west": {"uv": [0.6, 0, 0, 0.6], "texture": "#1"},
				"up": {"uv": [0, 0.6, 0.6, 0], "rotation": 90, "texture": "#2"},
				"down": {"uv": [0, 0.6, 0.6, 0], "rotation": 270, "texture": "#missing"}
			}
		},
		{
			"from": [0.8, 12.8, 10.5],
			"to": [1.6, 13.3, 11.3],
			"rotation": {"angle": -22.5, "axis": "z", "origin": [1.05, 13.25, 10.9]},
			"faces": {
				"north": {"uv": [0.8, 0, 0, 0.5], "texture": "#1"},
				"east": {"uv": [0.8, 0, 0, 0.5], "texture": "#1"},
				"south": {"uv": [0.8, 0, 0, 0.5], "texture": "#1"},
				"west": {"uv": [0.8, 0, 0, 0.5], "texture": "#1"},
				"up": {"uv": [0, 0.8, 0.8, 0], "rotation": 90, "texture": "#2"},
				"down": {"uv": [0, 0.8, 0.8, 0], "rotation": 270, "texture": "#missing"}
			}
		},
		{
			"from": [0.6, 12, 10.4],
			"to": [1.6, 13, 11.4],
			"rotation": {"angle": 0, "axis": "y", "origin": [0, 0, 1.4]},
			"faces": {
				"north": {"uv": [1, 0, 0, 1], "texture": "#1"},
				"east": {"uv": [1, 0, 0, 1], "texture": "#1"},
				"south": {"uv": [1, 0, 0, 1], "texture": "#1"},
				"west": {"uv": [1, 0, 0, 1], "texture": "#1"},
				"up": {"uv": [0, 1, 1, 0], "rotation": 90, "texture": "#2"},
				"down": {"uv": [0, 1, 1, 0], "rotation": 270, "texture": "#missing"}
			}
		},
		{
			"from": [1.7, 14, 8.7],
			"to": [2.1, 14.2, 9.1],
			"rotation": {"angle": -45, "axis": "z", "origin": [1.05, 14.25, 8.9]},
			"faces": {
				"north": {"uv": [0.4, 0, 0, 0.2], "texture": "#1"},
				"east": {"uv": [0.4, 0, 0, 0.2], "texture": "#1"},
				"south": {"uv": [0.4, 0, 0, 0.2], "texture": "#1"},
				"west": {"uv": [0.4, 0, 0, 0.2], "texture": "#1"},
				"up": {"uv": [0, 0.4, 0.4, 0], "rotation": 90, "texture": "#2"},
				"down": {"uv": [0, 0.4, 0.4, 0], "rotation": 270, "texture": "#missing"}
			}
		},
		{
			"from": [1.6, 13.4, 8.6],
			"to": [2.2, 14, 9.2],
			"rotation": {"angle": -45, "axis": "z", "origin": [1.05, 14.25, 8.9]},
			"faces": {
				"north": {"uv": [0.6, 0, 0, 0.6], "texture": "#1"},
				"east": {"uv": [0.6, 0, 0, 0.6], "texture": "#1"},
				"south": {"uv": [0.6, 0, 0, 0.6], "texture": "#1"},
				"west": {"uv": [0.6, 0, 0, 0.6], "texture": "#1"},
				"up": {"uv": [0, 0.6, 0.6, 0], "rotation": 90, "texture": "#2"},
				"down": {"uv": [0, 0.6, 0.6, 0], "rotation": 270, "texture": "#missing"}
			}
		},
		{
			"from": [0.8, 12.8, 8.5],
			"to": [1.6, 13.3, 9.3],
			"rotation": {"angle": -22.5, "axis": "z", "origin": [1.05, 13.25, 8.9]},
			"faces": {
				"north": {"uv": [0.8, 0, 0, 0.5], "texture": "#1"},
				"east": {"uv": [0.8, 0, 0, 0.5], "texture": "#1"},
				"south": {"uv": [0.8, 0, 0, 0.5], "texture": "#1"},
				"west": {"uv": [0.8, 0, 0, 0.5], "texture": "#1"},
				"up": {"uv": [0, 0.8, 0.8, 0], "rotation": 90, "texture": "#2"},
				"down": {"uv": [0, 0.8, 0.8, 0], "rotation": 270, "texture": "#missing"}
			}
		},
		{
			"from": [0.6, 12, 8.4],
			"to": [1.6, 13, 9.4],
			"rotation": {"angle": 0, "axis": "y", "origin": [0, 0, -0.6]},
			"faces": {
				"north": {"uv": [1, 0, 0, 1], "texture": "#1"},
				"east": {"uv": [1, 0, 0, 1], "texture": "#1"},
				"south": {"uv": [1, 0, 0, 1], "texture": "#1"},
				"west": {"uv": [1, 0, 0, 1], "texture": "#1"},
				"up": {"uv": [0, 1, 1, 0], "rotation": 90, "texture": "#2"},
				"down": {"uv": [0, 1, 1, 0], "rotation": 270, "texture": "#missing"}
			}
		},
		{
			"from": [13.9, 14, 2.7],
			"to": [14.3, 14.2, 3.1],
			"rotation": {"angle": 45, "axis": "z", "origin": [14.95, 14.25, 2.9]},
			"faces": {
				"north": {"uv": [0, 0, 0.4, 0.2], "texture": "#1"},
				"east": {"uv": [0, 0, 0.4, 0.2], "texture": "#1"},
				"south": {"uv": [0, 0, 0.4, 0.2], "texture": "#1"},
				"west": {"uv": [0, 0, 0.4, 0.2], "texture": "#1"},
				"up": {"uv": [0, 0, 0.4, 0.4], "rotation": 90, "texture": "#2"},
				"down": {"uv": [0, 0, 0.4, 0.4], "rotation": 270, "texture": "#missing"}
			}
		},
		{
			"from": [13.8, 13.4, 2.6],
			"to": [14.4, 14, 3.2],
			"rotation": {"angle": 45, "axis": "z", "origin": [14.95, 14.25, 2.9]},
			"faces": {
				"north": {"uv": [0, 0, 0.6, 0.6], "texture": "#1"},
				"east": {"uv": [0, 0, 0.6, 0.6], "texture": "#1"},
				"south": {"uv": [0, 0, 0.6, 0.6], "texture": "#1"},
				"west": {"uv": [0, 0, 0.6, 0.6], "texture": "#1"},
				"up": {"uv": [0, 0, 0.6, 0.6], "rotation": 90, "texture": "#2"},
				"down": {"uv": [0, 0, 0.6, 0.6], "rotation": 270, "texture": "#missing"}
			}
		},
		{
			"from": [14.4, 12.8, 2.5],
			"to": [15.2, 13.3, 3.3],
			"rotation": {"angle": 22.5, "axis": "z", "origin": [14.95, 13.25, 2.9]},
			"faces": {
				"north": {"uv": [0, 0, 0.8, 0.5], "texture": "#1"},
				"east": {"uv": [0, 0, 0.8, 0.5], "texture": "#1"},
				"south": {"uv": [0, 0, 0.8, 0.5], "texture": "#1"},
				"west": {"uv": [0, 0, 0.8, 0.5], "texture": "#1"},
				"up": {"uv": [0, 0, 0.8, 0.8], "rotation": 90, "texture": "#2"},
				"down": {"uv": [0, 0, 0.8, 0.8], "rotation": 270, "texture": "#missing"}
			}
		},
		{
			"from": [14.4, 12, 2.4],
			"to": [15.4, 13, 3.4],
			"rotation": {"angle": 0, "axis": "y", "origin": [16, 0, -6.6]},
			"faces": {
				"north": {"uv": [0, 0, 1, 1], "texture": "#1"},
				"east": {"uv": [0, 0, 1, 1], "texture": "#1"},
				"south": {"uv": [0, 0, 1, 1], "texture": "#1"},
				"west": {"uv": [0, 0, 1, 1], "texture": "#1"},
				"up": {"uv": [0, 0, 1, 1], "rotation": 90, "texture": "#2"},
				"down": {"uv": [0, 0, 1, 1], "rotation": 270, "texture": "#missing"}
			}
		},
		{
			"from": [3.4, 12, 3.4],
			"to": [12.4, 12.2, 12],
			"rotation": {"angle": 0, "axis": "y", "origin": [0.4, 0, 0]},
			"faces": {
				"north": {"uv": [0, 0, 9, 0.2], "texture": "#3"},
				"east": {"uv": [0, 0, 8.6, 0.2], "texture": "#3"},
				"south": {"uv": [0, 0, 9, 0.2], "texture": "#3"},
				"west": {"uv": [0, 0, 8.6, 0.2], "texture": "#3"},
				"up": {"uv": [0, 0, 9, 8.6], "texture": "#5"},
				"down": {"uv": [0, 0, 9, 8.6], "texture": "#3"}
			}
		},
		{
			"from": [5.3, 12, 4],
			"to": [10.4, 14, 9],
			"rotation": {"angle": -22.5, "axis": "x", "origin": [7.9, 13.5, 7]},
			"faces": {
				"north": {"uv": [0, 0, 5.1, 2], "texture": "#3"},
				"east": {"uv": [0, 0, 5, 2], "texture": "#3"},
				"south": {"uv": [0, 0, 5.1, 2], "texture": "#3"},
				"west": {"uv": [0, 0, 5, 2], "texture": "#3"},
				"up": {"uv": [0, 0, 5.1, 5], "texture": "#3"},
				"down": {"uv": [0, 0, 5.1, 5], "texture": "#3"}
			}
		},
		{
			"from": [5.6, 12.6, 4.7],
			"to": [10.1, 16, 8.5],
			"rotation": {"angle": -45, "axis": "x", "origin": [7.9, 13.5, 7]},
			"faces": {
				"north": {"uv": [0, 0, 4.5, 3.4], "texture": "#3"},
				"east": {"uv": [0, 0, 3.8, 3.4], "texture": "#3"},
				"south": {"uv": [0, 0, 4.5, 3.4], "texture": "#3"},
				"west": {"uv": [0, 0, 3.8, 3.4], "texture": "#3"},
				"up": {"uv": [0, 0, 4.5, 3.8], "texture": "#3"},
				"down": {"uv": [0, 0, 4.5, 3.8], "texture": "#3"}
			}
		},
		{
			"from": [5.7, 12.6, 2.1],
			"to": [10, 15.6, 5.3],
			"rotation": {"angle": 22.5, "axis": "x", "origin": [7.9, 13.5, 7]},
			"faces": {
				"north": {"uv": [0, 0, 4.3, 2.8], "rotation": 180, "texture": "#3"},
				"east": {"uv": [0, 0, 2.8, 3.2], "rotation": 90, "texture": "#3"},
				"south": {"uv": [0, 0, 4.3, 2.8], "texture": "#3"},
				"west": {"uv": [0, 0, 2.8, 3.2], "rotation": 270, "texture": "#3"},
				"up": {"uv": [0, 0, 4.3, 3.2], "texture": "#3"},
				"down": {"uv": [0, 0, 4.3, 3.2], "rotation": 180, "texture": "#3"}
			}
		},
		{
			"from": [6, 12.9, 0.6],
			"to": [9.8, 15.2, 2.1],
			"rotation": {"angle": 22.5, "axis": "x", "origin": [7.9, 13.3, 7]},
			"faces": {
				"north": {"uv": [0, 0, 4.3, 2.8], "rotation": 180, "texture": "#3"},
				"east": {"uv": [0, 0, 2.8, 3.2], "rotation": 90, "texture": "#3"},
				"south": {"uv": [0, 0, 4.3, 2.8], "texture": "#3"},
				"west": {"uv": [0, 0, 2.8, 3.2], "rotation": 270, "texture": "#3"},
				"up": {"uv": [0, 0, 4.3, 3.2], "texture": "#3"},
				"down": {"uv": [0, 0, 4.3, 3.2], "rotation": 180, "texture": "#3"}
			}
		},
		{
			"from": [6.2, 10.6, 0],
			"to": [9.6, 12.4, 1.3],
			"rotation": {"angle": 45, "axis": "x", "origin": [7.9, 13.3, 7]},
			"faces": {
				"north": {"uv": [0, 0, 4.3, 2.8], "rotation": 180, "texture": "#3"},
				"east": {"uv": [0, 0, 2.8, 3.2], "rotation": 90, "texture": "#3"},
				"south": {"uv": [0, 0, 4.3, 2.8], "texture": "#3"},
				"west": {"uv": [0, 0, 2.8, 3.2], "rotation": 270, "texture": "#3"},
				"up": {"uv": [0, 0, 4.3, 3.2], "texture": "#3"},
				"down": {"uv": [0, 0, 4.3, 3.2], "rotation": 180, "texture": "#3"}
			}
		},
		{
			"from": [6.4, 13.6, -0.8],
			"to": [9.5, 15, 0.3],
			"rotation": {"angle": 22.5, "axis": "x", "origin": [7.9, 13.3, 7]},
			"faces": {
				"north": {"uv": [0, 0, 4.3, 2.8], "rotation": 180, "texture": "#3"},
				"east": {"uv": [0, 0, 2.8, 3.2], "rotation": 90, "texture": "#3"},
				"south": {"uv": [0, 0, 4.3, 2.8], "texture": "#3"},
				"west": {"uv": [0, 0, 2.8, 3.2], "rotation": 270, "texture": "#3"},
				"up": {"uv": [0, 0, 4.3, 3.2], "texture": "#3"},
				"down": {"uv": [0, 0, 4.3, 3.2], "rotation": 180, "texture": "#3"}
			}
		},
		{
			"from": [7, 17.11929, -0.88171],
			"to": [8.9, 18.01929, 0.71829],
			"rotation": {"angle": 45, "axis": "x", "origin": [7.95, 17.41929, -0.33171]},
			"faces": {
				"north": {"uv": [0, 0, 4.3, 2.8], "rotation": 180, "texture": "#3"},
				"east": {"uv": [0, 0, 2.8, 3.2], "rotation": 90, "texture": "#3"},
				"south": {"uv": [0, 0, 4.3, 2.8], "texture": "#3"},
				"west": {"uv": [0, 0, 2.8, 3.2], "rotation": 270, "texture": "#3"},
				"up": {"uv": [0, 0, 4.3, 3.2], "texture": "#3"},
				"down": {"uv": [0, 0, 4.3, 3.2], "rotation": 180, "texture": "#3"}
			}
		},
		{
			"from": [4.4, 12, 5],
			"to": [11.4, 13, 10],
			"rotation": {"angle": 0, "axis": "y", "origin": [0.4, 0, 0]},
			"faces": {
				"north": {"uv": [0, 0, 7, 1], "texture": "#3"},
				"east": {"uv": [0, 0, 5, 1], "texture": "#3"},
				"south": {"uv": [0, 0, 7, 1], "texture": "#3"},
				"west": {"uv": [0, 0, 5, 1], "texture": "#3"},
				"up": {"uv": [0, 0, 7, 5], "texture": "#3"},
				"down": {"uv": [0, 0, 7, 5], "texture": "#3"}
			}
		}
	],
	"display": {
		"thirdperson_righthand": {
			"rotation": [90, 0, 0],
			"translation": [-6, 20, 0],
			"scale": [3, 3, 3]
		}
	},
	"groups": [
		0,
		1,
		2,
		3,
		4,
		5,
		6,
		7,
		8,
		9,
		10,
		11,
		12,
		13,
		14,
		15,
		16,
		17,
		18,
		19,
		20,
		21,
		22,
		23,
		24,
		25,
		26,
		27,
		28,
		29,
		30,
		31,
		32,
		33,
		34,
		35,
		36,
		37,
		38,
		39,
		40,
		41,
		42,
		43,
		44,
		45,
		46,
		47,
		48,
		49,
		50,
		51,
		52,
		53,
		54,
		55,
		56,
		57,
		58,
		59,
		60,
		61,
		62,
		63,
		64,
		{
			"name": "group",
			"origin": [0, 0, 0],
			"color": 0,
			"children": [65, 66, 67, 68, 69, 70, 71, 72, 73]
		}
	]
}
