{
	"textures": {
		"0": "entity/chest/christmas",
		"1": "block/bone_block_side",
		"2": "block/bone_block_top",
		"3": "block/pink_concrete_powder",
		"particle": "entity/chest/christmas"
	},
	"elements": [
		{
			"name": "top",
			"from": [-0.2, 1.8, -0.1],
			"to": [16.1, 6.8, 16.1],
			"rotation": {"angle": 0, "axis": "y", "origin": [0, -24.7, 0]},
			"faces": {
				"north": {"uv": [7, 3.5, 10.5, 4.75], "texture": "#0"},
				"east": {"uv": [3.5, 3.5, 7, 4.75], "texture": "#0"},
				"south": {"uv": [0, 3.5, 3.5, 4.75], "texture": "#0"},
				"west": {"uv": [10.5, 3.5, 14, 4.75], "texture": "#0"},
				"up": {"uv": [7, 0, 10.5, 3.5], "texture": "#0"},
				"down": {"uv": [3.5, 4.75, 7, 8.25], "texture": "#0"}
			}
		},
		{
			"name": "buckle",
			"from": [6.8, 0.8, -1.3],
			"to": [9.1, 3.8, -0.1],
			"rotation": {"angle": 0, "axis": "y", "origin": [0, -24.7, 0]},
			"faces": {
				"north": {"uv": [0, 0.25, 0.75, 0.75], "texture": "#0"},
				"east": {"uv": [0.75, 0.25, 1.5, 0.75], "texture": "#0"},
				"south": {"uv": [0, 0.75, 0.75, 1.25], "texture": "#0"},
				"west": {"uv": [0.75, 0.75, 1.5, 1.25], "texture": "#0"},
				"up": {"uv": [0.25, 0, 0.75, 0.25], "texture": "#0"},
				"down": {"uv": [0.75, 0, 1.25, 0.25], "texture": "#0"}
			}
		},
		{
			"from": [14.4, 0.8, 2.4],
			"to": [15.4, 2.1, 3.4],
			"rotation": {"angle": 0, "axis": "y", "origin": [16, 14.1, -6.6]},
			"faces": {
				"north": {"uv": [0, 1, 1, 2.3], "texture": "#1"},
				"east": {"uv": [0, 1, 1, 2.3], "texture": "#1"},
				"south": {"uv": [0, 1, 1, 2.3], "texture": "#1"},
				"west": {"uv": [0, 1, 1, 2.3], "texture": "#1"},
				"up": {"uv": [1, 0, 2, 1], "rotation": 270, "texture": "#missing"},
				"down": {"uv": [1, 0, 2, 1], "rotation": 90, "texture": "#2"}
			}
		},
		{
			"from": [14.4, 0.5, 2.5],
			"to": [15.2, 1.3, 3.3],
			"rotation": {"angle": -22.5, "axis": "z", "origin": [14.95, 0.85, 2.9]},
			"faces": {
				"north": {"uv": [0, 0.5, 0.8, 1.3], "texture": "#1"},
				"east": {"uv": [0, 0.5, 0.8, 1.3], "texture": "#1"},
				"south": {"uv": [0, 0.5, 0.8, 1.3], "texture": "#1"},
				"west": {"uv": [0, 0.5, 0.8, 1.3], "texture": "#1"},
				"up": {"uv": [0.8, 0, 1.6, 0.8], "rotation": 270, "texture": "#missing"},
				"down": {"uv": [0.8, 0, 1.6, 0.8], "rotation": 90, "texture": "#2"}
			}
		},
		{
			"from": [13.8, -0.2, 2.6],
			"to": [14.4, 0.7, 3.2],
			"rotation": {"angle": -45, "axis": "z", "origin": [14.95, -0.15, 2.9]},
			"faces": {
				"north": {"uv": [0, 0.6, 0.6, 1.5], "texture": "#1"},
				"east": {"uv": [0, 0.6, 0.6, 1.5], "texture": "#1"},
				"south": {"uv": [0, 0.6, 0.6, 1.5], "texture": "#1"},
				"west": {"uv": [0, 0.6, 0.6, 1.5], "texture": "#1"},
				"up": {"uv": [0.6, 0, 1.2, 0.6], "rotation": 270, "texture": "#missing"},
				"down": {"uv": [0.6, 0, 1.2, 0.6], "rotation": 90, "texture": "#2"}
			}
		},
		{
			"from": [13.9, -0.4, 2.7],
			"to": [14.3, 0.1, 3.1],
			"rotation": {"angle": -45, "axis": "z", "origin": [14.95, -0.15, 2.9]},
			"faces": {
				"north": {"uv": [0, 0.2, 0.4, 0.7], "texture": "#1"},
				"east": {"uv": [0, 0.2, 0.4, 0.7], "texture": "#1"},
				"south": {"uv": [0, 0.2, 0.4, 0.7], "texture": "#1"},
				"west": {"uv": [0, 0.2, 0.4, 0.7], "texture": "#1"},
				"up": {"uv": [0.4, 0, 0.8, 0.4], "rotation": 270, "texture": "#missing"},
				"down": {"uv": [0.4, 0, 0.8, 0.4], "rotation": 90, "texture": "#2"}
			}
		},
		{
			"from": [0.6, 0.8, 8.4],
			"to": [1.6, 2.1, 9.4],
			"rotation": {"angle": 0, "axis": "y", "origin": [0, 14.1, -0.6]},
			"faces": {
				"north": {"uv": [1, 1, 2, 2.3], "texture": "#1"},
				"east": {"uv": [1, 1, 2, 2.3], "texture": "#1"},
				"south": {"uv": [1, 1, 2, 2.3], "texture": "#1"},
				"west": {"uv": [1, 1, 2, 2.3], "texture": "#1"},
				"up": {"uv": [1, 1, 2, 2], "rotation": 270, "texture": "#missing"},
				"down": {"uv": [1, 1, 2, 2], "rotation": 90, "texture": "#2"}
			}
		},
		{
			"from": [0.8, 0.5, 8.5],
			"to": [1.6, 1.3, 9.3],
			"rotation": {"angle": 22.5, "axis": "z", "origin": [1.05, 0.85, 8.9]},
			"faces": {
				"north": {"uv": [0.8, 0.5, 1.6, 1.3], "texture": "#1"},
				"east": {"uv": [0.8, 0.5, 1.6, 1.3], "texture": "#1"},
				"south": {"uv": [0.8, 0.5, 1.6, 1.3], "texture": "#1"},
				"west": {"uv": [0.8, 0.5, 1.6, 1.3], "texture": "#1"},
				"up": {"uv": [0.8, 0.8, 1.6, 1.6], "rotation": 270, "texture": "#missing"},
				"down": {"uv": [0.8, 0.8, 1.6, 1.6], "rotation": 90, "texture": "#2"}
			}
		},
		{
			"from": [1.6, -0.2, 8.6],
			"to": [2.2, 0.7, 9.2],
			"rotation": {"angle": 45, "axis": "z", "origin": [1.05, -0.15, 8.9]},
			"faces": {
				"north": {"uv": [0.6, 0.6, 1.2, 1.5], "texture": "#1"},
				"east": {"uv": [0.6, 0.6, 1.2, 1.5], "texture": "#1"},
				"south": {"uv": [0.6, 0.6, 1.2, 1.5], "texture": "#1"},
				"west": {"uv": [0.6, 0.6, 1.2, 1.5], "texture": "#1"},
				"up": {"uv": [0.6, 0.6, 1.2, 1.2], "rotation": 270, "texture": "#missing"},
				"down": {"uv": [0.6, 0.6, 1.2, 1.2], "rotation": 90, "texture": "#2"}
			}
		},
		{
			"from": [1.7, -0.4, 8.7],
			"to": [2.1, 0.1, 9.1],
			"rotation": {"angle": 45, "axis": "z", "origin": [1.05, -0.15, 8.9]},
			"faces": {
				"north": {"uv": [0.4, 0.2, 0.8, 0.7], "texture": "#1"},
				"east": {"uv": [0.4, 0.2, 0.8, 0.7], "texture": "#1"},
				"south": {"uv": [0.4, 0.2, 0.8, 0.7], "texture": "#1"},
				"west": {"uv": [0.4, 0.2, 0.8, 0.7], "texture": "#1"},
				"up": {"uv": [0.4, 0.4, 0.8, 0.8], "rotation": 270, "texture": "#missing"},
				"down": {"uv": [0.4, 0.4, 0.8, 0.8], "rotation": 90, "texture": "#2"}
			}
		},
		{
			"from": [0.6, 0.8, 10.4],
			"to": [1.6, 2.1, 11.4],
			"rotation": {"angle": 0, "axis": "y", "origin": [0, 14.1, 1.4]},
			"faces": {
				"north": {"uv": [1, 1, 2, 2.3], "texture": "#1"},
				"east": {"uv": [1, 1, 2, 2.3], "texture": "#1"},
				"south": {"uv": [1, 1, 2, 2.3], "texture": "#1"},
				"west": {"uv": [1, 1, 2, 2.3], "texture": "#1"},
				"up": {"uv": [1, 1, 2, 2], "rotation": 270, "texture": "#missing"},
				"down": {"uv": [1, 1, 2, 2], "rotation": 90, "texture": "#2"}
			}
		},
		{
			"from": [0.8, 0.5, 10.5],
			"to": [1.6, 1.3, 11.3],
			"rotation": {"angle": 22.5, "axis": "z", "origin": [1.05, 0.85, 10.9]},
			"faces": {
				"north": {"uv": [0.8, 0.5, 1.6, 1.3], "texture": "#1"},
				"east": {"uv": [0.8, 0.5, 1.6, 1.3], "texture": "#1"},
				"south": {"uv": [0.8, 0.5, 1.6, 1.3], "texture": "#1"},
				"west": {"uv": [0.8, 0.5, 1.6, 1.3], "texture": "#1"},
				"up": {"uv": [0.8, 0.8, 1.6, 1.6], "rotation": 270, "texture": "#missing"},
				"down": {"uv": [0.8, 0.8, 1.6, 1.6], "rotation": 90, "texture": "#2"}
			}
		},
		{
			"from": [1.6, -0.2, 10.6],
			"to": [2.2, 0.7, 11.2],
			"rotation": {"angle": 45, "axis": "z", "origin": [1.05, -0.15, 10.9]},
			"faces": {
				"north": {"uv": [0.6, 0.6, 1.2, 1.5], "texture": "#1"},
				"east": {"uv": [0.6, 0.6, 1.2, 1.5], "texture": "#1"},
				"south": {"uv": [0.6, 0.6, 1.2, 1.5], "texture": "#1"},
				"west": {"uv": [0.6, 0.6, 1.2, 1.5], "texture": "#1"},
				"up": {"uv": [0.6, 0.6, 1.2, 1.2], "rotation": 270, "texture": "#missing"},
				"down": {"uv": [0.6, 0.6, 1.2, 1.2], "rotation": 90, "texture": "#2"}
			}
		},
		{
			"from": [1.7, -0.4, 10.7],
			"to": [2.1, 0.1, 11.1],
			"rotation": {"angle": 45, "axis": "z", "origin": [1.05, -0.15, 10.9]},
			"faces": {
				"north": {"uv": [0.4, 0.2, 0.8, 0.7], "texture": "#1"},
				"east": {"uv": [0.4, 0.2, 0.8, 0.7], "texture": "#1"},
				"south": {"uv": [0.4, 0.2, 0.8, 0.7], "texture": "#1"},
				"west": {"uv": [0.4, 0.2, 0.8, 0.7], "texture": "#1"},
				"up": {"uv": [0.4, 0.4, 0.8, 0.8], "rotation": 270, "texture": "#missing"},
				"down": {"uv": [0.4, 0.4, 0.8, 0.8], "rotation": 90, "texture": "#2"}
			}
		},
		{
			"from": [0.8, 0.5, 6.5],
			"to": [1.6, 1.3, 7.3],
			"rotation": {"angle": 22.5, "axis": "z", "origin": [1.05, 0.85, 6.9]},
			"faces": {
				"north": {"uv": [0.8, 0.5, 1.6, 1.3], "texture": "#1"},
				"east": {"uv": [0.8, 0.5, 1.6, 1.3], "texture": "#1"},
				"south": {"uv": [0.8, 0.5, 1.6, 1.3], "texture": "#1"},
				"west": {"uv": [0.8, 0.5, 1.6, 1.3], "texture": "#1"},
				"up": {"uv": [0.8, 0.8, 1.6, 1.6], "rotation": 270, "texture": "#missing"},
				"down": {"uv": [0.8, 0.8, 1.6, 1.6], "rotation": 90, "texture": "#2"}
			}
		},
		{
			"from": [1.7, -0.4, 6.7],
			"to": [2.1, 0.1, 7.1],
			"rotation": {"angle": 45, "axis": "z", "origin": [1.05, -0.15, 6.9]},
			"faces": {
				"north": {"uv": [0.4, 0.2, 0.8, 0.7], "texture": "#1"},
				"east": {"uv": [0.4, 0.2, 0.8, 0.7], "texture": "#1"},
				"south": {"uv": [0.4, 0.2, 0.8, 0.7], "texture": "#1"},
				"west": {"uv": [0.4, 0.2, 0.8, 0.7], "texture": "#1"},
				"up": {"uv": [0.4, 0.4, 0.8, 0.8], "rotation": 270, "texture": "#missing"},
				"down": {"uv": [0.4, 0.4, 0.8, 0.8], "rotation": 90, "texture": "#2"}
			}
		},
		{
			"from": [1.6, -0.2, 6.6],
			"to": [2.2, 0.7, 7.2],
			"rotation": {"angle": 45, "axis": "z", "origin": [1.05, -0.15, 6.9]},
			"faces": {
				"north": {"uv": [0.6, 0.6, 1.2, 1.5], "texture": "#1"},
				"east": {"uv": [0.6, 0.6, 1.2, 1.5], "texture": "#1"},
				"south": {"uv": [0.6, 0.6, 1.2, 1.5], "texture": "#1"},
				"west": {"uv": [0.6, 0.6, 1.2, 1.5], "texture": "#1"},
				"up": {"uv": [0.6, 0.6, 1.2, 1.2], "rotation": 270, "texture": "#missing"},
				"down": {"uv": [0.6, 0.6, 1.2, 1.2], "rotation": 90, "texture": "#2"}
			}
		},
		{
			"from": [0.6, 0.8, 6.4],
			"to": [1.6, 2.1, 7.4],
			"rotation": {"angle": 0, "axis": "y", "origin": [0, 14.1, -2.6]},
			"faces": {
				"north": {"uv": [1, 1, 2, 2.3], "texture": "#1"},
				"east": {"uv": [1, 1, 2, 2.3], "texture": "#1"},
				"south": {"uv": [1, 1, 2, 2.3], "texture": "#1"},
				"west": {"uv": [1, 1, 2, 2.3], "texture": "#1"},
				"up": {"uv": [1, 1, 2, 2], "rotation": 270, "texture": "#missing"},
				"down": {"uv": [1, 1, 2, 2], "rotation": 90, "texture": "#2"}
			}
		},
		{
			"from": [0.6, 0.8, 4.4],
			"to": [1.6, 2.1, 5.4],
			"rotation": {"angle": 0, "axis": "y", "origin": [0, 14.1, -4.6]},
			"faces": {
				"north": {"uv": [1, 1, 2, 2.3], "texture": "#1"},
				"east": {"uv": [1, 1, 2, 2.3], "texture": "#1"},
				"south": {"uv": [1, 1, 2, 2.3], "texture": "#1"},
				"west": {"uv": [1, 1, 2, 2.3], "texture": "#1"},
				"up": {"uv": [1, 1, 2, 2], "rotation": 270, "texture": "#missing"},
				"down": {"uv": [1, 1, 2, 2], "rotation": 90, "texture": "#2"}
			}
		},
		{
			"from": [0.8, 0.5, 4.5],
			"to": [1.6, 1.3, 5.3],
			"rotation": {"angle": 22.5, "axis": "z", "origin": [1.05, 0.85, 4.9]},
			"faces": {
				"north": {"uv": [0.8, 0.5, 1.6, 1.3], "texture": "#1"},
				"east": {"uv": [0.8, 0.5, 1.6, 1.3], "texture": "#1"},
				"south": {"uv": [0.8, 0.5, 1.6, 1.3], "texture": "#1"},
				"west": {"uv": [0.8, 0.5, 1.6, 1.3], "texture": "#1"},
				"up": {"uv": [0.8, 0.8, 1.6, 1.6], "rotation": 270, "texture": "#missing"},
				"down": {"uv": [0.8, 0.8, 1.6, 1.6], "rotation": 90, "texture": "#2"}
			}
		},
		{
			"from": [1.6, -0.2, 4.6],
			"to": [2.2, 0.7, 5.2],
			"rotation": {"angle": 45, "axis": "z", "origin": [1.05, -0.15, 4.9]},
			"faces": {
				"north": {"uv": [0.6, 0.6, 1.2, 1.5], "texture": "#1"},
				"east": {"uv": [0.6, 0.6, 1.2, 1.5], "texture": "#1"},
				"south": {"uv": [0.6, 0.6, 1.2, 1.5], "texture": "#1"},
				"west": {"uv": [0.6, 0.6, 1.2, 1.5], "texture": "#1"},
				"up": {"uv": [0.6, 0.6, 1.2, 1.2], "rotation": 270, "texture": "#missing"},
				"down": {"uv": [0.6, 0.6, 1.2, 1.2], "rotation": 90, "texture": "#2"}
			}
		},
		{
			"from": [1.7, -0.4, 4.7],
			"to": [2.1, 0.1, 5.1],
			"rotation": {"angle": 45, "axis": "z", "origin": [1.05, -0.15, 4.9]},
			"faces": {
				"north": {"uv": [0.4, 0.2, 0.8, 0.7], "texture": "#1"},
				"east": {"uv": [0.4, 0.2, 0.8, 0.7], "texture": "#1"},
				"south": {"uv": [0.4, 0.2, 0.8, 0.7], "texture": "#1"},
				"west": {"uv": [0.4, 0.2, 0.8, 0.7], "texture": "#1"},
				"up": {"uv": [0.4, 0.4, 0.8, 0.8], "rotation": 270, "texture": "#missing"},
				"down": {"uv": [0.4, 0.4, 0.8, 0.8], "rotation": 90, "texture": "#2"}
			}
		},
		{
			"from": [0.6, 0.8, 2.4],
			"to": [1.6, 2.1, 3.4],
			"rotation": {"angle": 0, "axis": "y", "origin": [0, 14.1, -6.6]},
			"faces": {
				"north": {"uv": [1, 1, 2, 2.3], "texture": "#1"},
				"east": {"uv": [1, 1, 2, 2.3], "texture": "#1"},
				"south": {"uv": [1, 1, 2, 2.3], "texture": "#1"},
				"west": {"uv": [1, 1, 2, 2.3], "texture": "#1"},
				"up": {"uv": [1, 1, 2, 2], "rotation": 270, "texture": "#missing"},
				"down": {"uv": [1, 1, 2, 2], "rotation": 90, "texture": "#2"}
			}
		},
		{
			"from": [0.8, 0.5, 2.5],
			"to": [1.6, 1.3, 3.3],
			"rotation": {"angle": 22.5, "axis": "z", "origin": [1.05, 0.85, 2.9]},
			"faces": {
				"north": {"uv": [0.8, 0.5, 1.6, 1.3], "texture": "#1"},
				"east": {"uv": [0.8, 0.5, 1.6, 1.3], "texture": "#1"},
				"south": {"uv": [0.8, 0.5, 1.6, 1.3], "texture": "#1"},
				"west": {"uv": [0.8, 0.5, 1.6, 1.3], "texture": "#1"},
				"up": {"uv": [0.8, 0.8, 1.6, 1.6], "rotation": 270, "texture": "#missing"},
				"down": {"uv": [0.8, 0.8, 1.6, 1.6], "rotation": 90, "texture": "#2"}
			}
		},
		{
			"from": [1.6, -0.2, 2.6],
			"to": [2.2, 0.7, 3.2],
			"rotation": {"angle": 45, "axis": "z", "origin": [1.05, -0.15, 2.9]},
			"faces": {
				"north": {"uv": [0.6, 0.6, 1.2, 1.5], "texture": "#1"},
				"east": {"uv": [0.6, 0.6, 1.2, 1.5], "texture": "#1"},
				"south": {"uv": [0.6, 0.6, 1.2, 1.5], "texture": "#1"},
				"west": {"uv": [0.6, 0.6, 1.2, 1.5], "texture": "#1"},
				"up": {"uv": [0.6, 0.6, 1.2, 1.2], "rotation": 270, "texture": "#missing"},
				"down": {"uv": [0.6, 0.6, 1.2, 1.2], "rotation": 90, "texture": "#2"}
			}
		},
		{
			"from": [1.7, -0.4, 2.7],
			"to": [2.1, 0.1, 3.1],
			"rotation": {"angle": 45, "axis": "z", "origin": [1.05, -0.15, 2.9]},
			"faces": {
				"north": {"uv": [0.4, 0.2, 0.8, 0.7], "texture": "#1"},
				"east": {"uv": [0.4, 0.2, 0.8, 0.7], "texture": "#1"},
				"south": {"uv": [0.4, 0.2, 0.8, 0.7], "texture": "#1"},
				"west": {"uv": [0.4, 0.2, 0.8, 0.7], "texture": "#1"},
				"up": {"uv": [0.4, 0.4, 0.8, 0.8], "rotation": 270, "texture": "#missing"},
				"down": {"uv": [0.4, 0.4, 0.8, 0.8], "rotation": 90, "texture": "#2"}
			}
		},
		{
			"from": [14.4, 0.8, 4.4],
			"to": [15.4, 2.1, 5.4],
			"rotation": {"angle": 0, "axis": "y", "origin": [16, 14.1, -4.6]},
			"faces": {
				"north": {"uv": [0, 1, 1, 2.3], "texture": "#1"},
				"east": {"uv": [0, 1, 1, 2.3], "texture": "#1"},
				"south": {"uv": [0, 1, 1, 2.3], "texture": "#1"},
				"west": {"uv": [0, 1, 1, 2.3], "texture": "#1"},
				"up": {"uv": [1, 0, 2, 1], "rotation": 270, "texture": "#missing"},
				"down": {"uv": [1, 0, 2, 1], "rotation": 90, "texture": "#2"}
			}
		},
		{
			"from": [14.4, 0.5, 4.5],
			"to": [15.2, 1.3, 5.3],
			"rotation": {"angle": -22.5, "axis": "z", "origin": [14.95, 0.85, 4.9]},
			"faces": {
				"north": {"uv": [0, 0.5, 0.8, 1.3], "texture": "#1"},
				"east": {"uv": [0, 0.5, 0.8, 1.3], "texture": "#1"},
				"south": {"uv": [0, 0.5, 0.8, 1.3], "texture": "#1"},
				"west": {"uv": [0, 0.5, 0.8, 1.3], "texture": "#1"},
				"up": {"uv": [0.8, 0, 1.6, 0.8], "rotation": 270, "texture": "#missing"},
				"down": {"uv": [0.8, 0, 1.6, 0.8], "rotation": 90, "texture": "#2"}
			}
		},
		{
			"from": [13.8, -0.2, 4.6],
			"to": [14.4, 0.7, 5.2],
			"rotation": {"angle": -45, "axis": "z", "origin": [14.95, -0.15, 4.9]},
			"faces": {
				"north": {"uv": [0, 0.6, 0.6, 1.5], "texture": "#1"},
				"east": {"uv": [0, 0.6, 0.6, 1.5], "texture": "#1"},
				"south": {"uv": [0, 0.6, 0.6, 1.5], "texture": "#1"},
				"west": {"uv": [0, 0.6, 0.6, 1.5], "texture": "#1"},
				"up": {"uv": [0.6, 0, 1.2, 0.6], "rotation": 270, "texture": "#missing"},
				"down": {"uv": [0.6, 0, 1.2, 0.6], "rotation": 90, "texture": "#2"}
			}
		},
		{
			"from": [13.9, -0.4, 4.7],
			"to": [14.3, 0.1, 5.1],
			"rotation": {"angle": -45, "axis": "z", "origin": [14.95, -0.15, 4.9]},
			"faces": {
				"north": {"uv": [0, 0.2, 0.4, 0.7], "texture": "#1"},
				"east": {"uv": [0, 0.2, 0.4, 0.7], "texture": "#1"},
				"south": {"uv": [0, 0.2, 0.4, 0.7], "texture": "#1"},
				"west": {"uv": [0, 0.2, 0.4, 0.7], "texture": "#1"},
				"up": {"uv": [0.4, 0, 0.8, 0.4], "rotation": 270, "texture": "#missing"},
				"down": {"uv": [0.4, 0, 0.8, 0.4], "rotation": 90, "texture": "#2"}
			}
		},
		{
			"from": [13.9, -0.4, 6.7],
			"to": [14.3, 0.1, 7.1],
			"rotation": {"angle": -45, "axis": "z", "origin": [14.95, -0.15, 6.9]},
			"faces": {
				"north": {"uv": [0, 0.2, 0.4, 0.7], "texture": "#1"},
				"east": {"uv": [0, 0.2, 0.4, 0.7], "texture": "#1"},
				"south": {"uv": [0, 0.2, 0.4, 0.7], "texture": "#1"},
				"west": {"uv": [0, 0.2, 0.4, 0.7], "texture": "#1"},
				"up": {"uv": [0.4, 0, 0.8, 0.4], "rotation": 270, "texture": "#missing"},
				"down": {"uv": [0.4, 0, 0.8, 0.4], "rotation": 90, "texture": "#2"}
			}
		},
		{
			"from": [13.8, -0.2, 6.6],
			"to": [14.4, 0.7, 7.2],
			"rotation": {"angle": -45, "axis": "z", "origin": [14.95, -0.15, 6.9]},
			"faces": {
				"north": {"uv": [0, 0.6, 0.6, 1.5], "texture": "#1"},
				"east": {"uv": [0, 0.6, 0.6, 1.5], "texture": "#1"},
				"south": {"uv": [0, 0.6, 0.6, 1.5], "texture": "#1"},
				"west": {"uv": [0, 0.6, 0.6, 1.5], "texture": "#1"},
				"up": {"uv": [0.6, 0, 1.2, 0.6], "rotation": 270, "texture": "#missing"},
				"down": {"uv": [0.6, 0, 1.2, 0.6], "rotation": 90, "texture": "#2"}
			}
		},
		{
			"from": [14.4, 0.5, 6.5],
			"to": [15.2, 1.3, 7.3],
			"rotation": {"angle": -22.5, "axis": "z", "origin": [14.95, 0.85, 6.9]},
			"faces": {
				"north": {"uv": [0, 0.5, 0.8, 1.3], "texture": "#1"},
				"east": {"uv": [0, 0.5, 0.8, 1.3], "texture": "#1"},
				"south": {"uv": [0, 0.5, 0.8, 1.3], "texture": "#1"},
				"west": {"uv": [0, 0.5, 0.8, 1.3], "texture": "#1"},
				"up": {"uv": [0.8, 0, 1.6, 0.8], "rotation": 270, "texture": "#missing"},
				"down": {"uv": [0.8, 0, 1.6, 0.8], "rotation": 90, "texture": "#2"}
			}
		},
		{
			"from": [14.4, 0.8, 6.4],
			"to": [15.4, 2.1, 7.4],
			"rotation": {"angle": 0, "axis": "y", "origin": [16, 14.1, -2.6]},
			"faces": {
				"north": {"uv": [0, 1, 1, 2.3], "texture": "#1"},
				"east": {"uv": [0, 1, 1, 2.3], "texture": "#1"},
				"south": {"uv": [0, 1, 1, 2.3], "texture": "#1"},
				"west": {"uv": [0, 1, 1, 2.3], "texture": "#1"},
				"up": {"uv": [1, 0, 2, 1], "rotation": 270, "texture": "#missing"},
				"down": {"uv": [1, 0, 2, 1], "rotation": 90, "texture": "#2"}
			}
		},
		{
			"from": [14.4, 0.8, 10.4],
			"to": [15.4, 2.1, 11.4],
			"rotation": {"angle": 0, "axis": "y", "origin": [16, 14.1, 1.4]},
			"faces": {
				"north": {"uv": [0, 1, 1, 2.3], "texture": "#1"},
				"east": {"uv": [0, 1, 1, 2.3], "texture": "#1"},
				"south": {"uv": [0, 1, 1, 2.3], "texture": "#1"},
				"west": {"uv": [0, 1, 1, 2.3], "texture": "#1"},
				"up": {"uv": [1, 0, 2, 1], "rotation": 270, "texture": "#missing"},
				"down": {"uv": [1, 0, 2, 1], "rotation": 90, "texture": "#2"}
			}
		},
		{
			"from": [14.4, 0.5, 10.5],
			"to": [15.2, 1.3, 11.3],
			"rotation": {"angle": -22.5, "axis": "z", "origin": [14.95, 0.85, 10.9]},
			"faces": {
				"north": {"uv": [0, 0.5, 0.8, 1.3], "texture": "#1"},
				"east": {"uv": [0, 0.5, 0.8, 1.3], "texture": "#1"},
				"south": {"uv": [0, 0.5, 0.8, 1.3], "texture": "#1"},
				"west": {"uv": [0, 0.5, 0.8, 1.3], "texture": "#1"},
				"up": {"uv": [0.8, 0, 1.6, 0.8], "rotation": 270, "texture": "#missing"},
				"down": {"uv": [0.8, 0, 1.6, 0.8], "rotation": 90, "texture": "#2"}
			}
		},
		{
			"from": [13.8, -0.2, 10.6],
			"to": [14.4, 0.7, 11.2],
			"rotation": {"angle": -45, "axis": "z", "origin": [14.95, -0.15, 10.9]},
			"faces": {
				"north": {"uv": [0, 0.6, 0.6, 1.5], "texture": "#1"},
				"east": {"uv": [0, 0.6, 0.6, 1.5], "texture": "#1"},
				"south": {"uv": [0, 0.6, 0.6, 1.5], "texture": "#1"},
				"west": {"uv": [0, 0.6, 0.6, 1.5], "texture": "#1"},
				"up": {"uv": [0.6, 0, 1.2, 0.6], "rotation": 270, "texture": "#missing"},
				"down": {"uv": [0.6, 0, 1.2, 0.6], "rotation": 90, "texture": "#2"}
			}
		},
		{
			"from": [13.9, -0.4, 10.7],
			"to": [14.3, 0.1, 11.1],
			"rotation": {"angle": -45, "axis": "z", "origin": [14.95, -0.15, 10.9]},
			"faces": {
				"north": {"uv": [0, 0.2, 0.4, 0.7], "texture": "#1"},
				"east": {"uv": [0, 0.2, 0.4, 0.7], "texture": "#1"},
				"south": {"uv": [0, 0.2, 0.4, 0.7], "texture": "#1"},
				"west": {"uv": [0, 0.2, 0.4, 0.7], "texture": "#1"},
				"up": {"uv": [0.4, 0, 0.8, 0.4], "rotation": 270, "texture": "#missing"},
				"down": {"uv": [0.4, 0, 0.8, 0.4], "rotation": 90, "texture": "#2"}
			}
		},
		{
			"from": [14.4, 0.8, 8.4],
			"to": [15.4, 2.1, 9.4],
			"rotation": {"angle": 0, "axis": "y", "origin": [16, 14.1, -0.6]},
			"faces": {
				"north": {"uv": [0, 1, 1, 2.3], "texture": "#1"},
				"east": {"uv": [0, 1, 1, 2.3], "texture": "#1"},
				"south": {"uv": [0, 1, 1, 2.3], "texture": "#1"},
				"west": {"uv": [0, 1, 1, 2.3], "texture": "#1"},
				"up": {"uv": [1, 0, 2, 1], "rotation": 270, "texture": "#missing"},
				"down": {"uv": [1, 0, 2, 1], "rotation": 90, "texture": "#2"}
			}
		},
		{
			"from": [14.4, 0.5, 8.5],
			"to": [15.2, 1.3, 9.3],
			"rotation": {"angle": -22.5, "axis": "z", "origin": [14.95, 0.85, 8.9]},
			"faces": {
				"north": {"uv": [0, 0.5, 0.8, 1.3], "texture": "#1"},
				"east": {"uv": [0, 0.5, 0.8, 1.3], "texture": "#1"},
				"south": {"uv": [0, 0.5, 0.8, 1.3], "texture": "#1"},
				"west": {"uv": [0, 0.5, 0.8, 1.3], "texture": "#1"},
				"up": {"uv": [0.8, 0, 1.6, 0.8], "rotation": 270, "texture": "#missing"},
				"down": {"uv": [0.8, 0, 1.6, 0.8], "rotation": 90, "texture": "#2"}
			}
		},
		{
			"from": [13.8, -0.2, 8.6],
			"to": [14.4, 0.7, 9.2],
			"rotation": {"angle": -45, "axis": "z", "origin": [14.95, -0.15, 8.9]},
			"faces": {
				"north": {"uv": [0, 0.6, 0.6, 1.5], "texture": "#1"},
				"east": {"uv": [0, 0.6, 0.6, 1.5], "texture": "#1"},
				"south": {"uv": [0, 0.6, 0.6, 1.5], "texture": "#1"},
				"west": {"uv": [0, 0.6, 0.6, 1.5], "texture": "#1"},
				"up": {"uv": [0.6, 0, 1.2, 0.6], "rotation": 270, "texture": "#missing"},
				"down": {"uv": [0.6, 0, 1.2, 0.6], "rotation": 90, "texture": "#2"}
			}
		},
		{
			"from": [13.9, -0.4, 8.7],
			"to": [14.3, 0.1, 9.1],
			"rotation": {"angle": -45, "axis": "z", "origin": [14.95, -0.15, 8.9]},
			"faces": {
				"north": {"uv": [0, 0.2, 0.4, 0.7], "texture": "#1"},
				"east": {"uv": [0, 0.2, 0.4, 0.7], "texture": "#1"},
				"south": {"uv": [0, 0.2, 0.4, 0.7], "texture": "#1"},
				"west": {"uv": [0, 0.2, 0.4, 0.7], "texture": "#1"},
				"up": {"uv": [0.4, 0, 0.8, 0.4], "rotation": 270, "texture": "#missing"},
				"down": {"uv": [0.4, 0, 0.8, 0.4], "rotation": 90, "texture": "#2"}
			}
		},
		{
			"from": [12.9, -0.4, 1.7],
			"to": [13.3, 0.1, 2.1],
			"rotation": {"angle": -45, "axis": "x", "origin": [13.1, -0.15, 1.05]},
			"faces": {
				"north": {"uv": [0, 0.2, 0.4, 0.7], "texture": "#1"},
				"east": {"uv": [0, 0.2, 0.4, 0.7], "texture": "#1"},
				"south": {"uv": [0, 0.2, 0.4, 0.7], "texture": "#1"},
				"west": {"uv": [0, 0.2, 0.4, 0.7], "texture": "#1"},
				"up": {"uv": [0, 0.4, 0.4, 0.8], "texture": "#missing"},
				"down": {"uv": [0, 0.4, 0.4, 0.8], "texture": "#2"}
			}
		},
		{
			"from": [12.8, -0.2, 1.6],
			"to": [13.4, 0.7, 2.2],
			"rotation": {"angle": -45, "axis": "x", "origin": [13.1, -0.15, 1.05]},
			"faces": {
				"north": {"uv": [0, 0.6, 0.6, 1.5], "texture": "#1"},
				"east": {"uv": [0, 0.6, 0.6, 1.5], "texture": "#1"},
				"south": {"uv": [0, 0.6, 0.6, 1.5], "texture": "#1"},
				"west": {"uv": [0, 0.6, 0.6, 1.5], "texture": "#1"},
				"up": {"uv": [0, 0.6, 0.6, 1.2], "texture": "#missing"},
				"down": {"uv": [0, 0.6, 0.6, 1.2], "texture": "#2"}
			}
		},
		{
			"from": [12.7, 0.5, 0.8],
			"to": [13.5, 1.3, 1.6],
			"rotation": {"angle": -22.5, "axis": "x", "origin": [13.1, 0.85, 1.05]},
			"faces": {
				"north": {"uv": [0, 0.5, 0.8, 1.3], "texture": "#1"},
				"east": {"uv": [0, 0.5, 0.8, 1.3], "texture": "#1"},
				"south": {"uv": [0, 0.5, 0.8, 1.3], "texture": "#1"},
				"west": {"uv": [0, 0.5, 0.8, 1.3], "texture": "#1"},
				"up": {"uv": [0, 0.8, 0.8, 1.6], "texture": "#missing"},
				"down": {"uv": [0, 0.8, 0.8, 1.6], "texture": "#2"}
			}
		},
		{
			"from": [12.6, 0.8, 0.6],
			"to": [13.6, 2.1, 1.6],
			"rotation": {"angle": 0, "axis": "y", "origin": [3.6, 14.1, 0]},
			"faces": {
				"north": {"uv": [0, 1, 1, 2.3], "texture": "#1"},
				"east": {"uv": [0, 1, 1, 2.3], "texture": "#1"},
				"south": {"uv": [0, 1, 1, 2.3], "texture": "#1"},
				"west": {"uv": [0, 1, 1, 2.3], "texture": "#1"},
				"up": {"uv": [0, 1, 1, 2], "texture": "#missing"},
				"down": {"uv": [0, 1, 1, 2], "texture": "#2"}
			}
		},
		{
			"from": [10.6, 0.8, 0.6],
			"to": [11.6, 2.1, 1.6],
			"rotation": {"angle": 0, "axis": "y", "origin": [1.6, 14.1, 0]},
			"faces": {
				"north": {"uv": [0, 1, 1, 2.3], "texture": "#1"},
				"east": {"uv": [0, 1, 1, 2.3], "texture": "#1"},
				"south": {"uv": [0, 1, 1, 2.3], "texture": "#1"},
				"west": {"uv": [0, 1, 1, 2.3], "texture": "#1"},
				"up": {"uv": [0, 1, 1, 2], "texture": "#missing"},
				"down": {"uv": [0, 1, 1, 2], "texture": "#2"}
			}
		},
		{
			"from": [10.7, 0.5, 0.8],
			"to": [11.5, 1.3, 1.6],
			"rotation": {"angle": -22.5, "axis": "x", "origin": [11.1, 0.85, 1.05]},
			"faces": {
				"north": {"uv": [0, 0.5, 0.8, 1.3], "texture": "#1"},
				"east": {"uv": [0, 0.5, 0.8, 1.3], "texture": "#1"},
				"south": {"uv": [0, 0.5, 0.8, 1.3], "texture": "#1"},
				"west": {"uv": [0, 0.5, 0.8, 1.3], "texture": "#1"},
				"up": {"uv": [0, 0.8, 0.8, 1.6], "texture": "#missing"},
				"down": {"uv": [0, 0.8, 0.8, 1.6], "texture": "#2"}
			}
		},
		{
			"from": [10.8, -0.2, 1.6],
			"to": [11.4, 0.7, 2.2],
			"rotation": {"angle": -45, "axis": "x", "origin": [11.1, -0.15, 1.05]},
			"faces": {
				"north": {"uv": [0, 0.6, 0.6, 1.5], "texture": "#1"},
				"east": {"uv": [0, 0.6, 0.6, 1.5], "texture": "#1"},
				"south": {"uv": [0, 0.6, 0.6, 1.5], "texture": "#1"},
				"west": {"uv": [0, 0.6, 0.6, 1.5], "texture": "#1"},
				"up": {"uv": [0, 0.6, 0.6, 1.2], "texture": "#missing"},
				"down": {"uv": [0, 0.6, 0.6, 1.2], "texture": "#2"}
			}
		},
		{
			"from": [10.9, -0.4, 1.7],
			"to": [11.3, 0.1, 2.1],
			"rotation": {"angle": -45, "axis": "x", "origin": [11.1, -0.15, 1.05]},
			"faces": {
				"north": {"uv": [0, 0.2, 0.4, 0.7], "texture": "#1"},
				"east": {"uv": [0, 0.2, 0.4, 0.7], "texture": "#1"},
				"south": {"uv": [0, 0.2, 0.4, 0.7], "texture": "#1"},
				"west": {"uv": [0, 0.2, 0.4, 0.7], "texture": "#1"},
				"up": {"uv": [0, 0.4, 0.4, 0.8], "texture": "#missing"},
				"down": {"uv": [0, 0.4, 0.4, 0.8], "texture": "#2"}
			}
		},
		{
			"from": [8.6, 0.8, 0.6],
			"to": [9.6, 2.1, 1.6],
			"rotation": {"angle": 0, "axis": "y", "origin": [-0.4, 14.1, 0]},
			"faces": {
				"north": {"uv": [0, 1, 1, 2.3], "texture": "#1"},
				"east": {"uv": [0, 1, 1, 2.3], "texture": "#1"},
				"south": {"uv": [0, 1, 1, 2.3], "texture": "#1"},
				"west": {"uv": [0, 1, 1, 2.3], "texture": "#1"},
				"up": {"uv": [0, 1, 1, 2], "texture": "#missing"},
				"down": {"uv": [0, 1, 1, 2], "texture": "#2"}
			}
		},
		{
			"from": [8.7, 0.5, 0.8],
			"to": [9.5, 1.3, 1.6],
			"rotation": {"angle": -22.5, "axis": "x", "origin": [9.1, 0.85, 1.05]},
			"faces": {
				"north": {"uv": [0, 0.5, 0.8, 1.3], "texture": "#1"},
				"east": {"uv": [0, 0.5, 0.8, 1.3], "texture": "#1"},
				"south": {"uv": [0, 0.5, 0.8, 1.3], "texture": "#1"},
				"west": {"uv": [0, 0.5, 0.8, 1.3], "texture": "#1"},
				"up": {"uv": [0, 0.8, 0.8, 1.6], "texture": "#missing"},
				"down": {"uv": [0, 0.8, 0.8, 1.6], "texture": "#2"}
			}
		},
		{
			"from": [8.8, -0.2, 1.6],
			"to": [9.4, 0.7, 2.2],
			"rotation": {"angle": -45, "axis": "x", "origin": [9.1, -0.15, 1.05]},
			"faces": {
				"north": {"uv": [0, 0.6, 0.6, 1.5], "texture": "#1"},
				"east": {"uv": [0, 0.6, 0.6, 1.5], "texture": "#1"},
				"south": {"uv": [0, 0.6, 0.6, 1.5], "texture": "#1"},
				"west": {"uv": [0, 0.6, 0.6, 1.5], "texture": "#1"},
				"up": {"uv": [0, 0.6, 0.6, 1.2], "texture": "#missing"},
				"down": {"uv": [0, 0.6, 0.6, 1.2], "texture": "#2"}
			}
		},
		{
			"from": [8.9, -0.4, 1.7],
			"to": [9.3, 0.1, 2.1],
			"rotation": {"angle": -45, "axis": "x", "origin": [9.1, -0.15, 1.05]},
			"faces": {
				"north": {"uv": [0, 0.2, 0.4, 0.7], "texture": "#1"},
				"east": {"uv": [0, 0.2, 0.4, 0.7], "texture": "#1"},
				"south": {"uv": [0, 0.2, 0.4, 0.7], "texture": "#1"},
				"west": {"uv": [0, 0.2, 0.4, 0.7], "texture": "#1"},
				"up": {"uv": [0, 0.4, 0.4, 0.8], "texture": "#missing"},
				"down": {"uv": [0, 0.4, 0.4, 0.8], "texture": "#2"}
			}
		},
		{
			"from": [6.6, 0.8, 0.6],
			"to": [7.6, 2.1, 1.6],
			"rotation": {"angle": 0, "axis": "y", "origin": [-2.4, 14.1, 0]},
			"faces": {
				"north": {"uv": [0, 1, 1, 2.3], "texture": "#1"},
				"east": {"uv": [0, 1, 1, 2.3], "texture": "#1"},
				"south": {"uv": [0, 1, 1, 2.3], "texture": "#1"},
				"west": {"uv": [0, 1, 1, 2.3], "texture": "#1"},
				"up": {"uv": [0, 1, 1, 2], "texture": "#missing"},
				"down": {"uv": [0, 1, 1, 2], "texture": "#2"}
			}
		},
		{
			"from": [6.7, 0.5, 0.8],
			"to": [7.5, 1.3, 1.6],
			"rotation": {"angle": -22.5, "axis": "x", "origin": [7.1, 0.85, 1.05]},
			"faces": {
				"north": {"uv": [0, 0.5, 0.8, 1.3], "texture": "#1"},
				"east": {"uv": [0, 0.5, 0.8, 1.3], "texture": "#1"},
				"south": {"uv": [0, 0.5, 0.8, 1.3], "texture": "#1"},
				"west": {"uv": [0, 0.5, 0.8, 1.3], "texture": "#1"},
				"up": {"uv": [0, 0.8, 0.8, 1.6], "texture": "#missing"},
				"down": {"uv": [0, 0.8, 0.8, 1.6], "texture": "#2"}
			}
		},
		{
			"from": [6.8, -0.2, 1.6],
			"to": [7.4, 0.7, 2.2],
			"rotation": {"angle": -45, "axis": "x", "origin": [7.1, -0.15, 1.05]},
			"faces": {
				"north": {"uv": [0, 0.6, 0.6, 1.5], "texture": "#1"},
				"east": {"uv": [0, 0.6, 0.6, 1.5], "texture": "#1"},
				"south": {"uv": [0, 0.6, 0.6, 1.5], "texture": "#1"},
				"west": {"uv": [0, 0.6, 0.6, 1.5], "texture": "#1"},
				"up": {"uv": [0, 0.6, 0.6, 1.2], "texture": "#missing"},
				"down": {"uv": [0, 0.6, 0.6, 1.2], "texture": "#2"}
			}
		},
		{
			"from": [6.9, -0.4, 1.7],
			"to": [7.3, 0.1, 2.1],
			"rotation": {"angle": -45, "axis": "x", "origin": [7.1, -0.15, 1.05]},
			"faces": {
				"north": {"uv": [0, 0.2, 0.4, 0.7], "texture": "#1"},
				"east": {"uv": [0, 0.2, 0.4, 0.7], "texture": "#1"},
				"south": {"uv": [0, 0.2, 0.4, 0.7], "texture": "#1"},
				"west": {"uv": [0, 0.2, 0.4, 0.7], "texture": "#1"},
				"up": {"uv": [0, 0.4, 0.4, 0.8], "texture": "#missing"},
				"down": {"uv": [0, 0.4, 0.4, 0.8], "texture": "#2"}
			}
		},
		{
			"from": [4.6, 0.8, 0.6],
			"to": [5.6, 2.1, 1.6],
			"rotation": {"angle": 0, "axis": "y", "origin": [-4.4, 14.1, 0]},
			"faces": {
				"north": {"uv": [0, 1, 1, 2.3], "texture": "#1"},
				"east": {"uv": [0, 1, 1, 2.3], "texture": "#1"},
				"south": {"uv": [0, 1, 1, 2.3], "texture": "#1"},
				"west": {"uv": [0, 1, 1, 2.3], "texture": "#1"},
				"up": {"uv": [0, 1, 1, 2], "texture": "#missing"},
				"down": {"uv": [0, 1, 1, 2], "texture": "#2"}
			}
		},
		{
			"from": [4.7, 0.5, 0.8],
			"to": [5.5, 1.3, 1.6],
			"rotation": {"angle": -22.5, "axis": "x", "origin": [5.1, 0.85, 1.05]},
			"faces": {
				"north": {"uv": [0, 0.5, 0.8, 1.3], "texture": "#1"},
				"east": {"uv": [0, 0.5, 0.8, 1.3], "texture": "#1"},
				"south": {"uv": [0, 0.5, 0.8, 1.3], "texture": "#1"},
				"west": {"uv": [0, 0.5, 0.8, 1.3], "texture": "#1"},
				"up": {"uv": [0, 0.8, 0.8, 1.6], "texture": "#missing"},
				"down": {"uv": [0, 0.8, 0.8, 1.6], "texture": "#2"}
			}
		},
		{
			"from": [4.8, -0.2, 1.6],
			"to": [5.4, 0.7, 2.2],
			"rotation": {"angle": -45, "axis": "x", "origin": [5.1, -0.15, 1.05]},
			"faces": {
				"north": {"uv": [0, 0.6, 0.6, 1.5], "texture": "#1"},
				"east": {"uv": [0, 0.6, 0.6, 1.5], "texture": "#1"},
				"south": {"uv": [0, 0.6, 0.6, 1.5], "texture": "#1"},
				"west": {"uv": [0, 0.6, 0.6, 1.5], "texture": "#1"},
				"up": {"uv": [0, 0.6, 0.6, 1.2], "texture": "#missing"},
				"down": {"uv": [0, 0.6, 0.6, 1.2], "texture": "#2"}
			}
		},
		{
			"from": [4.9, -0.4, 1.7],
			"to": [5.3, 0.1, 2.1],
			"rotation": {"angle": -45, "axis": "x", "origin": [5.1, -0.15, 1.05]},
			"faces": {
				"north": {"uv": [0, 0.2, 0.4, 0.7], "texture": "#1"},
				"east": {"uv": [0, 0.2, 0.4, 0.7], "texture": "#1"},
				"south": {"uv": [0, 0.2, 0.4, 0.7], "texture": "#1"},
				"west": {"uv": [0, 0.2, 0.4, 0.7], "texture": "#1"},
				"up": {"uv": [0, 0.4, 0.4, 0.8], "texture": "#missing"},
				"down": {"uv": [0, 0.4, 0.4, 0.8], "texture": "#2"}
			}
		},
		{
			"from": [2.9, -0.4, 1.7],
			"to": [3.3, 0.1, 2.1],
			"rotation": {"angle": -45, "axis": "x", "origin": [3.1, -0.15, 1.05]},
			"faces": {
				"north": {"uv": [0, 0.2, 0.4, 0.7], "texture": "#1"},
				"east": {"uv": [0, 0.2, 0.4, 0.7], "texture": "#1"},
				"south": {"uv": [0, 0.2, 0.4, 0.7], "texture": "#1"},
				"west": {"uv": [0, 0.2, 0.4, 0.7], "texture": "#1"},
				"up": {"uv": [0, 0.4, 0.4, 0.8], "texture": "#missing"},
				"down": {"uv": [0, 0.4, 0.4, 0.8], "texture": "#2"}
			}
		},
		{
			"from": [2.8, -0.2, 1.6],
			"to": [3.4, 0.7, 2.2],
			"rotation": {"angle": -45, "axis": "x", "origin": [3.1, -0.15, 1.05]},
			"faces": {
				"north": {"uv": [0, 0.6, 0.6, 1.5], "texture": "#1"},
				"east": {"uv": [0, 0.6, 0.6, 1.5], "texture": "#1"},
				"south": {"uv": [0, 0.6, 0.6, 1.5], "texture": "#1"},
				"west": {"uv": [0, 0.6, 0.6, 1.5], "texture": "#1"},
				"up": {"uv": [0, 0.6, 0.6, 1.2], "texture": "#missing"},
				"down": {"uv": [0, 0.6, 0.6, 1.2], "texture": "#2"}
			}
		},
		{
			"from": [2.7, 0.5, 0.8],
			"to": [3.5, 1.3, 1.6],
			"rotation": {"angle": -22.5, "axis": "x", "origin": [3.1, 0.85, 1.05]},
			"faces": {
				"north": {"uv": [0, 0.5, 0.8, 1.3], "texture": "#1"},
				"east": {"uv": [0, 0.5, 0.8, 1.3], "texture": "#1"},
				"south": {"uv": [0, 0.5, 0.8, 1.3], "texture": "#1"},
				"west": {"uv": [0, 0.5, 0.8, 1.3], "texture": "#1"},
				"up": {"uv": [0, 0.8, 0.8, 1.6], "texture": "#missing"},
				"down": {"uv": [0, 0.8, 0.8, 1.6], "texture": "#2"}
			}
		},
		{
			"from": [2.6, 0.8, 0.6],
			"to": [3.6, 2.1, 1.6],
			"rotation": {"angle": 0, "axis": "y", "origin": [-6.4, 14.1, 0]},
			"faces": {
				"north": {"uv": [0, 1, 1, 2.3], "texture": "#1"},
				"east": {"uv": [0, 1, 1, 2.3], "texture": "#1"},
				"south": {"uv": [0, 1, 1, 2.3], "texture": "#1"},
				"west": {"uv": [0, 1, 1, 2.3], "texture": "#1"},
				"up": {"uv": [0, 1, 1, 2], "texture": "#missing"},
				"down": {"uv": [0, 1, 1, 2], "texture": "#2"}
			}
		},
		{
			"from": [3.4, 1.7, 3.4],
			"to": [12.4, 1.9, 12],
			"rotation": {"angle": 0, "axis": "y", "origin": [0.4, 0, 0]},
			"faces": {
				"north": {"uv": [0, 0, 9, 0.2], "texture": "#3"},
				"east": {"uv": [0, 0, 8.6, 0.2], "texture": "#3"},
				"south": {"uv": [0, 0, 9, 0.2], "texture": "#3"},
				"west": {"uv": [0, 0, 8.6, 0.2], "texture": "#3"},
				"up": {"uv": [0, 0, 9, 8.6], "texture": "#3"},
				"down": {"uv": [0, 0, 9, 8.6], "texture": "#3"}
			}
		}
	],
	"display": {
		"thirdperson_righthand": {
			"rotation": [90, 0, 0],
			"translation": [-6, 20.25, 28.75],
			"scale": [3, 3, 3]
		},
		"thirdperson_lefthand": {
			"rotation": [90, 0, 0],
			"translation": [-6, 20.25, 28.75],
			"scale": [3, 3, 3]
		}
	}
}
