{
	"textures": {
		"0": "block/white_wool",
		"1": "block/orange_wool",
		"2": "block/black_wool",
		"3": "block/snow",
		"particle": "block/white_wool"
	},
	"elements": [
		{
			"from": [0, 0, 0],
			"to": [16, 1, 15],
			"faces": {
				"north": {"uv": [0, 0, 16, 1], "texture": "#3"},
				"east": {"uv": [0, 0, 15, 1], "texture": "#3"},
				"south": {"uv": [0, 0, 16, 1], "texture": "#3"},
				"west": {"uv": [0, 0, 15, 1], "texture": "#3"},
				"up": {"uv": [0, 0, 16, 15], "texture": "#3"},
				"down": {"uv": [0, 0, 16, 15], "texture": "#3"}
			}
		},
		{
			"from": [0, 0, 15],
			"to": [16, 23, 16],
			"faces": {
				"north": {"uv": [0, 0, 16, 16], "texture": "#3"},
				"east": {"uv": [0, 0, 1, 16], "texture": "#3"},
				"south": {"uv": [0, 0, 16, 16], "texture": "#3"},
				"west": {"uv": [0, 0, 1, 16], "texture": "#3"},
				"up": {"uv": [0, 0, 16, 1], "texture": "#3"},
				"down": {"uv": [0, 0, 16, 1], "texture": "#3"}
			}
		},
		{
			"from": [1, 1, 0],
			"to": [15, 2, 1],
			"faces": {
				"north": {"uv": [0, 0, 14, 1], "texture": "#3"},
				"east": {"uv": [0, 0, 1, 1], "texture": "#3"},
				"south": {"uv": [0, 0, 14, 1], "texture": "#3"},
				"west": {"uv": [0, 0, 1, 1], "texture": "#3"},
				"up": {"uv": [0, 0, 14, 1], "texture": "#3"},
				"down": {"uv": [0, 0, 14, 1], "texture": "#3"}
			}
		},
		{
			"from": [1, 23, 0],
			"to": [15, 24, 15],
			"faces": {
				"north": {"uv": [0, 0, 14, 1], "texture": "#3"},
				"east": {"uv": [0, 0, 15, 1], "texture": "#3"},
				"south": {"uv": [0, 0, 14, 1], "texture": "#3"},
				"west": {"uv": [0, 0, 15, 1], "texture": "#3"},
				"up": {"uv": [0, 0, 14, 15], "texture": "#3"},
				"down": {"uv": [0, 0, 14, 15], "texture": "#3"}
			}
		},
		{
			"from": [1, 14, 0],
			"to": [15, 17, 15],
			"faces": {
				"north": {"uv": [0, 0, 14, 3], "texture": "#3"},
				"east": {"uv": [0, 0, 15, 3], "texture": "#3"},
				"south": {"uv": [0, 0, 14, 3], "texture": "#3"},
				"west": {"uv": [0, 0, 15, 3], "texture": "#3"},
				"up": {"uv": [0, 0, 14, 15], "texture": "#3"},
				"down": {"uv": [0, 0, 14, 15], "texture": "#3"}
			}
		},
		{
			"from": [0, 17, 0],
			"to": [16, 23, 1],
			"faces": {
				"north": {"uv": [0, 0, 16, 6], "texture": "#3"},
				"east": {"uv": [0, 0, 1, 6], "texture": "#3"},
				"south": {"uv": [0, 0, 16, 6], "texture": "#3"},
				"west": {"uv": [0, 0, 1, 6], "texture": "#3"},
				"up": {"uv": [0, 0, 16, 1], "texture": "#3"},
				"down": {"uv": [0, 0, 16, 1], "texture": "#3"}
			}
		},
		{
			"from": [-2, 18, -2],
			"to": [3, 23, 3],
			"faces": {
				"north": {"uv": [0, 0, 5, 5], "texture": "#0"},
				"east": {"uv": [0, 0, 5, 5], "texture": "#0"},
				"south": {"uv": [0, 0, 5, 5], "texture": "#0"},
				"west": {"uv": [0, 0, 5, 5], "texture": "#0"},
				"up": {"uv": [0, 0, 5, 5], "texture": "#0"},
				"down": {"uv": [0, 0, 5, 5], "texture": "#0"}
			}
		},
		{
			"from": [15, 19, -2.25],
			"to": [17, 21, -2],
			"faces": {
				"north": {"uv": [0, 0, 2, 2], "texture": "#2"},
				"east": {"uv": [0, 0, 0.25, 2], "texture": "#2"},
				"south": {"uv": [0, 0, 2, 2], "texture": "#2"},
				"west": {"uv": [0, 0, 0.25, 2], "texture": "#2"},
				"up": {"uv": [0, 0, 2, 0.25], "texture": "#2"},
				"down": {"uv": [0, 0, 2, 0.25], "texture": "#2"}
			}
		},
		{
			"from": [-1, 20, -2.25],
			"to": [1, 22, -2],
			"faces": {
				"north": {"uv": [0, 0, 2, 2], "texture": "#2"},
				"east": {"uv": [0, 0, 0.25, 2], "texture": "#2"},
				"south": {"uv": [0, 0, 2, 2], "texture": "#2"},
				"west": {"uv": [0, 0, 0.25, 2], "texture": "#2"},
				"up": {"uv": [0, 0, 2, 0.25], "texture": "#2"},
				"down": {"uv": [0, 0, 2, 0.25], "texture": "#2"}
			}
		},
		{
			"from": [13, 18, -2],
			"to": [18, 23, 3],
			"faces": {
				"north": {"uv": [0, 0, 5, 5], "texture": "#0"},
				"east": {"uv": [0, 0, 5, 5], "texture": "#0"},
				"south": {"uv": [0, 0, 5, 5], "texture": "#0"},
				"west": {"uv": [0, 0, 5, 5], "texture": "#0"},
				"up": {"uv": [0, 0, 5, 5], "texture": "#0"},
				"down": {"uv": [0, 0, 5, 5], "texture": "#0"}
			}
		},
		{
			"from": [6, 15, -4],
			"to": [10, 18, 1],
			"faces": {
				"north": {"uv": [0, 0, 4, 3], "texture": "#1"},
				"east": {"uv": [0, 0, 5, 3], "texture": "#1"},
				"south": {"uv": [0, 0, 4, 3], "texture": "#1"},
				"west": {"uv": [0, 0, 5, 3], "texture": "#1"},
				"up": {"uv": [0, 0, 4, 5], "texture": "#1"},
				"down": {"uv": [0, 0, 4, 5], "texture": "#1"}
			}
		},
		{
			"from": [6.5, 15.5, -8],
			"to": [9.5, 17.5, -4],
			"faces": {
				"north": {"uv": [0, 0, 3, 2], "texture": "#1"},
				"east": {"uv": [0, 0, 4, 2], "texture": "#1"},
				"south": {"uv": [0, 0, 3, 2], "texture": "#1"},
				"west": {"uv": [0, 0, 4, 2], "texture": "#1"},
				"up": {"uv": [0, 0, 3, 4], "texture": "#1"},
				"down": {"uv": [0, 0, 3, 4], "texture": "#1"}
			}
		},
		{
			"from": [14, 2, 0],
			"to": [15, 3, 1],
			"faces": {
				"north": {"uv": [0, 0, 1, 1], "texture": "#3"},
				"east": {"uv": [0, 0, 1, 1], "texture": "#3"},
				"south": {"uv": [0, 0, 1, 1], "texture": "#3"},
				"west": {"uv": [0, 0, 1, 1], "texture": "#3"},
				"up": {"uv": [0, 0, 1, 1], "texture": "#3"},
				"down": {"uv": [0, 0, 1, 1], "texture": "#3"}
			}
		},
		{
			"from": [1, 2, 0],
			"to": [2, 3, 1],
			"faces": {
				"north": {"uv": [0, 0, 1, 1], "texture": "#3"},
				"east": {"uv": [0, 0, 1, 1], "texture": "#3"},
				"south": {"uv": [0, 0, 1, 1], "texture": "#3"},
				"west": {"uv": [0, 0, 1, 1], "texture": "#3"},
				"up": {"uv": [0, 0, 1, 1], "texture": "#3"},
				"down": {"uv": [0, 0, 1, 1], "texture": "#3"}
			}
		},
		{
			"from": [15, 1, 0],
			"to": [16, 15, 15],
			"faces": {
				"north": {"uv": [0, 0, 1, 14], "texture": "#3"},
				"east": {"uv": [0, 0, 15, 14], "texture": "#3"},
				"south": {"uv": [0, 0, 1, 14], "texture": "#3"},
				"west": {"uv": [0, 0, 15, 14], "texture": "#3"},
				"up": {"uv": [0, 0, 1, 15], "texture": "#3"},
				"down": {"uv": [0, 0, 1, 15], "texture": "#3"}
			}
		},
		{
			"from": [0, 1, 0],
			"to": [1, 15, 15],
			"faces": {
				"north": {"uv": [0, 0, 1, 14], "texture": "#3"},
				"east": {"uv": [0, 0, 15, 14], "texture": "#3"},
				"south": {"uv": [0, 0, 1, 14], "texture": "#3"},
				"west": {"uv": [0, 0, 15, 14], "texture": "#3"},
				"up": {"uv": [0, 0, 1, 15], "texture": "#3"},
				"down": {"uv": [0, 0, 1, 15], "texture": "#3"}
			}
		},
		{
			"from": [15, 15, 1],
			"to": [16, 23, 15],
			"faces": {
				"north": {"uv": [0, 0, 1, 8], "texture": "#3"},
				"east": {"uv": [0, 0, 14, 8], "texture": "#3"},
				"south": {"uv": [0, 0, 1, 8], "texture": "#3"},
				"west": {"uv": [0, 0, 14, 8], "texture": "#3"},
				"up": {"uv": [0, 0, 1, 14], "texture": "#3"},
				"down": {"uv": [0, 0, 1, 14], "texture": "#3"}
			}
		},
		{
			"from": [0, 15, 1],
			"to": [1, 23, 15],
			"faces": {
				"north": {"uv": [0, 0, 1, 8], "texture": "#3"},
				"east": {"uv": [0, 0, 14, 8], "texture": "#3"},
				"south": {"uv": [0, 0, 1, 8], "texture": "#3"},
				"west": {"uv": [0, 0, 14, 8], "texture": "#3"},
				"up": {"uv": [0, 0, 1, 14], "texture": "#3"},
				"down": {"uv": [0, 0, 1, 14], "texture": "#3"}
			}
		}
	],
	"display": {
		"thirdperson_righthand": {
			"rotation": [1, 0, 0]
		}
	}
}
